id,title,description,price_usd,location,area_sqm,bedrooms,bathrooms,property_type,condition,features,date_posted,seller_name,seller_phone,source,ownership_type,utilities,floor,latitude,longitude,price_per_sqm_usd,area_class,main_image,gallery_images
1,شقة Luxurious Tower ماروتا سيتي,شقة Luxurious Tower ماروتا سيتي - 155 م² - 3 غرف,201500,ماروتا سيتي,155,3,1,شقة,جديد,"مصعد, تدفئة",2025-11-15,بائع_حقيقي_1,961321927,ماروتا سيتي,طابو أخضر,كهرباء دولة,ثالث,33.498886,36.294369,1300,متوسطة-راقية,property_images/apartment_interior.jpg,property_images/apartment_interior.jpg|property_images/bedroom.jpg|property_images/house_traditional.jpg
2,شقة Luxurious Tower 200م² ماروتا سيتي,شقة Luxurious Tower 200م² ماروتا سيتي - 200 م² - 3 غرف,310000,ماروتا سيتي,200,3,1,شقة,جديد,"مصعد, تدفئة",2025-11-15,بائع_حقيقي_2,958613182,ماروتا سيتي,طابو أخضر,كهرباء دولة,رابع,33.499058,36.294452,1550,متوسطة-راقية,property_images/apartment_modern.jpg,property_images/building_needs_renovation.jpg|property_images/villa_modern.jpg|property_images/building_new_construction.jpg
3,شقة Luxurious Tower 275م² ماروتا سيتي,شقة Luxurious Tower 275م² ماروتا سيتي - 275 م² - 3 غرف,481250,ماروتا سيتي,275,3,2,شقة,جديد,"مصعد, تدفئة",2025-11-15,بائع_حقيقي_3,992188869,ماروتا سيتي,طابو أخضر,كهرباء دولة,رابع,33.499786,36.295837,1750,متوسطة-راقية,property_images/bedroom.jpg,property_images/apartment_interior.jpg|property_images/apartment_modern.jpg|property_images/apartment_street.jpg
4,شقة Nova Tower ماروتا سيتي 191م²,شقة Nova Tower ماروتا سيتي 191م² - 191 م² - 3 غرف,353350,ماروتا سيتي,191,3,1,شقة,جديد,"مصعد, تدفئة",2025-11-15,بائع_حقيقي_4,937102161,ماروتا سيتي,طابو أخضر,كهرباء دولة,ثاني,33.499679,36.293414,1850,متوسطة-راقية,property_images/apartment_economy.jpg,property_images/apartment_modern.jpg|property_images/building_needs_renovation.jpg|property_images/townhouse.jpg
5,شقة مشروع دمر الجزيرة 16,شقة مشروع دمر الجزيرة 16 - 165 م² - 3 غرف,215000,مشروع دمر,165,3,3,شقة,ممتاز,"مصعد, تدفئة",2025-11-15,بائع_حقيقي_5,932292735,سوق.كوم,طابو نظامي,كهرباء دولة,رابع,33.50314,36.314163,1303,متوسطة,property_images/apartment_luxury.jpg,property_images/villa_modern.jpg|property_images/apartment_luxury.jpg|property_images/building_needs_renovation.jpg
6,شقة فاخرة المهاجرين,شقة فاخرة المهاجرين - 180 م² - 2 غرف,600000,المهاجرين,180,2,2,شقة,كالجديد,"مصعد, تدفئة",2025-11-15,بائع_حقيقي_6,973551188,بيوت شام,طابو أخضر,كهرباء دولة,ثاني,33.507941,36.270447,3333,راقية,property_images/apartment_street.jpg,property_images/villa_interior.jpg|property_images/townhouse.jpg|property_images/apartment_interior.jpg
7,شقة فاخرة المالكي الغربي,شقة فاخرة المالكي الغربي - 250 م² - 3 غرف,1000000,المالكي,250,3,2,شقة,جديد,"مصعد, تدفئة",2025-11-15,بائع_حقيقي_7,978253327,إمتلاك,طابو أخضر,كهرباء دولة,ثاني,33.5052,36.276094,4000,فاخرة,property_images/apartment_kitchen.jpg,property_images/apartment_modern.jpg|property_images/villa_interior.jpg|property_images/apartment_street.jpg
8,بيت عربي باب سرجة دمشق القديمة,بيت عربي باب سرجة دمشق القديمة - 240 م² - 14 غرف,1000000,باب توما,240,14,4,بيت عربي,يحتاج ترميم,"مصعد, تدفئة",2025-11-15,بائع_حقيقي_8,973494865,بيوتنا,سجل عقاري,كهرباء دولة,رابع,33.511479,36.299139,4167,متوسطة,property_images/house_traditional.jpg,property_images/house_traditional.jpg|property_images/duplex_interior.jpg|property_images/townhouse.jpg
9,شقة فاخرة في أبو رمانة,شقة فاخرة في أبو رمانة - 220 م² - 3 غرف,625000,أبو رمانة,220,3,2,شقة,جديد,"مصعد, تدفئة",2025-11-15,بائع_حقيقي_9,965834017,buysham.com,طابو أخضر,كهرباء دولة,ثالث,33.512179,36.285194,2841,فاخرة,property_images/apartment_street.jpg,property_images/apartment_interior.jpg|property_images/house_traditional.jpg|property_images/building_needs_renovation.jpg
10,شقة في القصاع دمشق,شقة في القصاع دمشق - 140 م² - 2 غرف,280000,القصاع,140,2,2,شقة,ممتاز,"مصعد, تدفئة",2025-11-15,بائع_حقيقي_10,938639096,buysham.com,سجل عقاري,كهرباء دولة,رابع,33.512853,36.272964,2000,متوسطة-راقية,property_images/apartment_economy.jpg,property_images/bedroom.jpg|property_images/villa_modern.jpg|property_images/townhouse.jpg
11,شقة في المزة 110م²,شقة في المزة 110م² - 110 م² - 3 غرف,298000,المزة,110,3,2,شقة,ممتاز,"مصعد, تدفئة",2025-11-15,بائع_حقيقي_11,977471088,beotna.com,طابو نظامي,كهرباء دولة,رابع,33.502249,36.260399,2709,متوسطة-راقية,property_images/apartment_economy.jpg,property_images/apartment_street.jpg|property_images/apartment_economy.jpg|property_images/villa_modern.jpg
12,شقة في برزة 125م²,شقة في برزة 125م² - 125 م² - 3 غرف,173000,برزة,125,3,2,شقة,جيد,"مصعد, تدفئة",2025-11-15,بائع_حقيقي_12,969102576,beotna.com,حكم محكمة,كهرباء دولة,رابع,33.527492,36.299725,1384,اقتصادية,property_images/apartment_interior.jpg,property_images/house_traditional.jpg|property_images/building_needs_renovation.jpg|property_images/villa_modern.jpg
13,شقة في الشعلان 175م²,شقة في الشعلان 175م² - 175 م² - 3 غرف,230000,الشعلان,175,3,2,شقة,ممتاز,"مصعد, تدفئة",2025-11-15,بائع_حقيقي_13,987707510,buysham.com,طابو أخضر,كهرباء دولة,رابع,33.508682,36.288117,1314,متوسطة-راقية,property_images/bedroom.jpg,property_images/bedroom.jpg|property_images/apartment_interior.jpg|property_images/apartment_kitchen.jpg
14,شقة في الشعلان 130م²,شقة في الشعلان 130م² - 130 م² - 3 غرف,300000,الشعلان,130,3,2,شقة,جديد,"مصعد, تدفئة",2025-11-15,بائع_حقيقي_14,948337926,beotna.com,سجل عقاري,كهرباء دولة,ثاني,33.510072,36.286493,2308,متوسطة-راقية,property_images/apartment_street.jpg,property_images/villa_interior.jpg|property_images/duplex_interior.jpg|property_images/apartment_kitchen.jpg
15,شقة في برزة 185م²,شقة في برزة 185م² - 185 م² - 3 غرف,228000,برزة,185,3,2,شقة,جيد,"مصعد, تدفئة",2025-11-15,بائع_حقيقي_15,966932487,beotna.com,طابو نظامي,كهرباء دولة,ثالث,33.523034,36.299413,1232,اقتصادية,property_images/apartment_kitchen.jpg,property_images/apartment_interior.jpg|property_images/townhouse.jpg|property_images/house_traditional.jpg
16,شقة في برزة 105م²,شقة في برزة 105م² - 105 م² - 2 غرف,190000,برزة,105,2,1,شقة,ممتاز,"مصعد, تدفئة",2025-11-15,بائع_حقيقي_16,957243357,buysham.com,حكم محكمة,كهرباء دولة,رابع,33.523366,36.299575,1810,اقتصادية,property_images/apartment_luxury.jpg,property_images/building_needs_renovation.jpg|property_images/building_new_construction.jpg|property_images/apartment_economy.jpg
17,بيت في أبو رمانة,"بيت سكني تقليدي في حي أبو رمانة - مساحة 134 م² - 3 غرف, 1 حمامات. الحالة: جيد. الملكية: طابو أخضر. الطابق: رابع. المميزات: كهرباء دولة, مكيف, إنترنت, موقف سيارات, طاقة شمسية, قرب مستشفى",399200,أبو رمانة,134,3,1,بيت,جيد,"كهرباء دولة, مكيف, إنترنت, موقف سيارات, طاقة شمسية, قرب مستشفى",2025-11-06,بائع_155,997108203,إمتلاك,طابو أخضر,كهرباء دولة,رابع,33.509856,36.287007,2979,فاخرة,property_images/building_needs_renovation.jpg,property_images/house_traditional.jpg|property_images/apartment_interior.jpg|property_images/townhouse.jpg
18,بيت عربي في أبو رمانة,"بيت عربي بقاعة داخلية واسعة في حي أبو رمانة - مساحة 198 م² - 3 غرف, 2 حمامات. الحالة: ممتاز. الملكية: حكم محكمة. الطابق: أرضي. المميزات: حارس أمن, قرب مدرسة",527100,أبو رمانة,198,3,2,بيت عربي,ممتاز,"حارس أمن, قرب مدرسة",2026-02-07,بائع_105,963629959,دوشيش,حكم محكمة,كهرباء دولة,أرضي,33.510723,36.288076,2662,فاخرة,property_images/house_traditional.jpg,property_images/apartment_kitchen.jpg|property_images/villa_modern.jpg|property_images/apartment_luxury.jpg
19,شقة في أبو رمانة,"شقة سكنية في بناء سكني في حي أبو رمانة - مساحة 118 م² - 4 غرف, 2 حمامات. الحالة: يحتاج ترميم. الملكية: طابو أخضر. الطابق: ثاني. المميزات: مصعد, حديقة",305000,أبو رمانة,118,4,2,شقة,يحتاج ترميم,"مصعد, حديقة",2026-01-12,بائع_283,984688153,سوق.كوم,طابو أخضر,طاقة شمسية,ثاني,33.504761,36.286644,2585,فاخرة,property_images/apartment_street.jpg,property_images/house_traditional.jpg|property_images/apartment_interior.jpg|property_images/bedroom.jpg
20,شقة في أبو رمانة,"شقة سكنية في بناء سكني في حي أبو رمانة - مساحة 123 م² - 2 غرف, 1 حمامات. الحالة: يحتاج ترميم. الملكية: حكم محكمة. الطابق: ثاني. المميزات: قرب مستشفى, قرب مدرسة, مكيف, مرآب",246900,أبو رمانة,123,2,1,شقة,يحتاج ترميم,"قرب مستشفى, قرب مدرسة, مكيف, مرآب",2026-04-25,بائع_184,956815198,بيوتنا,حكم محكمة,كهرباء دولة,ثاني,33.510184,36.281025,2007,فاخرة,property_images/apartment_economy.jpg,property_images/house_traditional.jpg|property_images/building_new_construction.jpg|property_images/villa_modern.jpg
21,بيت في أبو رمانة,"بيت سكني تقليدي في حي أبو رمانة - مساحة 103 م² - 2 غرف, 1 حمامات. الحالة: ممتاز. الملكية: حكم محكمة. الطابق: أرضي. المميزات: بلكونة, شارع رئيسي, مرآب",291900,أبو رمانة,103,2,1,بيت,ممتاز,"بلكونة, شارع رئيسي, مرآب",2026-01-20,بائع_128,964266931,ماروتا سيتي,حكم محكمة,كهرباء دولة,أرضي,33.512956,36.283963,2834,فاخرة,property_images/building_needs_renovation.jpg,property_images/apartment_economy.jpg|property_images/bedroom.jpg|property_images/house_traditional.jpg
22,بيت قديم في أبو رمانة,"بيت تراثي دمشقي قديم في حي أبو رمانة - مساحة 71 م² - 3 غرف, 1 حمامات. الحالة: ممتاز. الملكية: طابو أخضر. الطابق: أرضي. المميزات: شبابيك دبل غلاس, إنترنت, بئر مياه خاص",168400,أبو رمانة,71,3,1,بيت قديم,ممتاز,"شبابيك دبل غلاس, إنترنت, بئر مياه خاص",2026-01-23,بائع_169,965172792,ماروتا سيتي,طابو أخضر,كهرباء دولة,أرضي,33.511831,36.285658,2372,فاخرة,property_images/house_traditional.jpg,property_images/house_traditional.jpg|property_images/bedroom.jpg|property_images/apartment_luxury.jpg
23,شقة في أبو رمانة,"شقة سكنية في بناء سكني في حي أبو رمانة - مساحة 101 م² - 3 غرف, 1 حمامات. الحالة: جيد. الملكية: سجل عقاري. الطابق: رابع. المميزات: كهرباء دولة, بلكونة",308400,أبو رمانة,101,3,1,شقة,جيد,"كهرباء دولة, بلكونة",2026-02-06,بائع_161,985735656,إكار,سجل عقاري,كهرباء دولة,رابع,33.510194,36.286937,3053,فاخرة,property_images/apartment_luxury.jpg,property_images/apartment_luxury.jpg|property_images/apartment_kitchen.jpg|property_images/villa_interior.jpg
24,شقة في أبو رمانة,"شقة سكنية في بناء سكني في حي أبو رمانة - مساحة 95 م² - 1 غرف, 2 حمامات. الحالة: مقبول. الملكية: طابو أخضر. الطابق: ثالث. المميزات: شقة مفروشة, قرب مدرسة",239400,أبو رمانة,95,1,2,شقة,مقبول,"شقة مفروشة, قرب مدرسة",2025-11-16,بائع_170,970795612,ماروتا سيتي,طابو أخضر,"كهرباء دولة, طاقة شمسية",ثالث,33.509216,36.282073,2520,فاخرة,property_images/apartment_interior.jpg,property_images/house_traditional.jpg|property_images/building_needs_renovation.jpg|property_images/apartment_interior.jpg
25,شقة في أبو رمانة,"شقة سكنية في بناء سكني في حي أبو رمانة - مساحة 130 م² - 4 غرف, 2 حمامات. الحالة: يحتاج ترميم. الملكية: سجل عقاري. الطابق: سادس. المميزات: بئر مياه خاص, قرب مدرسة, مكيف, أثاث, مرآب",278700,أبو رمانة,130,4,2,شقة,يحتاج ترميم,"بئر مياه خاص, قرب مدرسة, مكيف, أثاث, مرآب",2025-11-29,بائع_292,968525800,إكار,سجل عقاري,غير محدد,سادس,33.51001,36.284531,2144,فاخرة,property_images/apartment_kitchen.jpg,property_images/apartment_street.jpg|property_images/duplex_interior.jpg|property_images/apartment_kitchen.jpg
26,محل تجاري في أبو رمانة,"محل تجاري أو مكتب في حي أبو رمانة - مساحة 30 م² - 1 غرف, 1 حمامات. الحالة: ممتاز. الملكية: طابو نظامي. الطابق: ثاني. المميزات: شبابيك دبل غلاس, أثاث, شقة مفروشة, أبواب حديدية, بلكونة",110200,أبو رمانة,30,1,1,محل تجاري,ممتاز,"شبابيك دبل غلاس, أثاث, شقة مفروشة, أبواب حديدية, بلكونة",2025-11-24,بائع_172,941958179,ماروتا سيتي,طابو نظامي,كهرباء دولة,ثاني,33.509315,36.283395,3673,فاخرة,property_images/building_new_construction.jpg,property_images/villa_modern.jpg|property_images/apartment_kitchen.jpg|property_images/bedroom.jpg
27,شقة في أبو رمانة,"شقة سكنية في بناء سكني في حي أبو رمانة - مساحة 114 م² - 2 غرف, 1 حمامات. الحالة: ممتاز. الملكية: كاتب عدل. الطابق: أول. المميزات: طاقة شمسية, أبواب حديدية",382100,أبو رمانة,114,2,1,شقة,ممتاز,"طاقة شمسية, أبواب حديدية",2025-12-09,بائع_100,979618392,دوشيش,كاتب عدل,كهرباء دولة,أول,33.513772,36.285349,3352,فاخرة,property_images/bedroom.jpg,property_images/house_traditional.jpg|property_images/building_new_construction.jpg|property_images/townhouse.jpg
28,شقة في أبو رمانة,"شقة سكنية في بناء سكني في حي أبو رمانة - مساحة 129 م² - 1 غرف, 2 حمامات. الحالة: جيد. الملكية: طابو أخضر. الطابق: أرضي. المميزات: بلكونة, شقة مفروشة, شبابيك دبل غلاس",386700,أبو رمانة,129,1,2,شقة,جيد,"بلكونة, شقة مفروشة, شبابيك دبل غلاس",2026-04-04,بائع_234,947940346,دوشيش,طابو أخضر,كهرباء دولة,أرضي,33.506162,36.284947,2998,فاخرة,property_images/apartment_luxury.jpg,property_images/house_traditional.jpg|property_images/building_new_construction.jpg|property_images/apartment_street.jpg
29,بيت في أبو رمانة,"بيت سكني تقليدي في حي أبو رمانة - مساحة 111 م² - 2 غرف, 2 حمامات. الحالة: يحتاج ترميم. الملكية: حكم محكمة. الطابق: رابع. المميزات: شبابيك دبل غلاس, بلكونة, أبواب حديدية, شارع رئيسي, كهرباء دولة, طاقة شمسية",245300,أبو رمانة,111,2,2,بيت,يحتاج ترميم,"شبابيك دبل غلاس, بلكونة, أبواب حديدية, شارع رئيسي, كهرباء دولة, طاقة شمسية",2025-11-26,بائع_123,965561239,سوق.كوم,حكم محكمة,غير محدد,رابع,33.509615,36.285603,2210,فاخرة,property_images/building_needs_renovation.jpg,property_images/apartment_luxury.jpg|property_images/building_needs_renovation.jpg|property_images/apartment_interior.jpg
30,بيت قديم في أبو رمانة,"بيت تراثي دمشقي قديم في حي أبو رمانة - مساحة 98 م² - 4 غرف, 1 حمامات. الحالة: كالجديد. الملكية: طابو نظامي. الطابق: ملحق. المميزات: مكيف, طاقة شمسية, غاز مركزي",234500,أبو رمانة,98,4,1,بيت قديم,كالجديد,"مكيف, طاقة شمسية, غاز مركزي",2026-01-19,بائع_209,972668969,دوشيش,طابو نظامي,"كهرباء دولة, طاقة شمسية",ملحق,33.512286,36.286504,2393,فاخرة,property_images/building_needs_renovation.jpg,property_images/apartment_modern.jpg|property_images/apartment_kitchen.jpg|property_images/duplex_interior.jpg
31,منزل في أبو رمانة,"منزل سكني عائلي في حي أبو رمانة - مساحة 195 م² - 2 غرف, 3 حمامات. الحالة: كالجديد. الملكية: سجل عقاري. الطابق: أول. المميزات: أبواب حديدية, مصعد, إنترنت, بئر مياه خاص, غاز مركزي",582600,أبو رمانة,195,2,3,منزل,كالجديد,"أبواب حديدية, مصعد, إنترنت, بئر مياه خاص, غاز مركزي",2025-12-02,بائع_113,992330080,بيوت شام,سجل عقاري,كهرباء دولة,أول,33.512806,36.282196,2988,فاخرة,property_images/duplex_interior.jpg,property_images/apartment_luxury.jpg|property_images/apartment_economy.jpg|property_images/villa_interior.jpg
32,منزل في أبو رمانة,"منزل سكني عائلي في حي أبو رمانة - مساحة 186 م² - 5 غرف, 3 حمامات. الحالة: جديد. الملكية: طابو نظامي. الطابق: أرضي. المميزات: شبابيك دبل غلاس, مكيف, قرب مدرسة",890600,أبو رمانة,186,5,3,منزل,جديد,"شبابيك دبل غلاس, مكيف, قرب مدرسة",2025-11-17,بائع_14,940773971,دوشيش,طابو نظامي,غير محدد,أرضي,33.508019,36.283867,4788,فاخرة,property_images/house_traditional.jpg,property_images/townhouse.jpg|property_images/apartment_luxury.jpg|property_images/building_needs_renovation.jpg
33,شقة في أبو رمانة,"شقة سكنية في بناء سكني في حي أبو رمانة - مساحة 123 م² - 4 غرف, 2 حمامات. الحالة: جيد. الملكية: طابو أخضر. الطابق: سادس. المميزات: شبابيك دبل غلاس, حديقة, إطلالة مفتوحة",350000,أبو رمانة,123,4,2,شقة,جيد,"شبابيك دبل غلاس, حديقة, إطلالة مفتوحة",2026-01-18,بائع_130,940593152,سوق.كوم,طابو أخضر,كهرباء دولة,سادس,33.506899,36.285137,2846,فاخرة,property_images/bedroom.jpg,property_images/apartment_street.jpg|property_images/villa_interior.jpg|property_images/apartment_luxury.jpg
34,بيت قديم في أبو رمانة,"بيت تراثي دمشقي قديم في حي أبو رمانة - مساحة 62 م² - 2 غرف, 1 حمامات. الحالة: جديد. الملكية: بدون أوراق. الطابق: أرضي. المميزات: مصعد, طاقة شمسية",147000,أبو رمانة,62,2,1,بيت قديم,جديد,"مصعد, طاقة شمسية",2026-03-05,بائع_65,990801978,سوق.كوم,بدون أوراق,غير محدد,أرضي,33.508161,36.2881,2371,فاخرة,property_images/building_needs_renovation.jpg,property_images/villa_modern.jpg|property_images/apartment_luxury.jpg|property_images/townhouse.jpg
35,منزل في أبو رمانة,"منزل سكني عائلي في حي أبو رمانة - مساحة 124 م² - 4 غرف, 1 حمامات. الحالة: كالجديد. الملكية: حكم محكمة. الطابق: أول. المميزات: إطلالة مفتوحة, حارس أمن, بلكونة, بئر مياه خاص, شارع رئيسي, مصعد",399000,أبو رمانة,124,4,1,منزل,كالجديد,"إطلالة مفتوحة, حارس أمن, بلكونة, بئر مياه خاص, شارع رئيسي, مصعد",2026-01-29,بائع_204,955179688,إكار,حكم محكمة,كهرباء دولة,أول,33.511627,36.282538,3218,فاخرة,property_images/townhouse.jpg,property_images/apartment_interior.jpg|property_images/apartment_luxury.jpg|property_images/apartment_kitchen.jpg
36,بيت قديم في أبو رمانة,"بيت تراثي دمشقي قديم في حي أبو رمانة - مساحة 107 م² - 3 غرف, 1 حمامات. الحالة: جيد. الملكية: طابو أخضر. الطابق: ملحق. المميزات: تدفئة مركزية, إنترنت, قرب مدرسة, مرآب, إطلالة مفتوحة, موقف سيارات",279800,أبو رمانة,107,3,1,بيت قديم,جيد,"تدفئة مركزية, إنترنت, قرب مدرسة, مرآب, إطلالة مفتوحة, موقف سيارات",2026-01-18,بائع_251,943554582,بيوت شام,طابو أخضر,طاقة شمسية,ملحق,33.506785,36.285369,2615,فاخرة,property_images/house_traditional.jpg,property_images/bedroom.jpg|property_images/apartment_street.jpg|property_images/duplex_interior.jpg
37,بيت في أبو رمانة,"بيت سكني تقليدي في حي أبو رمانة - مساحة 117 م² - 2 غرف, 1 حمامات. الحالة: مقبول. الملكية: حكم محكمة. الطابق: رابع. المميزات: شارع رئيسي, كهرباء دولة, قرب مدرسة, أبواب حديدية, شبابيك دبل غلاس, مرآب",271000,أبو رمانة,117,2,1,بيت,مقبول,"شارع رئيسي, كهرباء دولة, قرب مدرسة, أبواب حديدية, شبابيك دبل غلاس, مرآب",2026-04-13,بائع_143,987355709,ماروتا سيتي,حكم محكمة,"كهرباء دولة, طاقة شمسية",رابع,33.507526,36.282359,2316,فاخرة,property_images/building_needs_renovation.jpg,property_images/bedroom.jpg|property_images/duplex_interior.jpg|property_images/apartment_luxury.jpg
38,منزل في أبو رمانة,"منزل سكني عائلي في حي أبو رمانة - مساحة 183 م² - 2 غرف, 2 حمامات. الحالة: جيد. الملكية: سجل عقاري. الطابق: أول. المميزات: بلكونة, أبواب حديدية, أثاث, إنترنت",518100,أبو رمانة,183,2,2,منزل,جيد,"بلكونة, أبواب حديدية, أثاث, إنترنت",2025-11-07,بائع_142,931641722,بيوتنا,سجل عقاري,كهرباء دولة,أول,33.510501,36.285693,2831,فاخرة,property_images/house_traditional.jpg,property_images/building_needs_renovation.jpg|property_images/villa_interior.jpg|property_images/building_new_construction.jpg
39,شقة في أبو رمانة,"شقة سكنية في بناء سكني في حي أبو رمانة - مساحة 96 م² - 2 غرف, 2 حمامات. الحالة: جيد. الملكية: سجل عقاري. الطابق: سادس. المميزات: شبابيك دبل غلاس, مصعد, موقف سيارات, بئر مياه خاص, طاقة شمسية",284000,أبو رمانة,96,2,2,شقة,جيد,"شبابيك دبل غلاس, مصعد, موقف سيارات, بئر مياه خاص, طاقة شمسية",2025-12-08,بائع_189,990680358,إكار,سجل عقاري,طاقة شمسية,سادس,33.510586,36.283571,2958,فاخرة,property_images/apartment_modern.jpg,property_images/apartment_modern.jpg|property_images/apartment_interior.jpg|property_images/building_needs_renovation.jpg
40,شقة في أبو رمانة,"شقة سكنية في بناء سكني في حي أبو رمانة - مساحة 185 م² - 3 غرف, 2 حمامات. الحالة: يحتاج ترميم. الملكية: حكم محكمة. الطابق: ثالث. المميزات: بئر مياه خاص, كهرباء دولة, طاقة شمسية, حارس أمن",406200,أبو رمانة,185,3,2,شقة,يحتاج ترميم,"بئر مياه خاص, كهرباء دولة, طاقة شمسية, حارس أمن",2025-11-10,بائع_95,954326895,إمتلاك,حكم محكمة,كهرباء دولة,ثالث,33.507617,36.286313,2196,فاخرة,property_images/apartment_modern.jpg,property_images/building_new_construction.jpg|property_images/apartment_luxury.jpg|property_images/house_traditional.jpg
41,منزل في أبو رمانة,"منزل سكني عائلي في حي أبو رمانة - مساحة 116 م² - 4 غرف, 1 حمامات. الحالة: جيد. الملكية: بدون أوراق. الطابق: أرضي. المميزات: بئر مياه خاص, طاقة شمسية, إنترنت",270400,أبو رمانة,116,4,1,منزل,جيد,"بئر مياه خاص, طاقة شمسية, إنترنت",2026-04-03,بائع_141,935157174,إكار,بدون أوراق,كهرباء دولة,أرضي,33.512317,36.283359,2331,فاخرة,property_images/duplex_interior.jpg,property_images/bedroom.jpg|property_images/apartment_street.jpg|property_images/duplex_interior.jpg
42,شقة في أبو رمانة,"شقة سكنية في بناء سكني في حي أبو رمانة - مساحة 153 م² - 4 غرف, 1 حمامات. الحالة: يحتاج ترميم. الملكية: حكم محكمة. الطابق: سابع. المميزات: قرب مستشفى, بئر مياه خاص",333600,أبو رمانة,153,4,1,شقة,يحتاج ترميم,"قرب مستشفى, بئر مياه خاص",2026-04-22,بائع_130,991219629,ماروتا سيتي,حكم محكمة,"كهرباء دولة, طاقة شمسية",سابع,33.511644,36.288794,2180,فاخرة,property_images/apartment_street.jpg,property_images/apartment_street.jpg|property_images/apartment_luxury.jpg|property_images/building_new_construction.jpg
43,شقة في أبو رمانة,"شقة سكنية في بناء سكني في حي أبو رمانة - مساحة 111 م² - 1 غرف, 1 حمامات. الحالة: جيد. الملكية: حكم محكمة. الطابق: ثالث. المميزات: قرب مستشفى, بئر مياه خاص, موقف سيارات",291400,أبو رمانة,111,1,1,شقة,جيد,"قرب مستشفى, بئر مياه خاص, موقف سيارات",2025-12-01,بائع_116,996498855,دوشيش,حكم محكمة,كهرباء دولة,ثالث,33.508221,36.283368,2625,فاخرة,property_images/apartment_interior.jpg,property_images/apartment_economy.jpg|property_images/apartment_interior.jpg|property_images/villa_interior.jpg
44,محل تجاري في أبو رمانة,"محل تجاري أو مكتب في حي أبو رمانة - مساحة 58 م² - 1 غرف, 1 حمامات. الحالة: ممتاز. الملكية: حكم محكمة. الطابق: ثاني. المميزات: إطلالة مفتوحة, تدفئة مركزية, حارس أمن, أثاث, قرب مدرسة, كهرباء دولة",222000,أبو رمانة,58,1,1,محل تجاري,ممتاز,"إطلالة مفتوحة, تدفئة مركزية, حارس أمن, أثاث, قرب مدرسة, كهرباء دولة",2025-12-15,بائع_39,950102805,دوشيش,حكم محكمة,"كهرباء دولة, طاقة شمسية",ثاني,33.510553,36.286654,3828,فاخرة,property_images/building_new_construction.jpg,property_images/house_traditional.jpg|property_images/apartment_economy.jpg|property_images/bedroom.jpg
45,منزل في أبو رمانة,"منزل سكني عائلي في حي أبو رمانة - مساحة 160 م² - 3 غرف, 2 حمامات. الحالة: جيد. الملكية: طابو نظامي. الطابق: ملحق. المميزات: شبابيك دبل غلاس, موقف سيارات, طاقة شمسية, كهرباء دولة",537900,أبو رمانة,160,3,2,منزل,جيد,"شبابيك دبل غلاس, موقف سيارات, طاقة شمسية, كهرباء دولة",2026-03-16,بائع_218,944671015,بيوتنا,طابو نظامي,كهرباء دولة,ملحق,33.509471,36.29044,3362,فاخرة,property_images/duplex_interior.jpg,property_images/apartment_kitchen.jpg|property_images/townhouse.jpg|property_images/bedroom.jpg
46,بيت في أبو رمانة,"بيت سكني تقليدي في حي أبو رمانة - مساحة 128 م² - 1 غرف, 1 حمامات. الحالة: يحتاج ترميم. الملكية: كاتب عدل. الطابق: رابع. المميزات: بئر مياه خاص, إطلالة مفتوحة, قرب مستشفى",203600,أبو رمانة,128,1,1,بيت,يحتاج ترميم,"بئر مياه خاص, إطلالة مفتوحة, قرب مستشفى",2026-02-17,بائع_207,964624783,إكار,كاتب عدل,كهرباء دولة,رابع,33.507858,36.285965,1591,فاخرة,property_images/building_needs_renovation.jpg,property_images/apartment_modern.jpg|property_images/apartment_kitchen.jpg|property_images/bedroom.jpg
47,منزل في أبو رمانة,"منزل سكني عائلي في حي أبو رمانة - مساحة 149 م² - 5 غرف, 3 حمامات. الحالة: جديد. الملكية: طابو أخضر. الطابق: أرضي. المميزات: إطلالة مفتوحة, كهرباء دولة, مصعد, موقف سيارات",618500,أبو رمانة,149,5,3,منزل,جديد,"إطلالة مفتوحة, كهرباء دولة, مصعد, موقف سيارات",2025-12-09,بائع_11,964704238,سوق.كوم,طابو أخضر,غير محدد,أرضي,33.510946,36.284854,4151,فاخرة,property_images/duplex_interior.jpg,property_images/villa_modern.jpg|property_images/villa_interior.jpg|property_images/apartment_luxury.jpg
48,بيت عربي في أبو رمانة,"بيت عربي بقاعة داخلية واسعة في حي أبو رمانة - مساحة 137 م² - 5 غرف, 2 حمامات. الحالة: كالجديد. الملكية: سجل عقاري. الطابق: أرضي. المميزات: قرب مستشفى, مرآب, أبواب حديدية",357000,أبو رمانة,137,5,2,بيت عربي,كالجديد,"قرب مستشفى, مرآب, أبواب حديدية",2026-02-12,بائع_54,950445824,دوشيش,سجل عقاري,كهرباء دولة,أرضي,33.509107,36.286713,2606,فاخرة,property_images/duplex_interior.jpg,property_images/apartment_interior.jpg|property_images/villa_interior.jpg|property_images/apartment_kitchen.jpg
49,بيت قديم في أبو رمانة,"بيت تراثي دمشقي قديم في حي أبو رمانة - مساحة 107 م² - 4 غرف, 1 حمامات. الحالة: ممتاز. الملكية: بدون أوراق. الطابق: أول. المميزات: موقف سيارات, حديقة, كهرباء دولة, إطلالة مفتوحة, حارس أمن",171100,أبو رمانة,107,4,1,بيت قديم,ممتاز,"موقف سيارات, حديقة, كهرباء دولة, إطلالة مفتوحة, حارس أمن",2026-05-05,بائع_278,989533321,سوق.كوم,بدون أوراق,غير محدد,أول,33.510346,36.285771,1599,فاخرة,property_images/house_traditional.jpg,property_images/apartment_kitchen.jpg|property_images/apartment_modern.jpg|property_images/apartment_street.jpg
50,شقة في أبو رمانة,"شقة سكنية في بناء سكني في حي أبو رمانة - مساحة 89 م² - 4 غرف, 1 حمامات. الحالة: ممتاز. الملكية: كاتب عدل. الطابق: رابع. المميزات: كهرباء دولة, قرب مدرسة, مكيف",289900,أبو رمانة,89,4,1,شقة,ممتاز,"كهرباء دولة, قرب مدرسة, مكيف",2026-04-04,بائع_15,960844261,بيوتنا,كاتب عدل,كهرباء دولة,رابع,33.510116,36.282714,3257,فاخرة,property_images/apartment_luxury.jpg,property_images/apartment_luxury.jpg|property_images/villa_interior.jpg|property_images/villa_modern.jpg
51,شقة في أبو رمانة,"شقة سكنية في بناء سكني في حي أبو رمانة - مساحة 132 م² - 2 غرف, 1 حمامات. الحالة: جديد. الملكية: سجل عقاري. الطابق: رابع. المميزات: حارس أمن, مكيف, أبواب حديدية, بئر مياه خاص, شقة مفروشة",540200,أبو رمانة,132,2,1,شقة,جديد,"حارس أمن, مكيف, أبواب حديدية, بئر مياه خاص, شقة مفروشة",2026-01-05,بائع_125,988678043,بيوتنا,سجل عقاري,كهرباء دولة,رابع,33.512166,36.287108,4092,فاخرة,property_images/apartment_economy.jpg,property_images/villa_modern.jpg|property_images/apartment_street.jpg|property_images/house_traditional.jpg
52,شقة في أبو رمانة,"شقة سكنية في بناء سكني في حي أبو رمانة - مساحة 71 م² - 2 غرف, 1 حمامات. الحالة: يحتاج ترميم. الملكية: سجل عقاري. الطابق: أرضي. المميزات: مرآب, حديقة, شقة مفروشة, كهرباء دولة",131400,أبو رمانة,71,2,1,شقة,يحتاج ترميم,"مرآب, حديقة, شقة مفروشة, كهرباء دولة",2025-12-06,بائع_297,992255813,دوشيش,سجل عقاري,"كهرباء دولة, طاقة شمسية",أرضي,33.51103,36.286028,1851,فاخرة,property_images/apartment_economy.jpg,property_images/apartment_street.jpg|property_images/villa_interior.jpg|property_images/bedroom.jpg
53,منزل في أبو رمانة,"منزل سكني عائلي في حي أبو رمانة - مساحة 183 م² - 5 غرف, 2 حمامات. الحالة: ممتاز. الملكية: حكم محكمة. الطابق: أرضي. المميزات: أثاث, طاقة شمسية, قرب مستشفى, غاز مركزي",695400,أبو رمانة,183,5,2,منزل,ممتاز,"أثاث, طاقة شمسية, قرب مستشفى, غاز مركزي",2026-02-13,بائع_243,978504832,إمتلاك,حكم محكمة,غير محدد,أرضي,33.511142,36.287271,3800,فاخرة,property_images/townhouse.jpg,property_images/building_needs_renovation.jpg|property_images/bedroom.jpg|property_images/apartment_modern.jpg
54,بيت عربي في أبو رمانة,"بيت عربي بقاعة داخلية واسعة في حي أبو رمانة - مساحة 227 م² - 2 غرف, 1 حمامات. الحالة: جيد. الملكية: طابو أخضر. الطابق: أرضي. المميزات: قرب مستشفى, حديقة, حارس أمن, شبابيك دبل غلاس, شارع رئيسي, قرب مدرسة",665000,أبو رمانة,227,2,1,بيت عربي,جيد,"قرب مستشفى, حديقة, حارس أمن, شبابيك دبل غلاس, شارع رئيسي, قرب مدرسة",2025-11-19,بائع_80,939592296,ماروتا سيتي,طابو أخضر,غير محدد,أرضي,33.509369,36.286518,2930,فاخرة,property_images/duplex_interior.jpg,property_images/building_new_construction.jpg|property_images/apartment_modern.jpg|property_images/duplex_interior.jpg
55,مكتب في أبو رمانة,"مكتب تجاري في حي أبو رمانة - مساحة 39 م², 1 حمامات. الحالة: ممتاز. الملكية: حكم محكمة. الطابق: ثاني. المميزات: قرب مدرسة, غاز مركزي, حديقة, أبواب حديدية",133500,أبو رمانة,39,0,1,مكتب,ممتاز,"قرب مدرسة, غاز مركزي, حديقة, أبواب حديدية",2025-11-25,بائع_148,959883041,سوق.كوم,حكم محكمة,"كهرباء دولة, طاقة شمسية",ثاني,33.509029,36.285164,3423,فاخرة,property_images/apartment_interior.jpg,property_images/apartment_kitchen.jpg|property_images/villa_modern.jpg|property_images/apartment_modern.jpg
56,منزل في أبو رمانة,"منزل سكني عائلي في حي أبو رمانة - مساحة 264 م² - 2 غرف, 2 حمامات. الحالة: جديد. الملكية: حكم محكمة. الطابق: أول. المميزات: بئر مياه خاص, مصعد, تدفئة مركزية",752400,أبو رمانة,264,2,2,منزل,جديد,"بئر مياه خاص, مصعد, تدفئة مركزية",2026-01-30,بائع_221,948356059,إكار,حكم محكمة,طاقة شمسية,أول,33.511373,36.281775,2850,فاخرة,property_images/townhouse.jpg,property_images/apartment_modern.jpg|property_images/townhouse.jpg|property_images/apartment_street.jpg
57,منزل في أبو رمانة,"منزل سكني عائلي في حي أبو رمانة - مساحة 138 م² - 3 غرف, 1 حمامات. الحالة: جيد. الملكية: طابو أخضر. الطابق: أول. المميزات: غاز مركزي, إطلالة مفتوحة, طاقة شمسية, أبواب حديدية, مكيف, قرب مستشفى",447000,أبو رمانة,138,3,1,منزل,جيد,"غاز مركزي, إطلالة مفتوحة, طاقة شمسية, أبواب حديدية, مكيف, قرب مستشفى",2025-11-16,بائع_5,989401603,إمتلاك,طابو أخضر,غير محدد,أول,33.510129,36.282845,3239,فاخرة,property_images/house_traditional.jpg,property_images/apartment_economy.jpg|property_images/apartment_modern.jpg|property_images/bedroom.jpg
58,منزل في أبو رمانة,"منزل سكني عائلي في حي أبو رمانة - مساحة 127 م² - 4 غرف, 3 حمامات. الحالة: جديد. الملكية: بدون أوراق. الطابق: أول. المميزات: كهرباء دولة, شبابيك دبل غلاس, بئر مياه خاص, أثاث, غاز مركزي",390200,أبو رمانة,127,4,3,منزل,جديد,"كهرباء دولة, شبابيك دبل غلاس, بئر مياه خاص, أثاث, غاز مركزي",2026-02-03,بائع_295,967833247,بيوت شام,بدون أوراق,كهرباء دولة,أول,33.508539,36.285433,3072,فاخرة,property_images/townhouse.jpg,property_images/apartment_kitchen.jpg|property_images/apartment_street.jpg|property_images/apartment_economy.jpg
59,شقة في أبو رمانة,"شقة سكنية في بناء سكني في حي أبو رمانة - مساحة 121 م² - 1 غرف, 1 حمامات. الحالة: مقبول. الملكية: سجل عقاري. الطابق: رابع. المميزات: أبواب حديدية, بئر مياه خاص, طاقة شمسية, إنترنت, قرب مستشفى, أثاث",279000,أبو رمانة,121,1,1,شقة,مقبول,"أبواب حديدية, بئر مياه خاص, طاقة شمسية, إنترنت, قرب مستشفى, أثاث",2025-11-18,بائع_71,942757937,إمتلاك,سجل عقاري,غير محدد,رابع,33.514288,36.286268,2306,فاخرة,property_images/apartment_economy.jpg,property_images/duplex_interior.jpg|property_images/apartment_kitchen.jpg|property_images/villa_modern.jpg
60,شقة في أبو رمانة,"شقة سكنية في بناء سكني في حي أبو رمانة - مساحة 55 م² - 1 غرف, 1 حمامات. الحالة: مقبول. الملكية: طابو أخضر. الطابق: سادس. المميزات: بئر مياه خاص, حديقة",147300,أبو رمانة,55,1,1,شقة,مقبول,"بئر مياه خاص, حديقة",2025-12-18,بائع_188,997626169,بيوت شام,طابو أخضر,"كهرباء دولة, طاقة شمسية",سادس,33.508676,36.286705,2678,فاخرة,property_images/apartment_economy.jpg,property_images/apartment_street.jpg|property_images/bedroom.jpg|property_images/building_new_construction.jpg
61,محل تجاري في أبو رمانة,"محل تجاري أو مكتب في حي أبو رمانة - مساحة 40 م² - 1 غرف, 1 حمامات. الحالة: ممتاز. الملكية: كاتب عدل. الطابق: أرضي. المميزات: حارس أمن, شبابيك دبل غلاس, موقف سيارات, مكيف",145200,أبو رمانة,40,1,1,محل تجاري,ممتاز,"حارس أمن, شبابيك دبل غلاس, موقف سيارات, مكيف",2026-01-24,بائع_286,976194689,ماروتا سيتي,كاتب عدل,غير محدد,أرضي,33.51101,36.286732,3630,فاخرة,property_images/building_new_construction.jpg,property_images/villa_modern.jpg|property_images/apartment_interior.jpg|property_images/apartment_kitchen.jpg
62,شقة في أبو رمانة,"شقة سكنية في بناء سكني في حي أبو رمانة - مساحة 77 م² - 3 غرف, 2 حمامات. الحالة: ممتاز. الملكية: طابو أخضر. الطابق: ملحق. المميزات: غاز مركزي, إنترنت, حارس أمن, طاقة شمسية, أبواب حديدية, مصعد",248600,أبو رمانة,77,3,2,شقة,ممتاز,"غاز مركزي, إنترنت, حارس أمن, طاقة شمسية, أبواب حديدية, مصعد",2025-11-21,بائع_33,989835132,بيوت شام,طابو أخضر,كهرباء دولة,ملحق,33.50905,36.283693,3229,فاخرة,property_images/bedroom.jpg,property_images/house_traditional.jpg|property_images/apartment_economy.jpg|property_images/bedroom.jpg
63,بيت في أبو رمانة,"بيت سكني تقليدي في حي أبو رمانة - مساحة 162 م² - 1 غرف, 2 حمامات. الحالة: كالجديد. الملكية: طابو أخضر. الطابق: سادس. المميزات: حارس أمن, شارع رئيسي, طاقة شمسية, قرب مدرسة, مكيف",533100,أبو رمانة,162,1,2,بيت,كالجديد,"حارس أمن, شارع رئيسي, طاقة شمسية, قرب مدرسة, مكيف",2025-11-08,بائع_277,983715870,إمتلاك,طابو أخضر,كهرباء دولة,سادس,33.507478,36.286836,3291,فاخرة,property_images/house_traditional.jpg,property_images/villa_interior.jpg|property_images/building_needs_renovation.jpg|property_images/bedroom.jpg
64,بيت قديم في أبو رمانة,"بيت تراثي دمشقي قديم في حي أبو رمانة - مساحة 174 م² - 3 غرف, 2 حمامات. الحالة: مقبول. الملكية: حكم محكمة. الطابق: أول. المميزات: تدفئة مركزية, إنترنت, أثاث, شبابيك دبل غلاس",365100,أبو رمانة,174,3,2,بيت قديم,مقبول,"تدفئة مركزية, إنترنت, أثاث, شبابيك دبل غلاس",2026-04-10,بائع_189,999776149,بيوت شام,حكم محكمة,غير محدد,أول,33.506961,36.284032,2098,فاخرة,property_images/house_traditional.jpg,property_images/apartment_kitchen.jpg|property_images/duplex_interior.jpg|property_images/apartment_luxury.jpg
65,شقة في أبو رمانة,"شقة سكنية في بناء سكني في حي أبو رمانة - مساحة 164 م² - 4 غرف, 1 حمامات. الحالة: ممتاز. الملكية: بدون أوراق. الطابق: أرضي. المميزات: شارع رئيسي, إطلالة مفتوحة, مصعد",375400,أبو رمانة,164,4,1,شقة,ممتاز,"شارع رئيسي, إطلالة مفتوحة, مصعد",2026-04-03,بائع_290,956171942,ماروتا سيتي,بدون أوراق,طاقة شمسية,أرضي,33.510888,36.286549,2289,فاخرة,property_images/apartment_modern.jpg,property_images/apartment_street.jpg|property_images/townhouse.jpg|property_images/apartment_economy.jpg
66,بيت عربي في أبو رمانة,"بيت عربي بقاعة داخلية واسعة في حي أبو رمانة - مساحة 133 م² - 3 غرف, 2 حمامات. الحالة: كالجديد. الملكية: طابو نظامي. الطابق: أرضي. المميزات: إطلالة مفتوحة, مصعد, كهرباء دولة",439300,أبو رمانة,133,3,2,بيت عربي,كالجديد,"إطلالة مفتوحة, مصعد, كهرباء دولة",2026-03-22,بائع_57,933238205,سوق.كوم,طابو نظامي,غير محدد,أرضي,33.503517,36.282951,3303,فاخرة,property_images/duplex_interior.jpg,property_images/duplex_interior.jpg|property_images/villa_interior.jpg|property_images/apartment_luxury.jpg
67,شقة في أبو رمانة,"شقة سكنية في بناء سكني في حي أبو رمانة - مساحة 111 م² - 1 غرف, 1 حمامات. الحالة: مقبول. الملكية: حكم محكمة. الطابق: أول. المميزات: تدفئة مركزية, مكيف, مرآب, شقة مفروشة",236500,أبو رمانة,111,1,1,شقة,مقبول,"تدفئة مركزية, مكيف, مرآب, شقة مفروشة",2026-02-02,بائع_263,943573962,إكار,حكم محكمة,غير محدد,أول,33.513265,36.28214,2131,فاخرة,property_images/apartment_luxury.jpg,property_images/house_traditional.jpg|property_images/apartment_modern.jpg|property_images/apartment_kitchen.jpg
68,شقة في أبو رمانة,"شقة سكنية في بناء سكني في حي أبو رمانة - مساحة 104 م² - 3 غرف, 2 حمامات. الحالة: جيد. الملكية: حكم محكمة. الطابق: سادس. المميزات: تدفئة مركزية, أبواب حديدية",304100,أبو رمانة,104,3,2,شقة,جيد,"تدفئة مركزية, أبواب حديدية",2026-01-12,بائع_38,940437758,إكار,حكم محكمة,"كهرباء دولة, طاقة شمسية",سادس,33.512883,36.282128,2924,فاخرة,property_images/apartment_street.jpg,property_images/apartment_kitchen.jpg|property_images/duplex_interior.jpg|property_images/apartment_interior.jpg
69,شقة في أبو رمانة,"شقة سكنية في بناء سكني في حي أبو رمانة - مساحة 160 م² - 3 غرف, 2 حمامات. الحالة: كالجديد. الملكية: حكم محكمة. الطابق: أول. المميزات: شقة مفروشة, بئر مياه خاص, شبابيك دبل غلاس, شارع رئيسي, مرآب, حارس أمن",563900,أبو رمانة,160,3,2,شقة,كالجديد,"شقة مفروشة, بئر مياه خاص, شبابيك دبل غلاس, شارع رئيسي, مرآب, حارس أمن",2025-12-15,بائع_111,985573489,بيوتنا,حكم محكمة,غير محدد,أول,33.508037,36.285924,3524,فاخرة,property_images/apartment_luxury.jpg,property_images/bedroom.jpg|property_images/villa_interior.jpg|property_images/house_traditional.jpg
70,منزل في أبو رمانة,"منزل سكني عائلي في حي أبو رمانة - مساحة 168 م² - 2 غرف, 2 حمامات. الحالة: مقبول. الملكية: سجل عقاري. الطابق: أرضي. المميزات: حديقة, كهرباء دولة, إنترنت, مكيف, أبواب حديدية",370300,أبو رمانة,168,2,2,منزل,مقبول,"حديقة, كهرباء دولة, إنترنت, مكيف, أبواب حديدية",2026-01-15,بائع_50,977951201,بيوتنا,سجل عقاري,"كهرباء دولة, طاقة شمسية",أرضي,33.51014,36.284229,2204,فاخرة,property_images/duplex_interior.jpg,property_images/apartment_economy.jpg|property_images/apartment_kitchen.jpg|property_images/villa_interior.jpg
71,منزل في أبو رمانة,"منزل سكني عائلي في حي أبو رمانة - مساحة 165 م² - 4 غرف, 3 حمامات. الحالة: جيد. الملكية: حكم محكمة. الطابق: ملحق. المميزات: مرآب, إنترنت",486500,أبو رمانة,165,4,3,منزل,جيد,"مرآب, إنترنت",2026-04-22,بائع_148,969468727,سوق.كوم,حكم محكمة,غير محدد,ملحق,33.513172,36.282524,2948,فاخرة,property_images/house_traditional.jpg,property_images/apartment_modern.jpg|property_images/building_needs_renovation.jpg|property_images/villa_interior.jpg
72,منزل في أبو رمانة,"منزل سكني عائلي في حي أبو رمانة - مساحة 255 م² - 3 غرف, 1 حمامات. الحالة: كالجديد. الملكية: حكم محكمة. الطابق: ملحق. المميزات: قرب مدرسة, إنترنت, حارس أمن, كهرباء دولة",666200,أبو رمانة,255,3,1,منزل,كالجديد,"قرب مدرسة, إنترنت, حارس أمن, كهرباء دولة",2025-12-13,بائع_286,933738577,إمتلاك,حكم محكمة,كهرباء دولة,ملحق,33.509696,36.286177,2613,فاخرة,property_images/townhouse.jpg,property_images/villa_modern.jpg|property_images/townhouse.jpg|property_images/villa_interior.jpg
73,محل تجاري في أبو رمانة,"محل تجاري أو مكتب في حي أبو رمانة - مساحة 67 م² - 1 غرف, 1 حمامات. الحالة: ممتاز. الملكية: طابو أخضر. الطابق: أرضي. المميزات: مصعد, بلكونة, مكيف, غاز مركزي",240000,أبو رمانة,67,1,1,محل تجاري,ممتاز,"مصعد, بلكونة, مكيف, غاز مركزي",2026-04-28,بائع_47,997325583,دوشيش,طابو أخضر,كهرباء دولة,أرضي,33.509584,36.284014,3582,فاخرة,property_images/building_new_construction.jpg,property_images/apartment_modern.jpg|property_images/apartment_street.jpg|property_images/building_needs_renovation.jpg
74,منزل في أبو رمانة,"منزل سكني عائلي في حي أبو رمانة - مساحة 133 م² - 4 غرف, 3 حمامات. الحالة: ممتاز. الملكية: سجل عقاري. الطابق: أول. المميزات: موقف سيارات, تدفئة مركزية, مكيف, بلكونة, إطلالة مفتوحة, شارع رئيسي",444600,أبو رمانة,133,4,3,منزل,ممتاز,"موقف سيارات, تدفئة مركزية, مكيف, بلكونة, إطلالة مفتوحة, شارع رئيسي",2025-12-01,بائع_227,983386436,بيوتنا,سجل عقاري,كهرباء دولة,أول,33.510714,36.283614,3343,فاخرة,property_images/townhouse.jpg,property_images/duplex_interior.jpg|property_images/building_needs_renovation.jpg|property_images/apartment_kitchen.jpg
75,بيت قديم في أبو رمانة,"بيت تراثي دمشقي قديم في حي أبو رمانة - مساحة 131 م² - 3 غرف, 2 حمامات. الحالة: كالجديد. الملكية: سجل عقاري. الطابق: أرضي. المميزات: بئر مياه خاص, تدفئة مركزية, طاقة شمسية, غاز مركزي, إطلالة مفتوحة, مصعد",358300,أبو رمانة,131,3,2,بيت قديم,كالجديد,"بئر مياه خاص, تدفئة مركزية, طاقة شمسية, غاز مركزي, إطلالة مفتوحة, مصعد",2026-03-31,بائع_131,967444061,سوق.كوم,سجل عقاري,"كهرباء دولة, طاقة شمسية",أرضي,33.511626,36.286259,2735,فاخرة,property_images/house_traditional.jpg,property_images/apartment_interior.jpg|property_images/building_new_construction.jpg|property_images/apartment_modern.jpg
76,شقة في أبو رمانة,"شقة سكنية في بناء سكني في حي أبو رمانة - مساحة 90 م² - 4 غرف, 1 حمامات. الحالة: جيد. الملكية: طابو أخضر. الطابق: أرضي. المميزات: قرب مدرسة, إنترنت, موقف سيارات, غاز مركزي, تدفئة مركزية, مرآب",254300,أبو رمانة,90,4,1,شقة,جيد,"قرب مدرسة, إنترنت, موقف سيارات, غاز مركزي, تدفئة مركزية, مرآب",2026-02-14,بائع_295,984701253,دوشيش,طابو أخضر,"كهرباء دولة, طاقة شمسية",أرضي,33.511495,36.286221,2826,فاخرة,property_images/apartment_modern.jpg,property_images/house_traditional.jpg|property_images/apartment_economy.jpg|property_images/building_needs_renovation.jpg
77,بيت قديم في أبو رمانة,"بيت تراثي دمشقي قديم في حي أبو رمانة - مساحة 99 م² - 2 غرف, 2 حمامات. الحالة: ممتاز. الملكية: طابو أخضر. الطابق: أرضي. المميزات: إطلالة مفتوحة, شبابيك دبل غلاس, إنترنت",252900,أبو رمانة,99,2,2,بيت قديم,ممتاز,"إطلالة مفتوحة, شبابيك دبل غلاس, إنترنت",2026-01-14,بائع_206,997182467,دوشيش,طابو أخضر,"كهرباء دولة, طاقة شمسية",أرضي,33.512555,36.283817,2555,فاخرة,property_images/building_needs_renovation.jpg,property_images/apartment_luxury.jpg|property_images/villa_modern.jpg|property_images/house_traditional.jpg
78,محل تجاري في أبو رمانة,"محل تجاري أو مكتب في حي أبو رمانة - مساحة 73 م², 1 حمامات. الحالة: جيد. الملكية: طابو نظامي. الطابق: أول. المميزات: شارع رئيسي, حارس أمن, شقة مفروشة, قرب مستشفى, أثاث, إنترنت",247800,أبو رمانة,73,0,1,محل تجاري,جيد,"شارع رئيسي, حارس أمن, شقة مفروشة, قرب مستشفى, أثاث, إنترنت",2026-03-29,بائع_121,943253557,بيوت شام,طابو نظامي,غير محدد,أول,33.509565,36.287198,3395,فاخرة,property_images/building_new_construction.jpg,property_images/apartment_interior.jpg|property_images/apartment_modern.jpg|property_images/building_needs_renovation.jpg
79,شقة في أبو رمانة,"شقة سكنية في بناء سكني في حي أبو رمانة - مساحة 148 م² - 1 غرف, 1 حمامات. الحالة: جيد. الملكية: كاتب عدل. الطابق: خامس. المميزات: شبابيك دبل غلاس, قرب مستشفى, إطلالة مفتوحة, شارع رئيسي, حديقة",466900,أبو رمانة,148,1,1,شقة,جيد,"شبابيك دبل غلاس, قرب مستشفى, إطلالة مفتوحة, شارع رئيسي, حديقة",2026-01-12,بائع_156,965720148,سوق.كوم,كاتب عدل,"كهرباء دولة, طاقة شمسية",خامس,33.512611,36.285042,3155,فاخرة,property_images/apartment_kitchen.jpg,property_images/house_traditional.jpg|property_images/apartment_kitchen.jpg|property_images/apartment_luxury.jpg
80,شقة في أبو رمانة,"شقة سكنية في بناء سكني في حي أبو رمانة - مساحة 143 م² - 1 غرف, 1 حمامات. الحالة: جديد. الملكية: سجل عقاري. الطابق: سادس. المميزات: بئر مياه خاص, موقف سيارات, إطلالة مفتوحة, شقة مفروشة",529200,أبو رمانة,143,1,1,شقة,جديد,"بئر مياه خاص, موقف سيارات, إطلالة مفتوحة, شقة مفروشة",2026-04-25,بائع_231,954437145,إكار,سجل عقاري,كهرباء دولة,سادس,33.510648,36.28474,3701,فاخرة,property_images/apartment_interior.jpg,property_images/building_needs_renovation.jpg|property_images/house_traditional.jpg|property_images/townhouse.jpg
81,منزل في أبو رمانة,"منزل سكني عائلي في حي أبو رمانة - مساحة 164 م² - 2 غرف, 2 حمامات. الحالة: كالجديد. الملكية: طابو أخضر. الطابق: أرضي. المميزات: شقة مفروشة, بلكونة",616000,أبو رمانة,164,2,2,منزل,كالجديد,"شقة مفروشة, بلكونة",2026-01-13,بائع_269,996739427,بيوتنا,طابو أخضر,كهرباء دولة,أرضي,33.508364,36.289185,3756,فاخرة,property_images/house_traditional.jpg,property_images/townhouse.jpg|property_images/apartment_economy.jpg|property_images/duplex_interior.jpg
82,شقة في أبو رمانة,"شقة سكنية في بناء سكني في حي أبو رمانة - مساحة 84 م² - 3 غرف, 1 حمامات. الحالة: يحتاج ترميم. الملكية: سجل عقاري. الطابق: سادس. المميزات: موقف سيارات, حديقة, حارس أمن, قرب مدرسة",149900,أبو رمانة,84,3,1,شقة,يحتاج ترميم,"موقف سيارات, حديقة, حارس أمن, قرب مدرسة",2025-11-18,بائع_77,972185461,إكار,سجل عقاري,كهرباء دولة,سادس,33.512316,36.286583,1785,فاخرة,property_images/apartment_modern.jpg,property_images/townhouse.jpg|property_images/apartment_modern.jpg|property_images/apartment_street.jpg
83,بيت في أبو رمانة,"بيت سكني تقليدي في حي أبو رمانة - مساحة 128 م² - 3 غرف, 2 حمامات. الحالة: يحتاج ترميم. الملكية: طابو نظامي. الطابق: ملحق. المميزات: إطلالة مفتوحة, موقف سيارات, بئر مياه خاص",255100,أبو رمانة,128,3,2,بيت,يحتاج ترميم,"إطلالة مفتوحة, موقف سيارات, بئر مياه خاص",2026-04-03,بائع_270,941777406,إمتلاك,طابو نظامي,كهرباء دولة,ملحق,33.509976,36.283205,1993,فاخرة,property_images/house_traditional.jpg,property_images/townhouse.jpg|property_images/bedroom.jpg|property_images/building_needs_renovation.jpg
84,منزل في المالكي,"منزل سكني عائلي في حي المالكي - مساحة 163 م² - 3 غرف, 1 حمامات. الحالة: ممتاز. الملكية: سجل عقاري. الطابق: أرضي. المميزات: أبواب حديدية, أثاث, طاقة شمسية, مكيف",425200,المالكي,163,3,1,منزل,ممتاز,"أبواب حديدية, أثاث, طاقة شمسية, مكيف",2026-04-10,بائع_260,999975686,إمتلاك,سجل عقاري,كهرباء دولة,أرضي,33.50695,36.274706,2609,فاخرة,property_images/duplex_interior.jpg,property_images/villa_interior.jpg|property_images/townhouse.jpg|property_images/building_needs_renovation.jpg
85,محل تجاري في المالكي,"محل تجاري أو مكتب في حي المالكي - مساحة 39 م², 1 حمامات. الحالة: جديد. الملكية: طابو نظامي. الطابق: ثاني. المميزات: بلكونة, شارع رئيسي, إطلالة مفتوحة",162700,المالكي,39,0,1,محل تجاري,جديد,"بلكونة, شارع رئيسي, إطلالة مفتوحة",2025-11-13,بائع_122,986740255,بيوت شام,طابو نظامي,كهرباء دولة,ثاني,33.505826,36.273873,4172,فاخرة,property_images/building_new_construction.jpg,property_images/bedroom.jpg|property_images/apartment_luxury.jpg|property_images/villa_modern.jpg
86,بيت قديم في المالكي,"بيت تراثي دمشقي قديم في حي المالكي - مساحة 71 م² - 2 غرف, 2 حمامات. الحالة: مقبول. الملكية: طابو نظامي. الطابق: أول. المميزات: أثاث, إنترنت, قرب مستشفى, شبابيك دبل غلاس, قرب مدرسة",134800,المالكي,71,2,2,بيت قديم,مقبول,"أثاث, إنترنت, قرب مستشفى, شبابيك دبل غلاس, قرب مدرسة",2026-01-18,بائع_83,955940181,إكار,طابو نظامي,غير محدد,أول,33.50549,36.273986,1899,فاخرة,property_images/building_needs_renovation.jpg,property_images/house_traditional.jpg|property_images/apartment_kitchen.jpg|property_images/building_new_construction.jpg
87,شقة في المالكي,"شقة سكنية في بناء سكني في حي المالكي - مساحة 103 م² - 3 غرف, 1 حمامات. الحالة: ممتاز. الملكية: حكم محكمة. الطابق: ملحق. المميزات: حارس أمن, بئر مياه خاص, موقف سيارات, بلكونة, كهرباء دولة, شبابيك دبل غلاس",318000,المالكي,103,3,1,شقة,ممتاز,"حارس أمن, بئر مياه خاص, موقف سيارات, بلكونة, كهرباء دولة, شبابيك دبل غلاس",2026-03-10,بائع_231,974127965,دوشيش,حكم محكمة,كهرباء دولة,ملحق,33.502104,36.272185,3087,فاخرة,property_images/apartment_economy.jpg,property_images/apartment_luxury.jpg|property_images/apartment_economy.jpg|property_images/apartment_interior.jpg
88,شقة في المالكي,"شقة سكنية في بناء سكني في حي المالكي - مساحة 94 م² - 1 غرف, 2 حمامات. الحالة: جيد. الملكية: طابو نظامي. الطابق: خامس. المميزات: مصعد, حديقة, حارس أمن",259400,المالكي,94,1,2,شقة,جيد,"مصعد, حديقة, حارس أمن",2026-02-21,بائع_242,947895702,إمتلاك,طابو نظامي,طاقة شمسية,خامس,33.505622,36.277951,2760,فاخرة,property_images/apartment_street.jpg,property_images/apartment_kitchen.jpg|property_images/villa_interior.jpg|property_images/villa_modern.jpg
89,منزل في المالكي,"منزل سكني عائلي في حي المالكي - مساحة 198 م² - 2 غرف, 2 حمامات. الحالة: جيد. الملكية: بدون أوراق. الطابق: أول. المميزات: مكيف, قرب مدرسة, شقة مفروشة",388200,المالكي,198,2,2,منزل,جيد,"مكيف, قرب مدرسة, شقة مفروشة",2026-02-17,بائع_63,936350021,دوشيش,بدون أوراق,"كهرباء دولة, طاقة شمسية",أول,33.504962,36.272995,1961,فاخرة,property_images/house_traditional.jpg,property_images/villa_modern.jpg|property_images/apartment_economy.jpg|property_images/townhouse.jpg
90,بيت في المالكي,"بيت سكني تقليدي في حي المالكي - مساحة 109 م² - 2 غرف, 1 حمامات. الحالة: جيد. الملكية: طابو أخضر. الطابق: خامس. المميزات: قرب مستشفى, طاقة شمسية, مكيف, بئر مياه خاص, مرآب, مصعد",253200,المالكي,109,2,1,بيت,جيد,"قرب مستشفى, طاقة شمسية, مكيف, بئر مياه خاص, مرآب, مصعد",2025-11-16,بائع_44,997478120,سوق.كوم,طابو أخضر,كهرباء دولة,خامس,33.505645,36.273346,2323,فاخرة,property_images/building_needs_renovation.jpg,property_images/building_new_construction.jpg|property_images/apartment_modern.jpg|property_images/apartment_kitchen.jpg
91,مكتب في المالكي,"مكتب تجاري في حي المالكي - مساحة 65 م², 1 حمامات. الحالة: جيد. الملكية: كاتب عدل. الطابق: ثاني. المميزات: أبواب حديدية, تدفئة مركزية, غاز مركزي, إنترنت, كهرباء دولة",230000,المالكي,65,0,1,مكتب,جيد,"أبواب حديدية, تدفئة مركزية, غاز مركزي, إنترنت, كهرباء دولة",2026-02-06,بائع_124,943908977,إكار,كاتب عدل,كهرباء دولة,ثاني,33.504782,36.275803,3538,فاخرة,property_images/apartment_interior.jpg,property_images/villa_modern.jpg|property_images/apartment_modern.jpg|property_images/building_new_construction.jpg
92,بيت قديم في المالكي,"بيت تراثي دمشقي قديم في حي المالكي - مساحة 124 م² - 4 غرف, 2 حمامات. الحالة: ممتاز. الملكية: طابو أخضر. الطابق: أرضي. المميزات: شبابيك دبل غلاس, أبواب حديدية, بلكونة",278300,المالكي,124,4,2,بيت قديم,ممتاز,"شبابيك دبل غلاس, أبواب حديدية, بلكونة",2026-01-08,بائع_19,967311383,سوق.كوم,طابو أخضر,كهرباء دولة,أرضي,33.505448,36.275025,2244,فاخرة,property_images/building_needs_renovation.jpg,property_images/apartment_luxury.jpg|property_images/villa_interior.jpg|property_images/villa_modern.jpg
93,بيت عربي في المالكي,"بيت عربي بقاعة داخلية واسعة في حي المالكي - مساحة 184 م² - 4 غرف, 3 حمامات. الحالة: مقبول. الملكية: طابو نظامي. الطابق: أول. المميزات: قرب مدرسة, أبواب حديدية, كهرباء دولة, تدفئة مركزية, أثاث",367600,المالكي,184,4,3,بيت عربي,مقبول,"قرب مدرسة, أبواب حديدية, كهرباء دولة, تدفئة مركزية, أثاث",2025-11-19,بائع_170,964230521,ماروتا سيتي,طابو نظامي,كهرباء دولة,أول,33.505049,36.275996,1998,فاخرة,property_images/duplex_interior.jpg,property_images/villa_modern.jpg|property_images/building_needs_renovation.jpg|property_images/house_traditional.jpg
94,شقة في المالكي,"شقة سكنية في بناء سكني في حي المالكي - مساحة 170 م² - 4 غرف, 2 حمامات. الحالة: مقبول. الملكية: حكم محكمة. الطابق: ملحق. المميزات: أبواب حديدية, شارع رئيسي, إنترنت",445500,المالكي,170,4,2,شقة,مقبول,"أبواب حديدية, شارع رئيسي, إنترنت",2026-01-17,بائع_41,985731718,ماروتا سيتي,حكم محكمة,"كهرباء دولة, طاقة شمسية",ملحق,33.509306,36.273465,2621,فاخرة,property_images/apartment_kitchen.jpg,property_images/bedroom.jpg|property_images/apartment_economy.jpg|property_images/building_new_construction.jpg
95,شقة في المالكي,"شقة سكنية في بناء سكني في حي المالكي - مساحة 150 م² - 3 غرف, 2 حمامات. الحالة: ممتاز. الملكية: طابو أخضر. الطابق: سابع. المميزات: شبابيك دبل غلاس, إطلالة مفتوحة, مرآب, بلكونة",483300,المالكي,150,3,2,شقة,ممتاز,"شبابيك دبل غلاس, إطلالة مفتوحة, مرآب, بلكونة",2026-02-04,بائع_223,965770532,ماروتا سيتي,طابو أخضر,"كهرباء دولة, طاقة شمسية",سابع,33.50938,36.273383,3222,فاخرة,property_images/apartment_interior.jpg,property_images/townhouse.jpg|property_images/building_new_construction.jpg|property_images/duplex_interior.jpg
96,مكتب في المالكي,"مكتب تجاري في حي المالكي - مساحة 38 م², 1 حمامات. الحالة: جديد. الملكية: حكم محكمة. الطابق: أرضي. المميزات: بلكونة, مصعد, مكيف, شبابيك دبل غلاس, تدفئة مركزية, قرب مستشفى",139200,المالكي,38,0,1,مكتب,جديد,"بلكونة, مصعد, مكيف, شبابيك دبل غلاس, تدفئة مركزية, قرب مستشفى",2026-02-02,بائع_197,934734487,بيوتنا,حكم محكمة,كهرباء دولة,أرضي,33.500752,36.273948,3663,فاخرة,property_images/apartment_interior.jpg,property_images/building_needs_renovation.jpg|property_images/townhouse.jpg|property_images/villa_interior.jpg
97,بيت في المالكي,"بيت سكني تقليدي في حي المالكي - مساحة 87 م² - 1 غرف, 1 حمامات. الحالة: يحتاج ترميم. الملكية: سجل عقاري. الطابق: أرضي. المميزات: إنترنت, غاز مركزي, حديقة, كهرباء دولة, طاقة شمسية, حارس أمن",146900,المالكي,87,1,1,بيت,يحتاج ترميم,"إنترنت, غاز مركزي, حديقة, كهرباء دولة, طاقة شمسية, حارس أمن",2026-01-26,بائع_288,945374492,ماروتا سيتي,سجل عقاري,غير محدد,أرضي,33.505684,36.278752,1689,فاخرة,property_images/house_traditional.jpg,property_images/townhouse.jpg|property_images/apartment_luxury.jpg|property_images/bedroom.jpg
98,شقة في المالكي,"شقة سكنية في بناء سكني في حي المالكي - مساحة 153 م² - 3 غرف, 2 حمامات. الحالة: ممتاز. الملكية: بدون أوراق. الطابق: سابع. المميزات: حارس أمن, مكيف, موقف سيارات",332200,المالكي,153,3,2,شقة,ممتاز,"حارس أمن, مكيف, موقف سيارات",2026-04-13,بائع_164,974844007,سوق.كوم,بدون أوراق,كهرباء دولة,سابع,33.503203,36.275984,2171,فاخرة,property_images/apartment_street.jpg,property_images/villa_modern.jpg|property_images/apartment_street.jpg|property_images/house_traditional.jpg
99,منزل في المالكي,"منزل سكني عائلي في حي المالكي - مساحة 100 م² - 3 غرف, 3 حمامات. الحالة: ممتاز. الملكية: طابو نظامي. الطابق: أرضي. المميزات: إنترنت, شقة مفروشة, طاقة شمسية",367800,المالكي,100,3,3,منزل,ممتاز,"إنترنت, شقة مفروشة, طاقة شمسية",2026-03-06,بائع_253,933478427,إكار,طابو نظامي,غير محدد,أرضي,33.507359,36.274062,3678,فاخرة,property_images/townhouse.jpg,property_images/apartment_modern.jpg|property_images/duplex_interior.jpg|property_images/villa_modern.jpg
100,منزل في المالكي,"منزل سكني عائلي في حي المالكي - مساحة 82 م² - 3 غرف, 3 حمامات. الحالة: جيد. الملكية: بدون أوراق. الطابق: أول. المميزات: موقف سيارات, بئر مياه خاص",191800,المالكي,82,3,3,منزل,جيد,"موقف سيارات, بئر مياه خاص",2025-12-22,بائع_211,982963333,إكار,بدون أوراق,غير محدد,أول,33.504771,36.277476,2339,فاخرة,property_images/duplex_interior.jpg,property_images/duplex_interior.jpg|property_images/apartment_kitchen.jpg|property_images/apartment_economy.jpg
101,شقة في المالكي,"شقة سكنية في بناء سكني في حي المالكي - مساحة 64 م² - 4 غرف, 2 حمامات. الحالة: يحتاج ترميم. الملكية: حكم محكمة. الطابق: ملحق. المميزات: إنترنت, مكيف, قرب مدرسة, بلكونة, إطلالة مفتوحة, مرآب",115400,المالكي,64,4,2,شقة,يحتاج ترميم,"إنترنت, مكيف, قرب مدرسة, بلكونة, إطلالة مفتوحة, مرآب",2026-04-04,بائع_266,949418897,بيوتنا,حكم محكمة,طاقة شمسية,ملحق,33.50501,36.275094,1803,فاخرة,property_images/apartment_kitchen.jpg,property_images/apartment_street.jpg|property_images/bedroom.jpg|property_images/apartment_modern.jpg
102,شقة في المالكي,"شقة سكنية في بناء سكني في حي المالكي - مساحة 104 م² - 3 غرف, 1 حمامات. الحالة: يحتاج ترميم. الملكية: طابو نظامي. الطابق: رابع. المميزات: أثاث, قرب مدرسة, كهرباء دولة, مكيف",229500,المالكي,104,3,1,شقة,يحتاج ترميم,"أثاث, قرب مدرسة, كهرباء دولة, مكيف",2025-11-22,بائع_87,949279516,إمتلاك,طابو نظامي,طاقة شمسية,رابع,33.502865,36.274715,2207,فاخرة,property_images/apartment_kitchen.jpg,property_images/townhouse.jpg|property_images/apartment_economy.jpg|property_images/apartment_interior.jpg
103,بيت في المالكي,"بيت سكني تقليدي في حي المالكي - مساحة 113 م² - 3 غرف, 1 حمامات. الحالة: يحتاج ترميم. الملكية: طابو نظامي. الطابق: رابع. المميزات: موقف سيارات, تدفئة مركزية",209300,المالكي,113,3,1,بيت,يحتاج ترميم,"موقف سيارات, تدفئة مركزية",2026-01-19,بائع_16,993757629,إكار,طابو نظامي,غير محدد,رابع,33.506423,36.272751,1852,فاخرة,property_images/house_traditional.jpg,property_images/apartment_kitchen.jpg|property_images/apartment_modern.jpg|property_images/duplex_interior.jpg
104,شقة في المالكي,"شقة سكنية في بناء سكني في حي المالكي - مساحة 66 م² - 4 غرف, 2 حمامات. الحالة: يحتاج ترميم. الملكية: سجل عقاري. الطابق: سابع. المميزات: موقف سيارات, تدفئة مركزية, بلكونة, شبابيك دبل غلاس, مرآب",149300,المالكي,66,4,2,شقة,يحتاج ترميم,"موقف سيارات, تدفئة مركزية, بلكونة, شبابيك دبل غلاس, مرآب",2026-03-30,بائع_161,970869864,ماروتا سيتي,سجل عقاري,"كهرباء دولة, طاقة شمسية",سابع,33.505665,36.273503,2262,فاخرة,property_images/apartment_luxury.jpg,property_images/villa_interior.jpg|property_images/apartment_interior.jpg|property_images/duplex_interior.jpg
105,شقة في المالكي,"شقة سكنية في بناء سكني في حي المالكي - مساحة 174 م² - 1 غرف, 2 حمامات. الحالة: ممتاز. الملكية: كاتب عدل. الطابق: سابع. المميزات: شبابيك دبل غلاس, حارس أمن, كهرباء دولة",529500,المالكي,174,1,2,شقة,ممتاز,"شبابيك دبل غلاس, حارس أمن, كهرباء دولة",2026-02-20,بائع_197,983360330,ماروتا سيتي,كاتب عدل,"كهرباء دولة, طاقة شمسية",سابع,33.507359,36.275135,3043,فاخرة,property_images/apartment_interior.jpg,property_images/apartment_street.jpg|property_images/apartment_economy.jpg|property_images/house_traditional.jpg
106,محل تجاري في المالكي,"محل تجاري أو مكتب في حي المالكي - مساحة 111 م² - 1 غرف, 1 حمامات. الحالة: مقبول. الملكية: بدون أوراق. الطابق: أول. المميزات: أبواب حديدية, شقة مفروشة, شبابيك دبل غلاس",284100,المالكي,111,1,1,محل تجاري,مقبول,"أبواب حديدية, شقة مفروشة, شبابيك دبل غلاس",2026-04-12,بائع_202,994579441,بيوتنا,بدون أوراق,غير محدد,أول,33.504502,36.276943,2559,فاخرة,property_images/building_new_construction.jpg,property_images/apartment_interior.jpg|property_images/villa_modern.jpg|property_images/apartment_street.jpg
107,شقة في المالكي,"شقة سكنية في بناء سكني في حي المالكي - مساحة 142 م² - 4 غرف, 2 حمامات. الحالة: ممتاز. الملكية: طابو أخضر. الطابق: ثاني. المميزات: قرب مدرسة, مصعد, حارس أمن, مرآب",523800,المالكي,142,4,2,شقة,ممتاز,"قرب مدرسة, مصعد, حارس أمن, مرآب",2026-01-22,بائع_188,935520040,سوق.كوم,طابو أخضر,غير محدد,ثاني,33.50307,36.276372,3689,فاخرة,property_images/apartment_luxury.jpg,property_images/bedroom.jpg|property_images/apartment_interior.jpg|property_images/building_needs_renovation.jpg
108,منزل في المالكي,"منزل سكني عائلي في حي المالكي - مساحة 207 م² - 2 غرف, 2 حمامات. الحالة: كالجديد. الملكية: حكم محكمة. الطابق: أول. المميزات: شبابيك دبل غلاس, قرب مدرسة, كهرباء دولة, حارس أمن, مكيف, إطلالة مفتوحة",540800,المالكي,207,2,2,منزل,كالجديد,"شبابيك دبل غلاس, قرب مدرسة, كهرباء دولة, حارس أمن, مكيف, إطلالة مفتوحة",2025-12-14,بائع_188,948308727,إكار,حكم محكمة,كهرباء دولة,أول,33.502633,36.270922,2613,فاخرة,property_images/duplex_interior.jpg,property_images/villa_interior.jpg|property_images/building_new_construction.jpg|property_images/townhouse.jpg
109,منزل في المالكي,"منزل سكني عائلي في حي المالكي - مساحة 147 م² - 3 غرف, 3 حمامات. الحالة: جيد. الملكية: طابو أخضر. الطابق: ملحق. المميزات: أبواب حديدية, شقة مفروشة, شبابيك دبل غلاس, مكيف",431400,المالكي,147,3,3,منزل,جيد,"أبواب حديدية, شقة مفروشة, شبابيك دبل غلاس, مكيف",2025-11-30,بائع_164,950512042,إكار,طابو أخضر,طاقة شمسية,ملحق,33.508005,36.275148,2935,فاخرة,property_images/townhouse.jpg,property_images/townhouse.jpg|property_images/house_traditional.jpg|property_images/apartment_economy.jpg
110,بيت قديم في المالكي,"بيت تراثي دمشقي قديم في حي المالكي - مساحة 157 م² - 4 غرف, 2 حمامات. الحالة: ممتاز. الملكية: طابو نظامي. الطابق: أول. المميزات: بئر مياه خاص, أبواب حديدية, مصعد, إنترنت, حديقة, حارس أمن",309100,المالكي,157,4,2,بيت قديم,ممتاز,"بئر مياه خاص, أبواب حديدية, مصعد, إنترنت, حديقة, حارس أمن",2025-11-10,بائع_14,990378428,إمتلاك,طابو نظامي,كهرباء دولة,أول,33.501593,36.274889,1969,فاخرة,property_images/building_needs_renovation.jpg,property_images/apartment_luxury.jpg|property_images/building_new_construction.jpg|property_images/townhouse.jpg
111,بيت عربي في المالكي,"بيت عربي بقاعة داخلية واسعة في حي المالكي - مساحة 199 م² - 2 غرف, 3 حمامات. الحالة: مقبول. الملكية: حكم محكمة. الطابق: أرضي. المميزات: بلكونة, شقة مفروشة, غاز مركزي, مكيف, طاقة شمسية",417400,المالكي,199,2,3,بيت عربي,مقبول,"بلكونة, شقة مفروشة, غاز مركزي, مكيف, طاقة شمسية",2026-03-18,بائع_10,986428930,دوشيش,حكم محكمة,كهرباء دولة,أرضي,33.500865,36.274822,2097,فاخرة,property_images/house_traditional.jpg,property_images/apartment_modern.jpg|property_images/villa_modern.jpg|property_images/house_traditional.jpg
112,شقة في المالكي,"شقة سكنية في بناء سكني في حي المالكي - مساحة 74 م² - 4 غرف, 1 حمامات. الحالة: جيد. الملكية: سجل عقاري. الطابق: خامس. المميزات: شقة مفروشة, أثاث, قرب مدرسة",216500,المالكي,74,4,1,شقة,جيد,"شقة مفروشة, أثاث, قرب مدرسة",2026-01-29,بائع_161,952581992,إكار,سجل عقاري,غير محدد,خامس,33.505733,36.27312,2926,فاخرة,property_images/apartment_street.jpg,property_images/apartment_economy.jpg|property_images/apartment_modern.jpg|property_images/villa_modern.jpg
113,شقة في المالكي,"شقة سكنية في بناء سكني في حي المالكي - مساحة 102 م² - 3 غرف, 2 حمامات. الحالة: ممتاز. الملكية: كاتب عدل. الطابق: رابع. المميزات: طاقة شمسية, كهرباء دولة, قرب مدرسة",265500,المالكي,102,3,2,شقة,ممتاز,"طاقة شمسية, كهرباء دولة, قرب مدرسة",2026-02-18,بائع_148,956823769,إمتلاك,كاتب عدل,كهرباء دولة,رابع,33.504875,36.27691,2603,فاخرة,property_images/apartment_luxury.jpg,property_images/apartment_luxury.jpg|property_images/apartment_interior.jpg|property_images/apartment_street.jpg
114,منزل في المالكي,"منزل سكني عائلي في حي المالكي - مساحة 115 م² - 4 غرف, 2 حمامات. الحالة: جيد. الملكية: حكم محكمة. الطابق: أول. المميزات: قرب مستشفى, قرب مدرسة",313600,المالكي,115,4,2,منزل,جيد,"قرب مستشفى, قرب مدرسة",2026-02-06,بائع_75,967144109,بيوت شام,حكم محكمة,غير محدد,أول,33.503939,36.273414,2727,فاخرة,property_images/duplex_interior.jpg,property_images/bedroom.jpg|property_images/building_new_construction.jpg|property_images/apartment_street.jpg
115,مكتب في المالكي,"مكتب تجاري في حي المالكي - مساحة 52 م², 1 حمامات. الحالة: جديد. الملكية: بدون أوراق. الطابق: أرضي. المميزات: أثاث, شارع رئيسي, قرب مدرسة, كهرباء دولة, قرب مستشفى",139800,المالكي,52,0,1,مكتب,جديد,"أثاث, شارع رئيسي, قرب مدرسة, كهرباء دولة, قرب مستشفى",2026-03-05,بائع_125,936802371,إكار,بدون أوراق,كهرباء دولة,أرضي,33.503893,36.272604,2688,فاخرة,property_images/apartment_modern.jpg,property_images/house_traditional.jpg|property_images/apartment_luxury.jpg|property_images/apartment_street.jpg
116,شقة في المالكي,"شقة سكنية في بناء سكني في حي المالكي - مساحة 188 م² - 3 غرف, 2 حمامات. الحالة: كالجديد. الملكية: طابو أخضر. الطابق: ملحق. المميزات: مكيف, مصعد",654300,المالكي,188,3,2,شقة,كالجديد,"مكيف, مصعد",2025-11-19,بائع_244,991782139,بيوتنا,طابو أخضر,طاقة شمسية,ملحق,33.503601,36.275428,3480,فاخرة,property_images/apartment_interior.jpg,property_images/building_new_construction.jpg|property_images/house_traditional.jpg|property_images/villa_interior.jpg
117,بيت قديم في المالكي,"بيت تراثي دمشقي قديم في حي المالكي - مساحة 96 م² - 2 غرف, 1 حمامات. الحالة: ممتاز. الملكية: طابو نظامي. الطابق: أرضي. المميزات: طاقة شمسية, قرب مدرسة, تدفئة مركزية, بلكونة, مرآب, إطلالة مفتوحة",220500,المالكي,96,2,1,بيت قديم,ممتاز,"طاقة شمسية, قرب مدرسة, تدفئة مركزية, بلكونة, مرآب, إطلالة مفتوحة",2025-12-30,بائع_96,967139286,سوق.كوم,طابو نظامي,غير محدد,أرضي,33.506228,36.276515,2297,فاخرة,property_images/building_needs_renovation.jpg,property_images/apartment_modern.jpg|property_images/building_new_construction.jpg|property_images/house_traditional.jpg
118,شقة في المالكي,"شقة سكنية في بناء سكني في حي المالكي - مساحة 101 م² - 3 غرف, 2 حمامات. الحالة: جيد. الملكية: بدون أوراق. الطابق: ملحق. المميزات: شارع رئيسي, قرب مدرسة, شقة مفروشة, أبواب حديدية, مكيف",197400,المالكي,101,3,2,شقة,جيد,"شارع رئيسي, قرب مدرسة, شقة مفروشة, أبواب حديدية, مكيف",2026-04-07,بائع_170,950866634,دوشيش,بدون أوراق,"كهرباء دولة, طاقة شمسية",ملحق,33.50445,36.270396,1954,فاخرة,property_images/apartment_interior.jpg,property_images/building_needs_renovation.jpg|property_images/apartment_modern.jpg|property_images/villa_modern.jpg
119,بيت في المالكي,"بيت سكني تقليدي في حي المالكي - مساحة 64 م² - 2 غرف, 2 حمامات. الحالة: جيد. الملكية: طابو أخضر. الطابق: أول. المميزات: أثاث, بلكونة, غاز مركزي, مرآب, شقة مفروشة, حديقة",180600,المالكي,64,2,2,بيت,جيد,"أثاث, بلكونة, غاز مركزي, مرآب, شقة مفروشة, حديقة",2026-03-31,بائع_245,971360096,سوق.كوم,طابو أخضر,"كهرباء دولة, طاقة شمسية",أول,33.50829,36.274502,2822,فاخرة,property_images/building_needs_renovation.jpg,property_images/apartment_street.jpg|property_images/building_new_construction.jpg|property_images/apartment_economy.jpg
120,شقة في المالكي,"شقة سكنية في بناء سكني في حي المالكي - مساحة 140 م² - 3 غرف, 2 حمامات. الحالة: كالجديد. الملكية: كاتب عدل. الطابق: أول. المميزات: قرب مستشفى, مصعد, كهرباء دولة, إنترنت, طاقة شمسية, تدفئة مركزية",480000,المالكي,140,3,2,شقة,كالجديد,"قرب مستشفى, مصعد, كهرباء دولة, إنترنت, طاقة شمسية, تدفئة مركزية",2025-11-11,بائع_258,969823821,سوق.كوم,كاتب عدل,"كهرباء دولة, طاقة شمسية",أول,33.511158,36.277239,3429,فاخرة,property_images/apartment_interior.jpg,property_images/apartment_economy.jpg|property_images/duplex_interior.jpg|property_images/house_traditional.jpg
121,بيت في المالكي,"بيت سكني تقليدي في حي المالكي - مساحة 106 م² - 1 غرف, 1 حمامات. الحالة: يحتاج ترميم. الملكية: سجل عقاري. الطابق: خامس. المميزات: أبواب حديدية, مكيف, شبابيك دبل غلاس",154700,المالكي,106,1,1,بيت,يحتاج ترميم,"أبواب حديدية, مكيف, شبابيك دبل غلاس",2026-01-05,بائع_276,957898867,بيوتنا,سجل عقاري,كهرباء دولة,خامس,33.501787,36.275407,1459,فاخرة,property_images/house_traditional.jpg,property_images/apartment_interior.jpg|property_images/bedroom.jpg|property_images/building_new_construction.jpg
122,بيت قديم في المالكي,"بيت تراثي دمشقي قديم في حي المالكي - مساحة 73 م² - 4 غرف, 2 حمامات. الحالة: جيد. الملكية: كاتب عدل. الطابق: ملحق. المميزات: إنترنت, موقف سيارات, قرب مستشفى, حارس أمن, تدفئة مركزية, أثاث",123200,المالكي,73,4,2,بيت قديم,جيد,"إنترنت, موقف سيارات, قرب مستشفى, حارس أمن, تدفئة مركزية, أثاث",2025-12-23,بائع_227,944813341,بيوتنا,كاتب عدل,"كهرباء دولة, طاقة شمسية",ملحق,33.503707,36.272837,1688,فاخرة,property_images/house_traditional.jpg,property_images/bedroom.jpg|property_images/apartment_modern.jpg|property_images/building_needs_renovation.jpg
123,بيت قديم في المالكي,"بيت تراثي دمشقي قديم في حي المالكي - مساحة 159 م² - 3 غرف, 1 حمامات. الحالة: جيد. الملكية: كاتب عدل. الطابق: ملحق. المميزات: مكيف, شقة مفروشة, مرآب, شبابيك دبل غلاس, تدفئة مركزية",357500,المالكي,159,3,1,بيت قديم,جيد,"مكيف, شقة مفروشة, مرآب, شبابيك دبل غلاس, تدفئة مركزية",2026-04-30,بائع_203,962956113,سوق.كوم,كاتب عدل,كهرباء دولة,ملحق,33.504984,36.27796,2248,فاخرة,property_images/building_needs_renovation.jpg,property_images/building_needs_renovation.jpg|property_images/villa_modern.jpg|property_images/building_new_construction.jpg
124,بيت قديم في المالكي,"بيت تراثي دمشقي قديم في حي المالكي - مساحة 102 م² - 3 غرف, 1 حمامات. الحالة: جيد. الملكية: طابو أخضر. الطابق: أرضي. المميزات: تدفئة مركزية, موقف سيارات, أبواب حديدية, شارع رئيسي, بئر مياه خاص, مرآب",193500,المالكي,102,3,1,بيت قديم,جيد,"تدفئة مركزية, موقف سيارات, أبواب حديدية, شارع رئيسي, بئر مياه خاص, مرآب",2025-11-21,بائع_216,977501058,دوشيش,طابو أخضر,غير محدد,أرضي,33.508046,36.276078,1897,فاخرة,property_images/house_traditional.jpg,property_images/apartment_economy.jpg|property_images/apartment_interior.jpg|property_images/duplex_interior.jpg
125,محل تجاري في المالكي,"محل تجاري أو مكتب في حي المالكي - مساحة 34 م², 1 حمامات. الحالة: يحتاج ترميم. الملكية: سجل عقاري. الطابق: أول. المميزات: بلكونة, قرب مدرسة",74400,المالكي,34,0,1,محل تجاري,يحتاج ترميم,"بلكونة, قرب مدرسة",2026-03-09,بائع_2,932412856,دوشيش,سجل عقاري,كهرباء دولة,أول,33.503249,36.272234,2188,فاخرة,property_images/building_new_construction.jpg,property_images/apartment_kitchen.jpg|property_images/building_needs_renovation.jpg|property_images/house_traditional.jpg
126,بيت في المالكي,"بيت سكني تقليدي في حي المالكي - مساحة 137 م² - 1 غرف, 1 حمامات. الحالة: جيد. الملكية: سجل عقاري. الطابق: أرضي. المميزات: إنترنت, مكيف, كهرباء دولة, أثاث, حارس أمن",389500,المالكي,137,1,1,بيت,جيد,"إنترنت, مكيف, كهرباء دولة, أثاث, حارس أمن",2026-05-01,بائع_124,956170559,سوق.كوم,سجل عقاري,غير محدد,أرضي,33.502203,36.276126,2843,فاخرة,property_images/house_traditional.jpg,property_images/bedroom.jpg|property_images/duplex_interior.jpg|property_images/building_new_construction.jpg
127,بيت في المالكي,"بيت سكني تقليدي في حي المالكي - مساحة 90 م² - 1 غرف, 1 حمامات. الحالة: ممتاز. الملكية: حكم محكمة. الطابق: ثالث. المميزات: غاز مركزي, شبابيك دبل غلاس",215500,المالكي,90,1,1,بيت,ممتاز,"غاز مركزي, شبابيك دبل غلاس",2026-04-21,بائع_72,994403314,بيوتنا,حكم محكمة,كهرباء دولة,ثالث,33.503815,36.273272,2394,فاخرة,property_images/house_traditional.jpg,property_images/building_needs_renovation.jpg|property_images/townhouse.jpg|property_images/apartment_interior.jpg
128,بيت عربي في المالكي,"بيت عربي بقاعة داخلية واسعة في حي المالكي - مساحة 182 م² - 4 غرف, 1 حمامات. الحالة: جيد. الملكية: طابو نظامي. الطابق: أول. المميزات: مكيف, شقة مفروشة, طاقة شمسية, مرآب",416100,المالكي,182,4,1,بيت عربي,جيد,"مكيف, شقة مفروشة, طاقة شمسية, مرآب",2025-12-05,بائع_90,984682851,دوشيش,طابو نظامي,كهرباء دولة,أول,33.505541,36.2749,2286,فاخرة,property_images/duplex_interior.jpg,property_images/apartment_interior.jpg|property_images/villa_modern.jpg|property_images/apartment_street.jpg
129,شقة في المهاجرين,"شقة سكنية في بناء سكني في حي المهاجرين - مساحة 111 م² - 4 غرف, 2 حمامات. الحالة: ممتاز. الملكية: حكم محكمة. الطابق: ملحق. المميزات: مرآب, مكيف, بئر مياه خاص, غاز مركزي, بلكونة",154500,المهاجرين,111,4,2,شقة,ممتاز,"مرآب, مكيف, بئر مياه خاص, غاز مركزي, بلكونة",2026-02-18,بائع_74,989160423,إكار,حكم محكمة,كهرباء دولة,ملحق,33.506846,36.271511,1392,راقية,property_images/apartment_kitchen.jpg,property_images/bedroom.jpg|property_images/villa_modern.jpg|property_images/building_new_construction.jpg
130,منزل في المهاجرين,"منزل سكني عائلي في حي المهاجرين - مساحة 182 م² - 5 غرف, 1 حمامات. الحالة: ممتاز. الملكية: سجل عقاري. الطابق: أول. المميزات: أثاث, حديقة, موقف سيارات, شبابيك دبل غلاس",235200,المهاجرين,182,5,1,منزل,ممتاز,"أثاث, حديقة, موقف سيارات, شبابيك دبل غلاس",2026-03-18,بائع_27,964495489,إمتلاك,سجل عقاري,كهرباء دولة,أول,33.508199,36.271503,1292,راقية,property_images/duplex_interior.jpg,property_images/apartment_interior.jpg|property_images/villa_modern.jpg|property_images/duplex_interior.jpg
131,بيت في المهاجرين,"بيت سكني تقليدي في حي المهاجرين - مساحة 60 م² - 3 غرف, 1 حمامات. الحالة: جديد. الملكية: طابو أخضر. الطابق: ثالث. المميزات: أثاث, حديقة, بئر مياه خاص, مصعد, شارع رئيسي",131400,المهاجرين,60,3,1,بيت,جديد,"أثاث, حديقة, بئر مياه خاص, مصعد, شارع رئيسي",2026-01-03,بائع_125,956515898,بيوتنا,طابو أخضر,طاقة شمسية,ثالث,33.506675,36.271141,2190,راقية,property_images/building_needs_renovation.jpg,property_images/villa_modern.jpg|property_images/bedroom.jpg|property_images/building_needs_renovation.jpg
132,منزل في المهاجرين,"منزل سكني عائلي في حي المهاجرين - مساحة 125 م² - 4 غرف, 2 حمامات. الحالة: مقبول. الملكية: سجل عقاري. الطابق: أرضي. المميزات: إنترنت, شقة مفروشة, أبواب حديدية, شبابيك دبل غلاس",92600,المهاجرين,125,4,2,منزل,مقبول,"إنترنت, شقة مفروشة, أبواب حديدية, شبابيك دبل غلاس",2026-02-13,بائع_105,977428122,دوشيش,سجل عقاري,غير محدد,أرضي,33.504745,36.270096,741,راقية,property_images/duplex_interior.jpg,property_images/duplex_interior.jpg|property_images/townhouse.jpg|property_images/villa_interior.jpg
133,شقة في المهاجرين,"شقة سكنية في بناء سكني في حي المهاجرين - مساحة 129 م² - 1 غرف, 2 حمامات. الحالة: مقبول. الملكية: حكم محكمة. الطابق: خامس. المميزات: قرب مستشفى, شارع رئيسي, مرآب, بئر مياه خاص, مكيف, أثاث",140200,المهاجرين,129,1,2,شقة,مقبول,"قرب مستشفى, شارع رئيسي, مرآب, بئر مياه خاص, مكيف, أثاث",2026-03-04,بائع_256,973369826,ماروتا سيتي,حكم محكمة,كهرباء دولة,خامس,33.509277,36.266677,1087,راقية,property_images/apartment_kitchen.jpg,property_images/apartment_luxury.jpg|property_images/house_traditional.jpg|property_images/villa_modern.jpg
134,محل تجاري في المهاجرين,"محل تجاري أو مكتب في حي المهاجرين - مساحة 58 م² - 1 غرف, 1 حمامات. الحالة: يحتاج ترميم. الملكية: حكم محكمة. الطابق: ثاني. المميزات: إنترنت, بلكونة, مكيف",54400,المهاجرين,58,1,1,محل تجاري,يحتاج ترميم,"إنترنت, بلكونة, مكيف",2025-12-18,بائع_31,997135466,ماروتا سيتي,حكم محكمة,"كهرباء دولة, طاقة شمسية",ثاني,33.506696,36.270095,938,راقية,property_images/building_new_construction.jpg,property_images/bedroom.jpg|property_images/apartment_interior.jpg|property_images/building_needs_renovation.jpg
135,محل تجاري في المهاجرين,"محل تجاري أو مكتب في حي المهاجرين - مساحة 38 م², 1 حمامات. الحالة: يحتاج ترميم. الملكية: حكم محكمة. الطابق: ثاني. المميزات: شارع رئيسي, طاقة شمسية, موقف سيارات",46200,المهاجرين,38,0,1,محل تجاري,يحتاج ترميم,"شارع رئيسي, طاقة شمسية, موقف سيارات",2026-01-09,بائع_192,937747847,إمتلاك,حكم محكمة,"كهرباء دولة, طاقة شمسية",ثاني,33.510013,36.268846,1216,راقية,property_images/building_new_construction.jpg,property_images/townhouse.jpg|property_images/apartment_street.jpg|property_images/apartment_economy.jpg
136,بيت في المهاجرين,"بيت سكني تقليدي في حي المهاجرين - مساحة 135 م² - 2 غرف, 1 حمامات. الحالة: جيد. الملكية: سجل عقاري. الطابق: سادس. المميزات: قرب مدرسة, شارع رئيسي",133400,المهاجرين,135,2,1,بيت,جيد,"قرب مدرسة, شارع رئيسي",2026-02-24,بائع_275,966117975,إكار,سجل عقاري,كهرباء دولة,سادس,33.50906,36.272883,988,راقية,property_images/building_needs_renovation.jpg,property_images/building_new_construction.jpg|property_images/apartment_luxury.jpg|property_images/apartment_street.jpg
137,بيت عربي في المهاجرين,"بيت عربي بقاعة داخلية واسعة في حي المهاجرين - مساحة 100 م² - 3 غرف, 1 حمامات. الحالة: جيد. الملكية: كاتب عدل. الطابق: أرضي. المميزات: شقة مفروشة, مكيف",116800,المهاجرين,100,3,1,بيت عربي,جيد,"شقة مفروشة, مكيف",2026-02-04,بائع_137,980182857,بيوت شام,كاتب عدل,كهرباء دولة,أرضي,33.509154,36.269594,1168,راقية,property_images/house_traditional.jpg,property_images/apartment_modern.jpg|property_images/apartment_street.jpg|property_images/house_traditional.jpg
138,مكتب في المهاجرين,"مكتب تجاري في حي المهاجرين - مساحة 62 م², 1 حمامات. الحالة: جيد. الملكية: طابو نظامي. الطابق: أول. المميزات: موقف سيارات, تدفئة مركزية, شارع رئيسي, غاز مركزي",98500,المهاجرين,62,0,1,مكتب,جيد,"موقف سيارات, تدفئة مركزية, شارع رئيسي, غاز مركزي",2025-11-23,بائع_5,951186702,دوشيش,طابو نظامي,كهرباء دولة,أول,33.508173,36.269689,1589,راقية,property_images/apartment_modern.jpg,property_images/duplex_interior.jpg|property_images/apartment_street.jpg|property_images/bedroom.jpg
139,محل تجاري في المهاجرين,"محل تجاري أو مكتب في حي المهاجرين - مساحة 89 م², 1 حمامات. الحالة: جيد. الملكية: طابو نظامي. الطابق: أول. المميزات: أثاث, قرب مستشفى, أبواب حديدية",185200,المهاجرين,89,0,1,محل تجاري,جيد,"أثاث, قرب مستشفى, أبواب حديدية",2026-02-23,بائع_279,934288066,ماروتا سيتي,طابو نظامي,"كهرباء دولة, طاقة شمسية",أول,33.508675,36.269176,2081,راقية,property_images/building_new_construction.jpg,property_images/building_needs_renovation.jpg|property_images/townhouse.jpg|property_images/apartment_kitchen.jpg
140,شقة في المهاجرين,"شقة سكنية في بناء سكني في حي المهاجرين - مساحة 102 م² - 4 غرف, 1 حمامات. الحالة: يحتاج ترميم. الملكية: حكم محكمة. الطابق: ملحق. المميزات: بلكونة, قرب مستشفى, طاقة شمسية, غاز مركزي",106400,المهاجرين,102,4,1,شقة,يحتاج ترميم,"بلكونة, قرب مستشفى, طاقة شمسية, غاز مركزي",2026-03-31,بائع_41,994881667,بيوت شام,حكم محكمة,كهرباء دولة,ملحق,33.508789,36.269158,1043,راقية,property_images/apartment_kitchen.jpg,property_images/apartment_street.jpg|property_images/apartment_luxury.jpg|property_images/villa_modern.jpg
141,شقة في المهاجرين,"شقة سكنية في بناء سكني في حي المهاجرين - مساحة 130 م² - 3 غرف, 2 حمامات. الحالة: ممتاز. الملكية: كاتب عدل. الطابق: ثالث. المميزات: مصعد, كهرباء دولة, شبابيك دبل غلاس, أبواب حديدية",355400,المهاجرين,130,3,2,شقة,ممتاز,"مصعد, كهرباء دولة, شبابيك دبل غلاس, أبواب حديدية",2026-01-15,بائع_96,978189856,ماروتا سيتي,كاتب عدل,كهرباء دولة,ثالث,33.509742,36.269348,2734,راقية,property_images/apartment_interior.jpg,property_images/apartment_luxury.jpg|property_images/duplex_interior.jpg|property_images/house_traditional.jpg
142,بيت في المهاجرين,"بيت سكني تقليدي في حي المهاجرين - مساحة 146 م² - 1 غرف, 2 حمامات. الحالة: مقبول. الملكية: حكم محكمة. الطابق: خامس. المميزات: غاز مركزي, مكيف, شارع رئيسي",156500,المهاجرين,146,1,2,بيت,مقبول,"غاز مركزي, مكيف, شارع رئيسي",2026-02-16,بائع_228,976898329,بيوت شام,حكم محكمة,"كهرباء دولة, طاقة شمسية",خامس,33.503924,36.267984,1072,راقية,property_images/house_traditional.jpg,property_images/apartment_modern.jpg|property_images/apartment_kitchen.jpg|property_images/bedroom.jpg
143,شقة في المهاجرين,"شقة سكنية في بناء سكني في حي المهاجرين - مساحة 55 م² - 1 غرف, 1 حمامات. الحالة: جديد. الملكية: سجل عقاري. الطابق: ملحق. المميزات: موقف سيارات, إنترنت",108400,المهاجرين,55,1,1,شقة,جديد,"موقف سيارات, إنترنت",2026-02-11,بائع_198,931406024,دوشيش,سجل عقاري,كهرباء دولة,ملحق,33.508037,36.273353,1971,راقية,property_images/apartment_economy.jpg,property_images/house_traditional.jpg|property_images/apartment_kitchen.jpg|property_images/apartment_interior.jpg
144,شقة في المهاجرين,"شقة سكنية في بناء سكني في حي المهاجرين - مساحة 131 م² - 2 غرف, 1 حمامات. الحالة: جديد. الملكية: بدون أوراق. الطابق: سابع. المميزات: بلكونة, مكيف, كهرباء دولة, بئر مياه خاص, قرب مستشفى",208600,المهاجرين,131,2,1,شقة,جديد,"بلكونة, مكيف, كهرباء دولة, بئر مياه خاص, قرب مستشفى",2026-02-24,بائع_216,968607753,ماروتا سيتي,بدون أوراق,"كهرباء دولة, طاقة شمسية",سابع,33.509659,36.265578,1592,راقية,property_images/apartment_economy.jpg,property_images/villa_interior.jpg|property_images/townhouse.jpg|property_images/building_needs_renovation.jpg
145,شقة في المهاجرين,"شقة سكنية في بناء سكني في حي المهاجرين - مساحة 128 م² - 4 غرف, 1 حمامات. الحالة: ممتاز. الملكية: طابو نظامي. الطابق: خامس. المميزات: حارس أمن, مكيف, بئر مياه خاص, مصعد, غاز مركزي",288500,المهاجرين,128,4,1,شقة,ممتاز,"حارس أمن, مكيف, بئر مياه خاص, مصعد, غاز مركزي",2026-02-10,بائع_226,972551533,ماروتا سيتي,طابو نظامي,غير محدد,خامس,33.505043,36.272288,2254,راقية,property_images/apartment_luxury.jpg,property_images/building_new_construction.jpg|property_images/apartment_economy.jpg|property_images/apartment_interior.jpg
146,محل تجاري في المهاجرين,"محل تجاري أو مكتب في حي المهاجرين - مساحة 68 م² - 1 غرف, 1 حمامات. الحالة: جيد. الملكية: حكم محكمة. الطابق: أول. المميزات: أثاث, أبواب حديدية, حديقة, بلكونة, غاز مركزي, قرب مستشفى",113500,المهاجرين,68,1,1,محل تجاري,جيد,"أثاث, أبواب حديدية, حديقة, بلكونة, غاز مركزي, قرب مستشفى",2025-12-09,بائع_125,971494322,بيوت شام,حكم محكمة,غير محدد,أول,33.509266,36.274541,1669,راقية,property_images/building_new_construction.jpg,property_images/building_new_construction.jpg|property_images/apartment_modern.jpg|property_images/bedroom.jpg
147,بيت عربي في المهاجرين,"بيت عربي بقاعة داخلية واسعة في حي المهاجرين - مساحة 189 م² - 3 غرف, 3 حمامات. الحالة: ممتاز. الملكية: طابو أخضر. الطابق: أول. المميزات: بلكونة, قرب مدرسة, مصعد, شبابيك دبل غلاس, أثاث, إطلالة مفتوحة",341400,المهاجرين,189,3,3,بيت عربي,ممتاز,"بلكونة, قرب مدرسة, مصعد, شبابيك دبل غلاس, أثاث, إطلالة مفتوحة",2026-01-21,بائع_256,947764100,بيوت شام,طابو أخضر,طاقة شمسية,أول,33.507081,36.2683,1806,راقية,property_images/duplex_interior.jpg,property_images/building_new_construction.jpg|property_images/building_needs_renovation.jpg|property_images/duplex_interior.jpg
148,شقة في المهاجرين,"شقة سكنية في بناء سكني في حي المهاجرين - مساحة 149 م² - 4 غرف, 1 حمامات. الحالة: جيد. الملكية: حكم محكمة. الطابق: سادس. المميزات: إطلالة مفتوحة, أبواب حديدية, قرب مستشفى, غاز مركزي, شقة مفروشة",189700,المهاجرين,149,4,1,شقة,جيد,"إطلالة مفتوحة, أبواب حديدية, قرب مستشفى, غاز مركزي, شقة مفروشة",2026-02-02,بائع_275,940214682,ماروتا سيتي,حكم محكمة,كهرباء دولة,سادس,33.508143,36.269045,1273,راقية,property_images/bedroom.jpg,property_images/apartment_luxury.jpg|property_images/apartment_economy.jpg|property_images/villa_modern.jpg
149,شقة في المهاجرين,"شقة سكنية في بناء سكني في حي المهاجرين - مساحة 136 م² - 1 غرف, 2 حمامات. الحالة: جيد. الملكية: طابو أخضر. الطابق: رابع. المميزات: مرآب, حارس أمن, مصعد, إطلالة مفتوحة",250600,المهاجرين,136,1,2,شقة,جيد,"مرآب, حارس أمن, مصعد, إطلالة مفتوحة",2025-12-14,بائع_298,958567432,بيوت شام,طابو أخضر,كهرباء دولة,رابع,33.510075,36.26898,1843,راقية,property_images/apartment_street.jpg,property_images/apartment_kitchen.jpg|property_images/villa_interior.jpg|property_images/building_new_construction.jpg
150,شقة في المهاجرين,"شقة سكنية في بناء سكني في حي المهاجرين - مساحة 110 م² - 2 غرف, 2 حمامات. الحالة: مقبول. الملكية: حكم محكمة. الطابق: رابع. المميزات: أبواب حديدية, حارس أمن",116600,المهاجرين,110,2,2,شقة,مقبول,"أبواب حديدية, حارس أمن",2026-04-06,بائع_73,974427040,بيوت شام,حكم محكمة,كهرباء دولة,رابع,33.507111,36.270755,1060,راقية,property_images/apartment_luxury.jpg,property_images/apartment_luxury.jpg|property_images/apartment_kitchen.jpg|property_images/building_needs_renovation.jpg
151,منزل في المهاجرين,"منزل سكني عائلي في حي المهاجرين - مساحة 194 م² - 5 غرف, 1 حمامات. الحالة: كالجديد. الملكية: سجل عقاري. الطابق: ملحق. المميزات: شبابيك دبل غلاس, حديقة, موقف سيارات, بئر مياه خاص, تدفئة مركزية",280800,المهاجرين,194,5,1,منزل,كالجديد,"شبابيك دبل غلاس, حديقة, موقف سيارات, بئر مياه خاص, تدفئة مركزية",2025-11-21,بائع_56,951876459,بيوتنا,سجل عقاري,كهرباء دولة,ملحق,33.509739,36.272711,1447,راقية,property_images/house_traditional.jpg,property_images/building_needs_renovation.jpg|property_images/villa_interior.jpg|property_images/bedroom.jpg
152,منزل في المهاجرين,"منزل سكني عائلي في حي المهاجرين - مساحة 178 م² - 5 غرف, 2 حمامات. الحالة: جيد. الملكية: طابو نظامي. الطابق: ملحق. المميزات: غاز مركزي, بلكونة, إطلالة مفتوحة",422600,المهاجرين,178,5,2,منزل,جيد,"غاز مركزي, بلكونة, إطلالة مفتوحة",2025-11-29,بائع_102,987720970,دوشيش,طابو نظامي,غير محدد,ملحق,33.506452,36.267511,2374,راقية,property_images/duplex_interior.jpg,property_images/duplex_interior.jpg|property_images/building_new_construction.jpg|property_images/house_traditional.jpg
153,شقة في المهاجرين,"شقة سكنية في بناء سكني في حي المهاجرين - مساحة 57 م² - 1 غرف, 1 حمامات. الحالة: جيد. الملكية: طابو نظامي. الطابق: رابع. المميزات: بلكونة, إنترنت, حديقة, أثاث, شبابيك دبل غلاس, حارس أمن",133200,المهاجرين,57,1,1,شقة,جيد,"بلكونة, إنترنت, حديقة, أثاث, شبابيك دبل غلاس, حارس أمن",2025-11-23,بائع_161,979741003,دوشيش,طابو نظامي,غير محدد,رابع,33.509309,36.269889,2337,راقية,property_images/apartment_interior.jpg,property_images/apartment_modern.jpg|property_images/apartment_street.jpg|property_images/apartment_interior.jpg
154,بيت في المهاجرين,"بيت سكني تقليدي في حي المهاجرين - مساحة 118 م² - 3 غرف, 1 حمامات. الحالة: ممتاز. الملكية: كاتب عدل. الطابق: خامس. المميزات: إطلالة مفتوحة, قرب مستشفى, موقف سيارات, مكيف",129700,المهاجرين,118,3,1,بيت,ممتاز,"إطلالة مفتوحة, قرب مستشفى, موقف سيارات, مكيف",2026-03-20,بائع_192,948635638,دوشيش,كاتب عدل,"كهرباء دولة, طاقة شمسية",خامس,33.512892,36.270258,1099,راقية,property_images/building_needs_renovation.jpg,property_images/villa_interior.jpg|property_images/townhouse.jpg|property_images/villa_modern.jpg
155,منزل في المهاجرين,"منزل سكني عائلي في حي المهاجرين - مساحة 164 م² - 3 غرف, 2 حمامات. الحالة: كالجديد. الملكية: سجل عقاري. الطابق: أرضي. المميزات: شارع رئيسي, بلكونة, قرب مدرسة, إطلالة مفتوحة, أبواب حديدية, بئر مياه خاص",364500,المهاجرين,164,3,2,منزل,كالجديد,"شارع رئيسي, بلكونة, قرب مدرسة, إطلالة مفتوحة, أبواب حديدية, بئر مياه خاص",2025-11-28,بائع_28,975110048,دوشيش,سجل عقاري,كهرباء دولة,أرضي,33.508962,36.270448,2223,راقية,property_images/house_traditional.jpg,property_images/apartment_kitchen.jpg|property_images/apartment_street.jpg|property_images/villa_modern.jpg
156,شقة في المهاجرين,"شقة سكنية في بناء سكني في حي المهاجرين - مساحة 92 م² - 4 غرف, 2 حمامات. الحالة: مقبول. الملكية: بدون أوراق. الطابق: أرضي. المميزات: مرآب, شبابيك دبل غلاس, أبواب حديدية, بلكونة, موقف سيارات",112600,المهاجرين,92,4,2,شقة,مقبول,"مرآب, شبابيك دبل غلاس, أبواب حديدية, بلكونة, موقف سيارات",2026-04-27,بائع_141,958663723,بيوت شام,بدون أوراق,طاقة شمسية,أرضي,33.511764,36.272691,1224,راقية,property_images/bedroom.jpg,property_images/building_new_construction.jpg|property_images/apartment_street.jpg|property_images/apartment_modern.jpg
157,شقة في المهاجرين,"شقة سكنية في بناء سكني في حي المهاجرين - مساحة 175 م² - 4 غرف, 1 حمامات. الحالة: جيد. الملكية: حكم محكمة. الطابق: ملحق. المميزات: حارس أمن, كهرباء دولة, قرب مدرسة, إنترنت, تدفئة مركزية, شبابيك دبل غلاس",247300,المهاجرين,175,4,1,شقة,جيد,"حارس أمن, كهرباء دولة, قرب مدرسة, إنترنت, تدفئة مركزية, شبابيك دبل غلاس",2025-11-19,بائع_127,968133796,دوشيش,حكم محكمة,كهرباء دولة,ملحق,33.506021,36.269748,1413,راقية,property_images/apartment_economy.jpg,property_images/apartment_interior.jpg|property_images/apartment_luxury.jpg|property_images/apartment_economy.jpg
158,شقة في المهاجرين,"شقة سكنية في بناء سكني في حي المهاجرين - مساحة 121 م² - 1 غرف, 1 حمامات. الحالة: مقبول. الملكية: طابو أخضر. الطابق: ثاني. المميزات: قرب مستشفى, إنترنت, مرآب",227200,المهاجرين,121,1,1,شقة,مقبول,"قرب مستشفى, إنترنت, مرآب",2026-03-14,بائع_31,974658136,بيوت شام,طابو أخضر,غير محدد,ثاني,33.504615,36.273059,1878,راقية,property_images/bedroom.jpg,property_images/building_new_construction.jpg|property_images/building_needs_renovation.jpg|property_images/apartment_luxury.jpg
159,بيت في المهاجرين,"بيت سكني تقليدي في حي المهاجرين - مساحة 105 م² - 2 غرف, 2 حمامات. الحالة: كالجديد. الملكية: بدون أوراق. الطابق: رابع. المميزات: كهرباء دولة, شقة مفروشة, حارس أمن, مكيف, مرآب, تدفئة مركزية",123100,المهاجرين,105,2,2,بيت,كالجديد,"كهرباء دولة, شقة مفروشة, حارس أمن, مكيف, مرآب, تدفئة مركزية",2026-04-02,بائع_128,948845951,بيوت شام,بدون أوراق,طاقة شمسية,رابع,33.505976,36.26669,1172,راقية,property_images/house_traditional.jpg,property_images/building_new_construction.jpg|property_images/duplex_interior.jpg|property_images/building_needs_renovation.jpg
160,محل تجاري في المهاجرين,"محل تجاري أو مكتب في حي المهاجرين - مساحة 80 م² - 1 غرف, 1 حمامات. الحالة: مقبول. الملكية: حكم محكمة. الطابق: ثاني. المميزات: شارع رئيسي, كهرباء دولة, مرآب, غاز مركزي, شبابيك دبل غلاس, موقف سيارات",131500,المهاجرين,80,1,1,محل تجاري,مقبول,"شارع رئيسي, كهرباء دولة, مرآب, غاز مركزي, شبابيك دبل غلاس, موقف سيارات",2026-01-22,بائع_264,965828449,بيوت شام,حكم محكمة,غير محدد,ثاني,33.50542,36.26741,1644,راقية,property_images/building_new_construction.jpg,property_images/townhouse.jpg|property_images/apartment_economy.jpg|property_images/house_traditional.jpg
161,منزل في المهاجرين,"منزل سكني عائلي في حي المهاجرين - مساحة 144 م² - 2 غرف, 3 حمامات. الحالة: جيد. الملكية: حكم محكمة. الطابق: أرضي. المميزات: شارع رئيسي, إنترنت, موقف سيارات, قرب مدرسة, غاز مركزي",314100,المهاجرين,144,2,3,منزل,جيد,"شارع رئيسي, إنترنت, موقف سيارات, قرب مدرسة, غاز مركزي",2025-12-30,بائع_138,971968581,بيوت شام,حكم محكمة,غير محدد,أرضي,33.507481,36.266994,2181,راقية,property_images/duplex_interior.jpg,property_images/villa_interior.jpg|property_images/apartment_luxury.jpg|property_images/building_new_construction.jpg
162,شقة في المهاجرين,"شقة سكنية في بناء سكني في حي المهاجرين - مساحة 111 م² - 4 غرف, 2 حمامات. الحالة: جيد. الملكية: حكم محكمة. الطابق: سابع. المميزات: تدفئة مركزية, حارس أمن",167600,المهاجرين,111,4,2,شقة,جيد,"تدفئة مركزية, حارس أمن",2026-03-26,بائع_226,988100708,دوشيش,حكم محكمة,كهرباء دولة,سابع,33.502606,36.269891,1510,راقية,property_images/bedroom.jpg,property_images/townhouse.jpg|property_images/apartment_kitchen.jpg|property_images/building_needs_renovation.jpg
163,شقة في المهاجرين,"شقة سكنية في بناء سكني في حي المهاجرين - مساحة 111 م² - 3 غرف, 1 حمامات. الحالة: جيد. الملكية: طابو أخضر. الطابق: خامس. المميزات: موقف سيارات, إنترنت, كهرباء دولة, شارع رئيسي",221700,المهاجرين,111,3,1,شقة,جيد,"موقف سيارات, إنترنت, كهرباء دولة, شارع رئيسي",2026-04-22,بائع_203,969861253,إمتلاك,طابو أخضر,غير محدد,خامس,33.511698,36.272253,1997,راقية,property_images/bedroom.jpg,property_images/building_needs_renovation.jpg|property_images/villa_modern.jpg|property_images/villa_interior.jpg
164,بيت قديم في المهاجرين,"بيت تراثي دمشقي قديم في حي المهاجرين - مساحة 90 م² - 2 غرف, 1 حمامات. الحالة: ممتاز. الملكية: طابو أخضر. الطابق: ملحق. المميزات: أبواب حديدية, موقف سيارات, مكيف",92300,المهاجرين,90,2,1,بيت قديم,ممتاز,"أبواب حديدية, موقف سيارات, مكيف",2026-05-03,بائع_5,973956800,سوق.كوم,طابو أخضر,كهرباء دولة,ملحق,33.513147,36.270118,1026,راقية,property_images/building_needs_renovation.jpg,property_images/apartment_interior.jpg|property_images/villa_interior.jpg|property_images/building_new_construction.jpg
165,مكتب في المهاجرين,"مكتب تجاري في حي المهاجرين - مساحة 55 م², 1 حمامات. الحالة: ممتاز. الملكية: طابو أخضر. الطابق: أرضي. المميزات: غاز مركزي, موقف سيارات, حارس أمن",113700,المهاجرين,55,0,1,مكتب,ممتاز,"غاز مركزي, موقف سيارات, حارس أمن",2026-03-31,بائع_196,947772741,إمتلاك,طابو أخضر,كهرباء دولة,أرضي,33.508396,36.269711,2067,راقية,property_images/apartment_interior.jpg,property_images/apartment_kitchen.jpg|property_images/apartment_street.jpg|property_images/villa_modern.jpg
166,شقة في المهاجرين,"شقة سكنية في بناء سكني في حي المهاجرين - مساحة 99 م² - 2 غرف, 2 حمامات. الحالة: جيد. الملكية: طابو أخضر. الطابق: ثالث. المميزات: أثاث, مكيف, مرآب, شبابيك دبل غلاس",145400,المهاجرين,99,2,2,شقة,جيد,"أثاث, مكيف, مرآب, شبابيك دبل غلاس",2026-04-04,بائع_197,974550246,بيوت شام,طابو أخضر,"كهرباء دولة, طاقة شمسية",ثالث,33.507934,36.268913,1469,راقية,property_images/apartment_modern.jpg,property_images/townhouse.jpg|property_images/building_needs_renovation.jpg|property_images/house_traditional.jpg
167,بيت عربي في المهاجرين,"بيت عربي بقاعة داخلية واسعة في حي المهاجرين - مساحة 144 م² - 3 غرف, 3 حمامات. الحالة: كالجديد. الملكية: حكم محكمة. الطابق: ملحق. المميزات: إطلالة مفتوحة, شارع رئيسي, بئر مياه خاص, مصعد, قرب مستشفى, أثاث",263400,المهاجرين,144,3,3,بيت عربي,كالجديد,"إطلالة مفتوحة, شارع رئيسي, بئر مياه خاص, مصعد, قرب مستشفى, أثاث",2026-01-25,بائع_152,936921875,ماروتا سيتي,حكم محكمة,طاقة شمسية,ملحق,33.50749,36.273008,1829,راقية,property_images/duplex_interior.jpg,property_images/apartment_luxury.jpg|property_images/apartment_economy.jpg|property_images/duplex_interior.jpg
168,مكتب في المهاجرين,"مكتب تجاري في حي المهاجرين - مساحة 25 م², 1 حمامات. الحالة: جيد. الملكية: طابو أخضر. الطابق: أول. المميزات: موقف سيارات, شقة مفروشة, مصعد, إنترنت, حديقة, مكيف",59500,المهاجرين,25,0,1,مكتب,جيد,"موقف سيارات, شقة مفروشة, مصعد, إنترنت, حديقة, مكيف",2026-02-01,بائع_280,952899776,دوشيش,طابو أخضر,غير محدد,أول,33.510492,36.265853,2380,راقية,property_images/apartment_modern.jpg,property_images/apartment_economy.jpg|property_images/building_needs_renovation.jpg|property_images/apartment_interior.jpg
169,مكتب في المهاجرين,"مكتب تجاري في حي المهاجرين - مساحة 48 م², 1 حمامات. الحالة: مقبول. الملكية: طابو أخضر. الطابق: أرضي. المميزات: كهرباء دولة, أثاث",70600,المهاجرين,48,0,1,مكتب,مقبول,"كهرباء دولة, أثاث",2026-01-24,بائع_260,966759104,إمتلاك,طابو أخضر,غير محدد,أرضي,33.505185,36.268444,1471,راقية,property_images/apartment_modern.jpg,property_images/apartment_interior.jpg|property_images/apartment_economy.jpg|property_images/apartment_kitchen.jpg
170,منزل في المهاجرين,"منزل سكني عائلي في حي المهاجرين - مساحة 110 م² - 2 غرف, 3 حمامات. الحالة: ممتاز. الملكية: حكم محكمة. الطابق: أرضي. المميزات: قرب مدرسة, إطلالة مفتوحة, مكيف, كهرباء دولة, موقف سيارات, بئر مياه خاص",270500,المهاجرين,110,2,3,منزل,ممتاز,"قرب مدرسة, إطلالة مفتوحة, مكيف, كهرباء دولة, موقف سيارات, بئر مياه خاص",2026-03-27,بائع_275,971509711,إكار,حكم محكمة,"كهرباء دولة, طاقة شمسية",أرضي,33.509871,36.272543,2459,راقية,property_images/townhouse.jpg,property_images/villa_modern.jpg|property_images/apartment_modern.jpg|property_images/apartment_kitchen.jpg
171,بيت في المهاجرين,"بيت سكني تقليدي في حي المهاجرين - مساحة 131 م² - 1 غرف, 2 حمامات. الحالة: مقبول. الملكية: حكم محكمة. الطابق: أول. المميزات: طاقة شمسية, تدفئة مركزية, شارع رئيسي, موقف سيارات, مرآب",112200,المهاجرين,131,1,2,بيت,مقبول,"طاقة شمسية, تدفئة مركزية, شارع رئيسي, موقف سيارات, مرآب",2026-02-15,بائع_90,945113280,إمتلاك,حكم محكمة,كهرباء دولة,أول,33.506951,36.270979,856,راقية,property_images/house_traditional.jpg,property_images/apartment_modern.jpg|property_images/house_traditional.jpg|property_images/villa_modern.jpg
172,شقة في المهاجرين,"شقة سكنية في بناء سكني في حي المهاجرين - مساحة 77 م² - 3 غرف, 2 حمامات. الحالة: جديد. الملكية: سجل عقاري. الطابق: أول. المميزات: إنترنت, مكيف, كهرباء دولة",196000,المهاجرين,77,3,2,شقة,جديد,"إنترنت, مكيف, كهرباء دولة",2026-01-16,بائع_140,997166974,بيوت شام,سجل عقاري,طاقة شمسية,أول,33.507519,36.26925,2545,راقية,property_images/apartment_economy.jpg,property_images/apartment_luxury.jpg|property_images/house_traditional.jpg|property_images/apartment_economy.jpg
173,بيت قديم في المهاجرين,"بيت تراثي دمشقي قديم في حي المهاجرين - مساحة 124 م² - 3 غرف, 2 حمامات. الحالة: جيد. الملكية: طابو أخضر. الطابق: أرضي. المميزات: أبواب حديدية, قرب مستشفى",175800,المهاجرين,124,3,2,بيت قديم,جيد,"أبواب حديدية, قرب مستشفى",2026-04-09,بائع_294,944339499,إمتلاك,طابو أخضر,"كهرباء دولة, طاقة شمسية",أرضي,33.507278,36.272319,1418,راقية,property_images/house_traditional.jpg,property_images/townhouse.jpg|property_images/house_traditional.jpg|property_images/building_needs_renovation.jpg
174,منزل في المهاجرين,"منزل سكني عائلي في حي المهاجرين - مساحة 111 م² - 3 غرف, 1 حمامات. الحالة: جديد. الملكية: كاتب عدل. الطابق: ملحق. المميزات: إنترنت, غاز مركزي, مكيف, بلكونة, تدفئة مركزية",262800,المهاجرين,111,3,1,منزل,جديد,"إنترنت, غاز مركزي, مكيف, بلكونة, تدفئة مركزية",2025-11-19,بائع_215,958437433,بيوتنا,كاتب عدل,غير محدد,ملحق,33.509186,36.269381,2368,راقية,property_images/townhouse.jpg,property_images/house_traditional.jpg|property_images/building_needs_renovation.jpg|property_images/villa_interior.jpg
175,منزل في المهاجرين,"منزل سكني عائلي في حي المهاجرين - مساحة 174 م² - 2 غرف, 3 حمامات. الحالة: جيد. الملكية: طابو نظامي. الطابق: أرضي. المميزات: حارس أمن, شقة مفروشة, تدفئة مركزية, بلكونة",193200,المهاجرين,174,2,3,منزل,جيد,"حارس أمن, شقة مفروشة, تدفئة مركزية, بلكونة",2026-01-23,بائع_36,989396020,ماروتا سيتي,طابو نظامي,غير محدد,أرضي,33.509848,36.26963,1110,راقية,property_images/house_traditional.jpg,property_images/villa_interior.jpg|property_images/duplex_interior.jpg|property_images/townhouse.jpg
176,محل تجاري في المهاجرين,"محل تجاري أو مكتب في حي المهاجرين - مساحة 46 م², 1 حمامات. الحالة: ممتاز. الملكية: حكم محكمة. الطابق: ثاني. المميزات: بئر مياه خاص, قرب مستشفى, شارع رئيسي",120200,المهاجرين,46,0,1,محل تجاري,ممتاز,"بئر مياه خاص, قرب مستشفى, شارع رئيسي",2025-12-05,بائع_253,955868043,إكار,حكم محكمة,غير محدد,ثاني,33.506591,36.267183,2613,راقية,property_images/building_new_construction.jpg,property_images/apartment_interior.jpg|property_images/house_traditional.jpg|property_images/duplex_interior.jpg
177,بيت عربي في المهاجرين,"بيت عربي بقاعة داخلية واسعة في حي المهاجرين - مساحة 102 م² - 5 غرف, 1 حمامات. الحالة: كالجديد. الملكية: طابو أخضر. الطابق: أول. المميزات: قرب مدرسة, إنترنت, مصعد",219800,المهاجرين,102,5,1,بيت عربي,كالجديد,"قرب مدرسة, إنترنت, مصعد",2026-02-16,بائع_54,956655550,بيوتنا,طابو أخضر,كهرباء دولة,أول,33.505439,36.27351,2155,راقية,property_images/duplex_interior.jpg,property_images/apartment_interior.jpg|property_images/bedroom.jpg|property_images/apartment_street.jpg
178,منزل في المهاجرين,"منزل سكني عائلي في حي المهاجرين - مساحة 80 م² - 3 غرف, 3 حمامات. الحالة: يحتاج ترميم. الملكية: بدون أوراق. الطابق: أول. المميزات: موقف سيارات, تدفئة مركزية, طاقة شمسية, شقة مفروشة",98800,المهاجرين,80,3,3,منزل,يحتاج ترميم,"موقف سيارات, تدفئة مركزية, طاقة شمسية, شقة مفروشة",2026-04-14,بائع_298,942629979,بيوتنا,بدون أوراق,غير محدد,أول,33.508422,36.269807,1235,راقية,property_images/townhouse.jpg,property_images/duplex_interior.jpg|property_images/bedroom.jpg|property_images/apartment_street.jpg
179,بيت في المهاجرين,"بيت سكني تقليدي في حي المهاجرين - مساحة 93 م² - 1 غرف, 2 حمامات. الحالة: ممتاز. الملكية: حكم محكمة. الطابق: خامس. المميزات: طاقة شمسية, بئر مياه خاص, كهرباء دولة",156500,المهاجرين,93,1,2,بيت,ممتاز,"طاقة شمسية, بئر مياه خاص, كهرباء دولة",2026-02-11,بائع_163,987385166,بيوتنا,حكم محكمة,غير محدد,خامس,33.507925,36.272207,1683,راقية,property_images/building_needs_renovation.jpg,property_images/bedroom.jpg|property_images/villa_interior.jpg|property_images/building_needs_renovation.jpg
180,شقة في المهاجرين,"شقة سكنية في بناء سكني في حي المهاجرين - مساحة 123 م² - 1 غرف, 1 حمامات. الحالة: كالجديد. الملكية: كاتب عدل. الطابق: سابع. المميزات: بلكونة, شبابيك دبل غلاس",252700,المهاجرين,123,1,1,شقة,كالجديد,"بلكونة, شبابيك دبل غلاس",2026-02-03,بائع_107,987423284,دوشيش,كاتب عدل,"كهرباء دولة, طاقة شمسية",سابع,33.507273,36.269886,2054,راقية,property_images/apartment_economy.jpg,property_images/apartment_modern.jpg|property_images/apartment_economy.jpg|property_images/duplex_interior.jpg
181,شقة في المهاجرين,"شقة سكنية في بناء سكني في حي المهاجرين - مساحة 130 م² - 3 غرف, 1 حمامات. الحالة: كالجديد. الملكية: طابو أخضر. الطابق: ثالث. المميزات: حديقة, مكيف, موقف سيارات",154700,المهاجرين,130,3,1,شقة,كالجديد,"حديقة, مكيف, موقف سيارات",2026-04-23,بائع_154,963959926,بيوتنا,طابو أخضر,غير محدد,ثالث,33.505304,36.271487,1190,راقية,property_images/apartment_kitchen.jpg,property_images/townhouse.jpg|property_images/house_traditional.jpg|property_images/bedroom.jpg
182,شقة في المهاجرين,"شقة سكنية في بناء سكني في حي المهاجرين - مساحة 125 م² - 2 غرف, 1 حمامات. الحالة: ممتاز. الملكية: سجل عقاري. الطابق: ثالث. المميزات: حارس أمن, مكيف, شارع رئيسي, مصعد, تدفئة مركزية",214700,المهاجرين,125,2,1,شقة,ممتاز,"حارس أمن, مكيف, شارع رئيسي, مصعد, تدفئة مركزية",2026-01-30,بائع_44,963952227,سوق.كوم,سجل عقاري,كهرباء دولة,ثالث,33.508037,36.270695,1718,راقية,property_images/apartment_kitchen.jpg,property_images/villa_modern.jpg|property_images/apartment_luxury.jpg|property_images/villa_interior.jpg
183,شقة في المهاجرين,"شقة سكنية في بناء سكني في حي المهاجرين - مساحة 101 م² - 4 غرف, 1 حمامات. الحالة: جديد. الملكية: بدون أوراق. الطابق: أرضي. المميزات: حديقة, حارس أمن",137100,المهاجرين,101,4,1,شقة,جديد,"حديقة, حارس أمن",2025-12-10,بائع_222,980620226,سوق.كوم,بدون أوراق,طاقة شمسية,أرضي,33.508392,36.268043,1357,راقية,property_images/apartment_luxury.jpg,property_images/villa_interior.jpg|property_images/apartment_modern.jpg|property_images/apartment_economy.jpg
184,شقة في المهاجرين,"شقة سكنية في بناء سكني في حي المهاجرين - مساحة 134 م² - 2 غرف, 2 حمامات. الحالة: ممتاز. الملكية: سجل عقاري. الطابق: رابع. المميزات: شبابيك دبل غلاس, مكيف, تدفئة مركزية, طاقة شمسية",138500,المهاجرين,134,2,2,شقة,ممتاز,"شبابيك دبل غلاس, مكيف, تدفئة مركزية, طاقة شمسية",2026-01-03,بائع_32,941393366,دوشيش,سجل عقاري,كهرباء دولة,رابع,33.510058,36.270945,1034,راقية,property_images/apartment_street.jpg,property_images/duplex_interior.jpg|property_images/townhouse.jpg|property_images/apartment_street.jpg
185,شقة في المهاجرين,"شقة سكنية في بناء سكني في حي المهاجرين - مساحة 128 م² - 2 غرف, 1 حمامات. الحالة: كالجديد. الملكية: كاتب عدل. الطابق: ملحق. المميزات: إنترنت, أبواب حديدية, قرب مدرسة, إطلالة مفتوحة, شارع رئيسي",315700,المهاجرين,128,2,1,شقة,كالجديد,"إنترنت, أبواب حديدية, قرب مدرسة, إطلالة مفتوحة, شارع رئيسي",2026-04-29,بائع_164,958130726,ماروتا سيتي,كاتب عدل,"كهرباء دولة, طاقة شمسية",ملحق,33.511331,36.272029,2466,راقية,property_images/apartment_interior.jpg,property_images/apartment_kitchen.jpg|property_images/apartment_modern.jpg|property_images/villa_modern.jpg
186,بيت عربي في المهاجرين,"بيت عربي بقاعة داخلية واسعة في حي المهاجرين - مساحة 100 م² - 4 غرف, 3 حمامات. الحالة: جديد. الملكية: بدون أوراق. الطابق: ملحق. المميزات: بلكونة, حارس أمن, طاقة شمسية",103100,المهاجرين,100,4,3,بيت عربي,جديد,"بلكونة, حارس أمن, طاقة شمسية",2026-04-21,بائع_113,979472039,ماروتا سيتي,بدون أوراق,كهرباء دولة,ملحق,33.50675,36.270052,1031,راقية,property_images/duplex_interior.jpg,property_images/house_traditional.jpg|property_images/townhouse.jpg|property_images/apartment_street.jpg
187,مكتب في المهاجرين,"مكتب تجاري في حي المهاجرين - مساحة 65 م², 1 حمامات. الحالة: كالجديد. الملكية: طابو نظامي. الطابق: ثاني. المميزات: قرب مستشفى, مصعد, إنترنت, مكيف",121700,المهاجرين,65,0,1,مكتب,كالجديد,"قرب مستشفى, مصعد, إنترنت, مكيف",2025-12-30,بائع_278,969284084,دوشيش,طابو نظامي,غير محدد,ثاني,33.508374,36.268489,1872,راقية,property_images/apartment_modern.jpg,property_images/villa_interior.jpg|property_images/building_needs_renovation.jpg|property_images/duplex_interior.jpg
188,شقة في المهاجرين,"شقة سكنية في بناء سكني في حي المهاجرين - مساحة 98 م² - 1 غرف, 2 حمامات. الحالة: جديد. الملكية: حكم محكمة. الطابق: ثالث. المميزات: حديقة, إطلالة مفتوحة",137200,المهاجرين,98,1,2,شقة,جديد,"حديقة, إطلالة مفتوحة",2026-03-21,بائع_166,937122977,بيوتنا,حكم محكمة,طاقة شمسية,ثالث,33.506154,36.267297,1400,راقية,property_images/apartment_interior.jpg,property_images/townhouse.jpg|property_images/apartment_kitchen.jpg|property_images/villa_interior.jpg
189,بيت في المهاجرين,"بيت سكني تقليدي في حي المهاجرين - مساحة 80 م² - 3 غرف, 2 حمامات. الحالة: يحتاج ترميم. الملكية: كاتب عدل. الطابق: أول. المميزات: إنترنت, غاز مركزي",100500,المهاجرين,80,3,2,بيت,يحتاج ترميم,"إنترنت, غاز مركزي",2026-03-26,بائع_224,992780714,بيوت شام,كاتب عدل,"كهرباء دولة, طاقة شمسية",أول,33.506101,36.275265,1256,راقية,property_images/house_traditional.jpg,property_images/duplex_interior.jpg|property_images/apartment_interior.jpg|property_images/apartment_modern.jpg
190,شقة في المهاجرين,"شقة سكنية في بناء سكني في حي المهاجرين - مساحة 137 م² - 3 غرف, 1 حمامات. الحالة: يحتاج ترميم. الملكية: حكم محكمة. الطابق: أرضي. المميزات: بلكونة, غاز مركزي, بئر مياه خاص, قرب مستشفى, مكيف, شارع رئيسي",167700,المهاجرين,137,3,1,شقة,يحتاج ترميم,"بلكونة, غاز مركزي, بئر مياه خاص, قرب مستشفى, مكيف, شارع رئيسي",2026-01-25,بائع_291,934290926,إكار,حكم محكمة,غير محدد,أرضي,33.506283,36.271401,1224,راقية,property_images/apartment_interior.jpg,property_images/duplex_interior.jpg|property_images/townhouse.jpg|property_images/apartment_economy.jpg
191,شقة في المهاجرين,"شقة سكنية في بناء سكني في حي المهاجرين - مساحة 99 م² - 1 غرف, 2 حمامات. الحالة: مقبول. الملكية: حكم محكمة. الطابق: خامس. المميزات: حديقة, موقف سيارات, طاقة شمسية",143200,المهاجرين,99,1,2,شقة,مقبول,"حديقة, موقف سيارات, طاقة شمسية",2026-04-13,بائع_172,987111949,بيوت شام,حكم محكمة,طاقة شمسية,خامس,33.51312,36.269808,1446,راقية,property_images/apartment_economy.jpg,property_images/apartment_economy.jpg|property_images/apartment_street.jpg|property_images/townhouse.jpg
192,شقة في المهاجرين,"شقة سكنية في بناء سكني في حي المهاجرين - مساحة 160 م² - 1 غرف, 1 حمامات. الحالة: جيد. الملكية: سجل عقاري. الطابق: سادس. المميزات: غاز مركزي, شبابيك دبل غلاس",213600,المهاجرين,160,1,1,شقة,جيد,"غاز مركزي, شبابيك دبل غلاس",2025-12-30,بائع_194,974672547,دوشيش,سجل عقاري,غير محدد,سادس,33.50793,36.273542,1335,راقية,property_images/apartment_luxury.jpg,property_images/building_needs_renovation.jpg|property_images/house_traditional.jpg|property_images/apartment_luxury.jpg
193,شقة في المهاجرين,"شقة سكنية في بناء سكني في حي المهاجرين - مساحة 98 م² - 2 غرف, 1 حمامات. الحالة: جيد. الملكية: كاتب عدل. الطابق: رابع. المميزات: موقف سيارات, تدفئة مركزية, بئر مياه خاص, مصعد, حديقة",230700,المهاجرين,98,2,1,شقة,جيد,"موقف سيارات, تدفئة مركزية, بئر مياه خاص, مصعد, حديقة",2026-03-23,بائع_193,950867541,سوق.كوم,كاتب عدل,طاقة شمسية,رابع,33.509416,36.268875,2354,راقية,property_images/apartment_economy.jpg,property_images/apartment_economy.jpg|property_images/villa_interior.jpg|property_images/apartment_interior.jpg
194,منزل في المهاجرين,"منزل سكني عائلي في حي المهاجرين - مساحة 188 م² - 5 غرف, 3 حمامات. الحالة: مقبول. الملكية: طابو أخضر. الطابق: ملحق. المميزات: مرآب, بلكونة",327300,المهاجرين,188,5,3,منزل,مقبول,"مرآب, بلكونة",2026-04-10,بائع_170,956299212,دوشيش,طابو أخضر,طاقة شمسية,ملحق,33.509244,36.26686,1741,راقية,property_images/duplex_interior.jpg,property_images/building_needs_renovation.jpg|property_images/villa_interior.jpg|property_images/house_traditional.jpg
195,بيت قديم في المهاجرين,"بيت تراثي دمشقي قديم في حي المهاجرين - مساحة 74 م² - 3 غرف, 2 حمامات. الحالة: جيد. الملكية: حكم محكمة. الطابق: ملحق. المميزات: طاقة شمسية, حارس أمن, تدفئة مركزية, غاز مركزي",84300,المهاجرين,74,3,2,بيت قديم,جيد,"طاقة شمسية, حارس أمن, تدفئة مركزية, غاز مركزي",2026-04-22,بائع_185,930548377,سوق.كوم,حكم محكمة,كهرباء دولة,ملحق,33.507851,36.271241,1139,راقية,property_images/building_needs_renovation.jpg,property_images/apartment_interior.jpg|property_images/apartment_street.jpg|property_images/apartment_economy.jpg
196,شقة في المهاجرين,"شقة سكنية في بناء سكني في حي المهاجرين - مساحة 126 م² - 2 غرف, 1 حمامات. الحالة: جيد. الملكية: حكم محكمة. الطابق: رابع. المميزات: أثاث, بلكونة",136000,المهاجرين,126,2,1,شقة,جيد,"أثاث, بلكونة",2026-04-06,بائع_158,980593821,دوشيش,حكم محكمة,غير محدد,رابع,33.50876,36.271221,1079,راقية,property_images/apartment_modern.jpg,property_images/townhouse.jpg|property_images/apartment_interior.jpg|property_images/apartment_economy.jpg
197,محل تجاري في المهاجرين,"محل تجاري أو مكتب في حي المهاجرين - مساحة 73 م² - 1 غرف, 1 حمامات. الحالة: ممتاز. الملكية: حكم محكمة. الطابق: أرضي. المميزات: غاز مركزي, إنترنت, بلكونة, شبابيك دبل غلاس",191900,المهاجرين,73,1,1,محل تجاري,ممتاز,"غاز مركزي, إنترنت, بلكونة, شبابيك دبل غلاس",2026-03-09,بائع_138,937258471,ماروتا سيتي,حكم محكمة,كهرباء دولة,أرضي,33.509668,36.270918,2629,راقية,property_images/building_new_construction.jpg,property_images/bedroom.jpg|property_images/townhouse.jpg|property_images/apartment_kitchen.jpg
198,بيت قديم في المهاجرين,"بيت تراثي دمشقي قديم في حي المهاجرين - مساحة 97 م² - 4 غرف, 2 حمامات. الحالة: جديد. الملكية: حكم محكمة. الطابق: ملحق. المميزات: طاقة شمسية, قرب مدرسة, تدفئة مركزية, غاز مركزي, شقة مفروشة, مرآب",91900,المهاجرين,97,4,2,بيت قديم,جديد,"طاقة شمسية, قرب مدرسة, تدفئة مركزية, غاز مركزي, شقة مفروشة, مرآب",2025-12-10,بائع_121,990413369,سوق.كوم,حكم محكمة,غير محدد,ملحق,33.508859,36.270415,947,راقية,property_images/house_traditional.jpg,property_images/apartment_economy.jpg|property_images/villa_modern.jpg|property_images/building_new_construction.jpg
199,شقة في المهاجرين,"شقة سكنية في بناء سكني في حي المهاجرين - مساحة 129 م² - 2 غرف, 1 حمامات. الحالة: مقبول. الملكية: طابو أخضر. الطابق: أرضي. المميزات: بلكونة, شارع رئيسي, أثاث, قرب مستشفى, مكيف",129500,المهاجرين,129,2,1,شقة,مقبول,"بلكونة, شارع رئيسي, أثاث, قرب مستشفى, مكيف",2026-01-14,بائع_104,948974625,إكار,طابو أخضر,كهرباء دولة,أرضي,33.505838,36.272106,1004,راقية,property_images/apartment_street.jpg,property_images/apartment_kitchen.jpg|property_images/bedroom.jpg|property_images/apartment_street.jpg
200,شقة في المهاجرين,"شقة سكنية في بناء سكني في حي المهاجرين - مساحة 118 م² - 1 غرف, 1 حمامات. الحالة: يحتاج ترميم. الملكية: بدون أوراق. الطابق: ملحق. المميزات: قرب مدرسة, غاز مركزي, شارع رئيسي, حديقة, كهرباء دولة",126000,المهاجرين,118,1,1,شقة,يحتاج ترميم,"قرب مدرسة, غاز مركزي, شارع رئيسي, حديقة, كهرباء دولة",2025-11-07,بائع_268,983217984,دوشيش,بدون أوراق,كهرباء دولة,ملحق,33.508057,36.27006,1068,راقية,property_images/apartment_kitchen.jpg,property_images/duplex_interior.jpg|property_images/townhouse.jpg|property_images/apartment_luxury.jpg
201,شقة في المهاجرين,"شقة سكنية في بناء سكني في حي المهاجرين - مساحة 152 م² - 1 غرف, 1 حمامات. الحالة: جيد. الملكية: حكم محكمة. الطابق: سادس. المميزات: حارس أمن, بئر مياه خاص, قرب مدرسة, إنترنت, مرآب, كهرباء دولة",214500,المهاجرين,152,1,1,شقة,جيد,"حارس أمن, بئر مياه خاص, قرب مدرسة, إنترنت, مرآب, كهرباء دولة",2026-01-04,بائع_20,952388792,دوشيش,حكم محكمة,غير محدد,سادس,33.508192,36.269075,1411,راقية,property_images/apartment_modern.jpg,property_images/apartment_modern.jpg|property_images/building_needs_renovation.jpg|property_images/apartment_street.jpg
202,شقة في المهاجرين,"شقة سكنية في بناء سكني في حي المهاجرين - مساحة 104 م² - 1 غرف, 2 حمامات. الحالة: جيد. الملكية: حكم محكمة. الطابق: خامس. المميزات: طاقة شمسية, تدفئة مركزية, أبواب حديدية, كهرباء دولة",155500,المهاجرين,104,1,2,شقة,جيد,"طاقة شمسية, تدفئة مركزية, أبواب حديدية, كهرباء دولة",2026-02-17,بائع_160,965983788,دوشيش,حكم محكمة,كهرباء دولة,خامس,33.508444,36.269043,1495,راقية,property_images/apartment_kitchen.jpg,property_images/building_needs_renovation.jpg|property_images/building_new_construction.jpg|property_images/apartment_luxury.jpg
203,محل تجاري في المهاجرين,"محل تجاري أو مكتب في حي المهاجرين - مساحة 91 م², 1 حمامات. الحالة: جيد. الملكية: بدون أوراق. الطابق: ثاني. المميزات: شبابيك دبل غلاس, حديقة, كهرباء دولة, مرآب",102700,المهاجرين,91,0,1,محل تجاري,جيد,"شبابيك دبل غلاس, حديقة, كهرباء دولة, مرآب",2026-03-12,بائع_209,992896386,إكار,بدون أوراق,طاقة شمسية,ثاني,33.507626,36.269121,1129,راقية,property_images/building_new_construction.jpg,property_images/apartment_street.jpg|property_images/apartment_modern.jpg|property_images/building_new_construction.jpg
204,محل تجاري في المهاجرين,"محل تجاري أو مكتب في حي المهاجرين - مساحة 96 م², 1 حمامات. الحالة: مقبول. الملكية: سجل عقاري. الطابق: ثاني. المميزات: شقة مفروشة, غاز مركزي, مكيف, شارع رئيسي",162600,المهاجرين,96,0,1,محل تجاري,مقبول,"شقة مفروشة, غاز مركزي, مكيف, شارع رئيسي",2026-03-15,بائع_30,961134677,دوشيش,سجل عقاري,"كهرباء دولة, طاقة شمسية",ثاني,33.510064,36.267029,1694,راقية,property_images/building_new_construction.jpg,property_images/apartment_street.jpg|property_images/building_needs_renovation.jpg|property_images/apartment_interior.jpg
205,شقة في المهاجرين,"شقة سكنية في بناء سكني في حي المهاجرين - مساحة 129 م² - 3 غرف, 2 حمامات. الحالة: ممتاز. الملكية: طابو أخضر. الطابق: سابع. المميزات: غاز مركزي, حارس أمن, مصعد, طاقة شمسية, إنترنت, أبواب حديدية",298000,المهاجرين,129,3,2,شقة,ممتاز,"غاز مركزي, حارس أمن, مصعد, طاقة شمسية, إنترنت, أبواب حديدية",2025-12-06,بائع_283,974460971,بيوتنا,طابو أخضر,كهرباء دولة,سابع,33.508165,36.272131,2310,راقية,property_images/apartment_kitchen.jpg,property_images/apartment_kitchen.jpg|property_images/apartment_interior.jpg|property_images/apartment_modern.jpg
206,محل تجاري في المهاجرين,"محل تجاري أو مكتب في حي المهاجرين - مساحة 47 م², 1 حمامات. الحالة: ممتاز. الملكية: كاتب عدل. الطابق: أرضي. المميزات: غاز مركزي, تدفئة مركزية",131600,المهاجرين,47,0,1,محل تجاري,ممتاز,"غاز مركزي, تدفئة مركزية",2026-03-12,بائع_114,958810614,بيوتنا,كاتب عدل,غير محدد,أرضي,33.512598,36.269274,2800,راقية,property_images/building_new_construction.jpg,property_images/building_needs_renovation.jpg|property_images/duplex_interior.jpg|property_images/apartment_interior.jpg
207,شقة في المزة,"شقة سكنية في بناء سكني في حي المزة - مساحة 104 م² - 1 غرف, 2 حمامات. الحالة: ممتاز. الملكية: طابو أخضر. الطابق: ثالث. المميزات: شارع رئيسي, بلكونة, مصعد",186600,المزة,104,1,2,شقة,ممتاز,"شارع رئيسي, بلكونة, مصعد",2026-02-16,بائع_141,984494763,ماروتا سيتي,طابو أخضر,كهرباء دولة,ثالث,33.505159,36.258954,1794,متوسطة-راقية,property_images/bedroom.jpg,property_images/apartment_modern.jpg|property_images/bedroom.jpg|property_images/apartment_luxury.jpg
208,شقة في المزة,"شقة سكنية في بناء سكني في حي المزة - مساحة 105 م² - 4 غرف, 1 حمامات. الحالة: ممتاز. الملكية: سجل عقاري. الطابق: ملحق. المميزات: شقة مفروشة, إنترنت",140700,المزة,105,4,1,شقة,ممتاز,"شقة مفروشة, إنترنت",2026-02-18,بائع_56,991166938,بيوت شام,سجل عقاري,غير محدد,ملحق,33.499311,36.258163,1340,متوسطة-راقية,property_images/apartment_modern.jpg,property_images/building_new_construction.jpg|property_images/bedroom.jpg|property_images/house_traditional.jpg
209,مكتب في المزة,"مكتب تجاري في حي المزة - مساحة 34 م², 1 حمامات. الحالة: جيد. الملكية: كاتب عدل. الطابق: أرضي. المميزات: أثاث, مكيف, شقة مفروشة, طاقة شمسية",41600,المزة,34,0,1,مكتب,جيد,"أثاث, مكيف, شقة مفروشة, طاقة شمسية",2025-12-03,بائع_207,970813824,بيوتنا,كاتب عدل,غير محدد,أرضي,33.501931,36.260468,1224,متوسطة-راقية,property_images/apartment_interior.jpg,property_images/villa_modern.jpg|property_images/apartment_modern.jpg|property_images/house_traditional.jpg
210,بيت قديم في المزة,"بيت تراثي دمشقي قديم في حي المزة - مساحة 154 م² - 3 غرف, 2 حمامات. الحالة: جيد. الملكية: بدون أوراق. الطابق: ملحق. المميزات: غاز مركزي, تدفئة مركزية, قرب مستشفى, أثاث, حديقة",96300,المزة,154,3,2,بيت قديم,جيد,"غاز مركزي, تدفئة مركزية, قرب مستشفى, أثاث, حديقة",2025-11-23,بائع_244,975631958,بيوت شام,بدون أوراق,غير محدد,ملحق,33.503969,36.259572,625,متوسطة-راقية,property_images/building_needs_renovation.jpg,property_images/villa_interior.jpg|property_images/apartment_kitchen.jpg|property_images/apartment_economy.jpg
211,محل تجاري في المزة,"محل تجاري أو مكتب في حي المزة - مساحة 58 م², 1 حمامات. الحالة: مقبول. الملكية: كاتب عدل. الطابق: ثاني. المميزات: أبواب حديدية, مكيف",80300,المزة,58,0,1,محل تجاري,مقبول,"أبواب حديدية, مكيف",2026-03-20,بائع_172,941333049,بيوت شام,كاتب عدل,كهرباء دولة,ثاني,33.499755,36.260765,1384,متوسطة-راقية,property_images/building_new_construction.jpg,property_images/apartment_interior.jpg|property_images/building_needs_renovation.jpg|property_images/townhouse.jpg
212,شقة في المزة,"شقة سكنية في بناء سكني في حي المزة - مساحة 125 م² - 3 غرف, 2 حمامات. الحالة: مقبول. الملكية: سجل عقاري. الطابق: سابع. المميزات: قرب مستشفى, بئر مياه خاص, شبابيك دبل غلاس, حارس أمن",146700,المزة,125,3,2,شقة,مقبول,"قرب مستشفى, بئر مياه خاص, شبابيك دبل غلاس, حارس أمن",2025-12-08,بائع_37,990303993,إكار,سجل عقاري,كهرباء دولة,سابع,33.502578,36.264911,1174,متوسطة-راقية,property_images/apartment_interior.jpg,property_images/villa_modern.jpg|property_images/house_traditional.jpg|property_images/bedroom.jpg
213,شقة في المزة,"شقة سكنية في بناء سكني في حي المزة - مساحة 97 م² - 4 غرف, 1 حمامات. الحالة: جيد. الملكية: سجل عقاري. الطابق: سادس. المميزات: مكيف, أثاث, حديقة",112400,المزة,97,4,1,شقة,جيد,"مكيف, أثاث, حديقة",2026-01-08,بائع_74,970850432,بيوتنا,سجل عقاري,غير محدد,سادس,33.500754,36.258889,1159,متوسطة-راقية,property_images/apartment_economy.jpg,property_images/apartment_street.jpg|property_images/apartment_kitchen.jpg|property_images/building_new_construction.jpg
214,بيت عربي في المزة,"بيت عربي بقاعة داخلية واسعة في حي المزة - مساحة 148 م² - 3 غرف, 2 حمامات. الحالة: جيد. الملكية: حكم محكمة. الطابق: أول. المميزات: مصعد, شبابيك دبل غلاس",198100,المزة,148,3,2,بيت عربي,جيد,"مصعد, شبابيك دبل غلاس",2025-12-09,بائع_82,992923353,ماروتا سيتي,حكم محكمة,كهرباء دولة,أول,33.504841,36.258859,1339,متوسطة-راقية,property_images/house_traditional.jpg,property_images/apartment_modern.jpg|property_images/bedroom.jpg|property_images/building_new_construction.jpg
215,بيت عربي في المزة,"بيت عربي بقاعة داخلية واسعة في حي المزة - مساحة 138 م² - 5 غرف, 2 حمامات. الحالة: كالجديد. الملكية: سجل عقاري. الطابق: ملحق. المميزات: أبواب حديدية, غاز مركزي, مصعد, تدفئة مركزية, أثاث",205000,المزة,138,5,2,بيت عربي,كالجديد,"أبواب حديدية, غاز مركزي, مصعد, تدفئة مركزية, أثاث",2026-02-12,بائع_272,954118786,إمتلاك,سجل عقاري,"كهرباء دولة, طاقة شمسية",ملحق,33.500896,36.261266,1486,متوسطة-راقية,property_images/duplex_interior.jpg,property_images/apartment_modern.jpg|property_images/duplex_interior.jpg|property_images/apartment_kitchen.jpg
216,شقة في المزة,"شقة سكنية في بناء سكني في حي المزة - مساحة 127 م² - 3 غرف, 2 حمامات. الحالة: جيد. الملكية: طابو نظامي. الطابق: رابع. المميزات: حارس أمن, غاز مركزي, شقة مفروشة",129400,المزة,127,3,2,شقة,جيد,"حارس أمن, غاز مركزي, شقة مفروشة",2026-02-18,بائع_149,988863187,إكار,طابو نظامي,كهرباء دولة,رابع,33.505095,36.263592,1019,متوسطة-راقية,property_images/apartment_modern.jpg,property_images/building_needs_renovation.jpg|property_images/house_traditional.jpg|property_images/apartment_kitchen.jpg
217,بيت في المزة,"بيت سكني تقليدي في حي المزة - مساحة 91 م² - 1 غرف, 2 حمامات. الحالة: ممتاز. الملكية: كاتب عدل. الطابق: ثالث. المميزات: إنترنت, أثاث, بلكونة, غاز مركزي, مصعد",101900,المزة,91,1,2,بيت,ممتاز,"إنترنت, أثاث, بلكونة, غاز مركزي, مصعد",2026-03-12,بائع_12,994277193,سوق.كوم,كاتب عدل,كهرباء دولة,ثالث,33.502572,36.260669,1120,متوسطة-راقية,property_images/building_needs_renovation.jpg,property_images/apartment_economy.jpg|property_images/villa_modern.jpg|property_images/villa_interior.jpg
218,شقة في المزة,"شقة سكنية في بناء سكني في حي المزة - مساحة 143 م² - 3 غرف, 1 حمامات. الحالة: جيد. الملكية: طابو أخضر. الطابق: سابع. المميزات: تدفئة مركزية, حارس أمن, مصعد, شارع رئيسي, إطلالة مفتوحة, مرآب",246900,المزة,143,3,1,شقة,جيد,"تدفئة مركزية, حارس أمن, مصعد, شارع رئيسي, إطلالة مفتوحة, مرآب",2026-01-04,بائع_79,956828961,إمتلاك,طابو أخضر,كهرباء دولة,سابع,33.501646,36.258403,1727,متوسطة-راقية,property_images/apartment_modern.jpg,property_images/townhouse.jpg|property_images/house_traditional.jpg|property_images/villa_interior.jpg
219,بيت في المزة,"بيت سكني تقليدي في حي المزة - مساحة 68 م² - 3 غرف, 2 حمامات. الحالة: ممتاز. الملكية: حكم محكمة. الطابق: رابع. المميزات: إطلالة مفتوحة, مكيف, مرآب, حارس أمن, شقة مفروشة, قرب مدرسة",71900,المزة,68,3,2,بيت,ممتاز,"إطلالة مفتوحة, مكيف, مرآب, حارس أمن, شقة مفروشة, قرب مدرسة",2026-03-16,بائع_103,963971889,إكار,حكم محكمة,"كهرباء دولة, طاقة شمسية",رابع,33.501934,36.263589,1057,متوسطة-راقية,property_images/house_traditional.jpg,property_images/apartment_economy.jpg|property_images/building_new_construction.jpg|property_images/bedroom.jpg
220,مكتب في المزة,"مكتب تجاري في حي المزة - مساحة 44 م², 1 حمامات. الحالة: ممتاز. الملكية: سجل عقاري. الطابق: أرضي. المميزات: قرب مدرسة, أبواب حديدية",70100,المزة,44,0,1,مكتب,ممتاز,"قرب مدرسة, أبواب حديدية",2026-03-06,بائع_2,931804258,سوق.كوم,سجل عقاري,غير محدد,أرضي,33.501967,36.262377,1593,متوسطة-راقية,property_images/apartment_modern.jpg,property_images/apartment_interior.jpg|property_images/apartment_modern.jpg|property_images/house_traditional.jpg
221,محل تجاري في المزة,"محل تجاري أو مكتب في حي المزة - مساحة 123 م², 1 حمامات. الحالة: مقبول. الملكية: حكم محكمة. الطابق: أول. المميزات: موقف سيارات, حارس أمن, كهرباء دولة, طاقة شمسية, شبابيك دبل غلاس, بئر مياه خاص",142000,المزة,123,0,1,محل تجاري,مقبول,"موقف سيارات, حارس أمن, كهرباء دولة, طاقة شمسية, شبابيك دبل غلاس, بئر مياه خاص",2026-03-22,بائع_21,967477712,ماروتا سيتي,حكم محكمة,"كهرباء دولة, طاقة شمسية",أول,33.501021,36.262088,1154,متوسطة-راقية,property_images/building_new_construction.jpg,property_images/villa_interior.jpg|property_images/apartment_economy.jpg|property_images/apartment_street.jpg
222,بيت في المزة,"بيت سكني تقليدي في حي المزة - مساحة 130 م² - 1 غرف, 1 حمامات. الحالة: ممتاز. الملكية: طابو أخضر. الطابق: خامس. المميزات: شارع رئيسي, بلكونة, حديقة",208000,المزة,130,1,1,بيت,ممتاز,"شارع رئيسي, بلكونة, حديقة",2026-02-26,بائع_48,977954551,بيوت شام,طابو أخضر,غير محدد,خامس,33.503168,36.259281,1600,متوسطة-راقية,property_images/house_traditional.jpg,property_images/duplex_interior.jpg|property_images/apartment_economy.jpg|property_images/building_new_construction.jpg
223,شقة في المزة,"شقة سكنية في بناء سكني في حي المزة - مساحة 140 م² - 3 غرف, 2 حمامات. الحالة: ممتاز. الملكية: بدون أوراق. الطابق: ثاني. المميزات: مرآب, بلكونة, حارس أمن, مكيف, تدفئة مركزية",178600,المزة,140,3,2,شقة,ممتاز,"مرآب, بلكونة, حارس أمن, مكيف, تدفئة مركزية",2026-01-02,بائع_292,986290065,إكار,بدون أوراق,كهرباء دولة,ثاني,33.503641,36.261015,1276,متوسطة-راقية,property_images/bedroom.jpg,property_images/apartment_street.jpg|property_images/apartment_modern.jpg|property_images/apartment_luxury.jpg
224,شقة في المزة,"شقة سكنية في بناء سكني في حي المزة - مساحة 157 م² - 2 غرف, 2 حمامات. الحالة: ممتاز. الملكية: طابو أخضر. الطابق: رابع. المميزات: حارس أمن, مرآب, شبابيك دبل غلاس, تدفئة مركزية, موقف سيارات",271800,المزة,157,2,2,شقة,ممتاز,"حارس أمن, مرآب, شبابيك دبل غلاس, تدفئة مركزية, موقف سيارات",2025-11-13,بائع_269,958802382,ماروتا سيتي,طابو أخضر,طاقة شمسية,رابع,33.504764,36.261297,1731,متوسطة-راقية,property_images/bedroom.jpg,property_images/apartment_kitchen.jpg|property_images/building_needs_renovation.jpg|property_images/apartment_interior.jpg
225,شقة في المزة,"شقة سكنية في بناء سكني في حي المزة - مساحة 114 م² - 1 غرف, 2 حمامات. الحالة: جيد. الملكية: حكم محكمة. الطابق: ثاني. المميزات: أبواب حديدية, إنترنت, غاز مركزي",146800,المزة,114,1,2,شقة,جيد,"أبواب حديدية, إنترنت, غاز مركزي",2025-11-30,بائع_28,931774652,بيوتنا,حكم محكمة,غير محدد,ثاني,33.504413,36.258366,1288,متوسطة-راقية,property_images/apartment_economy.jpg,property_images/house_traditional.jpg|property_images/apartment_luxury.jpg|property_images/townhouse.jpg
226,منزل في المزة,"منزل سكني عائلي في حي المزة - مساحة 176 م² - 3 غرف, 1 حمامات. الحالة: جيد. الملكية: سجل عقاري. الطابق: ملحق. المميزات: حديقة, طاقة شمسية, شارع رئيسي, كهرباء دولة, تدفئة مركزية",198100,المزة,176,3,1,منزل,جيد,"حديقة, طاقة شمسية, شارع رئيسي, كهرباء دولة, تدفئة مركزية",2026-01-22,بائع_121,940581395,دوشيش,سجل عقاري,كهرباء دولة,ملحق,33.502057,36.262557,1126,متوسطة-راقية,property_images/house_traditional.jpg,property_images/house_traditional.jpg|property_images/townhouse.jpg|property_images/villa_interior.jpg
227,بيت عربي في المزة,"بيت عربي بقاعة داخلية واسعة في حي المزة - مساحة 189 م² - 5 غرف, 2 حمامات. الحالة: ممتاز. الملكية: كاتب عدل. الطابق: أرضي. المميزات: أبواب حديدية, مصعد",239800,المزة,189,5,2,بيت عربي,ممتاز,"أبواب حديدية, مصعد",2025-12-16,بائع_1,941930244,إكار,كاتب عدل,"كهرباء دولة, طاقة شمسية",أرضي,33.49928,36.261493,1269,متوسطة-راقية,property_images/house_traditional.jpg,property_images/apartment_luxury.jpg|property_images/apartment_street.jpg|property_images/bedroom.jpg
228,مكتب في المزة,"مكتب تجاري في حي المزة - مساحة 67 م², 1 حمامات. الحالة: جيد. الملكية: كاتب عدل. الطابق: أول. المميزات: حديقة, إنترنت, تدفئة مركزية, طاقة شمسية, شبابيك دبل غلاس",122700,المزة,67,0,1,مكتب,جيد,"حديقة, إنترنت, تدفئة مركزية, طاقة شمسية, شبابيك دبل غلاس",2026-01-04,بائع_187,987219562,سوق.كوم,كاتب عدل,كهرباء دولة,أول,33.501384,36.260438,1831,متوسطة-راقية,property_images/apartment_modern.jpg,property_images/bedroom.jpg|property_images/duplex_interior.jpg|property_images/townhouse.jpg
229,بيت قديم في المزة,"بيت تراثي دمشقي قديم في حي المزة - مساحة 108 م² - 4 غرف, 2 حمامات. الحالة: كالجديد. الملكية: طابو نظامي. الطابق: أرضي. المميزات: شقة مفروشة, إنترنت, حارس أمن, تدفئة مركزية, بلكونة, أبواب حديدية",162300,المزة,108,4,2,بيت قديم,كالجديد,"شقة مفروشة, إنترنت, حارس أمن, تدفئة مركزية, بلكونة, أبواب حديدية",2026-01-21,بائع_55,962740524,بيوتنا,طابو نظامي,غير محدد,أرضي,33.501809,36.260558,1503,متوسطة-راقية,property_images/building_needs_renovation.jpg,property_images/villa_interior.jpg|property_images/apartment_economy.jpg|property_images/apartment_interior.jpg
230,شقة في المزة,"شقة سكنية في بناء سكني في حي المزة - مساحة 141 م² - 4 غرف, 1 حمامات. الحالة: يحتاج ترميم. الملكية: سجل عقاري. الطابق: سابع. المميزات: حارس أمن, مرآب, تدفئة مركزية, شارع رئيسي",131900,المزة,141,4,1,شقة,يحتاج ترميم,"حارس أمن, مرآب, تدفئة مركزية, شارع رئيسي",2025-12-27,بائع_69,993104548,إكار,سجل عقاري,كهرباء دولة,سابع,33.501107,36.260388,935,متوسطة-راقية,property_images/apartment_street.jpg,property_images/apartment_economy.jpg|property_images/townhouse.jpg|property_images/villa_modern.jpg
231,بيت قديم في المزة,"بيت تراثي دمشقي قديم في حي المزة - مساحة 137 م² - 4 غرف, 2 حمامات. الحالة: جيد. الملكية: سجل عقاري. الطابق: ملحق. المميزات: بلكونة, قرب مستشفى, شارع رئيسي, مكيف, حارس أمن, غاز مركزي",109300,المزة,137,4,2,بيت قديم,جيد,"بلكونة, قرب مستشفى, شارع رئيسي, مكيف, حارس أمن, غاز مركزي",2025-12-27,بائع_197,983738576,إمتلاك,سجل عقاري,غير محدد,ملحق,33.502266,36.2586,798,متوسطة-راقية,property_images/building_needs_renovation.jpg,property_images/building_new_construction.jpg|property_images/duplex_interior.jpg|property_images/villa_interior.jpg
232,بيت عربي في المزة,"بيت عربي بقاعة داخلية واسعة في حي المزة - مساحة 239 م² - 4 غرف, 2 حمامات. الحالة: ممتاز. الملكية: بدون أوراق. الطابق: أول. المميزات: مكيف, مرآب, شقة مفروشة",180600,المزة,239,4,2,بيت عربي,ممتاز,"مكيف, مرآب, شقة مفروشة",2026-02-14,بائع_284,957310647,بيوتنا,بدون أوراق,غير محدد,أول,33.500882,36.260754,756,متوسطة-راقية,property_images/house_traditional.jpg,property_images/apartment_interior.jpg|property_images/building_new_construction.jpg|property_images/building_needs_renovation.jpg
233,بيت في المزة,"بيت سكني تقليدي في حي المزة - مساحة 156 م² - 3 غرف, 1 حمامات. الحالة: ممتاز. الملكية: طابو نظامي. الطابق: أول. المميزات: شقة مفروشة, قرب مدرسة, حديقة",193000,المزة,156,3,1,بيت,ممتاز,"شقة مفروشة, قرب مدرسة, حديقة",2025-12-07,بائع_293,983806995,إمتلاك,طابو نظامي,غير محدد,أول,33.50089,36.263762,1237,متوسطة-راقية,property_images/house_traditional.jpg,property_images/townhouse.jpg|property_images/apartment_economy.jpg|property_images/apartment_modern.jpg
234,محل تجاري في المزة,"محل تجاري أو مكتب في حي المزة - مساحة 30 م² - 1 غرف, 1 حمامات. الحالة: جيد. الملكية: كاتب عدل. الطابق: أرضي. المميزات: حارس أمن, مصعد, غاز مركزي, مكيف, تدفئة مركزية, شقة مفروشة",31000,المزة,30,1,1,محل تجاري,جيد,"حارس أمن, مصعد, غاز مركزي, مكيف, تدفئة مركزية, شقة مفروشة",2026-02-21,بائع_129,948980155,سوق.كوم,كاتب عدل,كهرباء دولة,أرضي,33.50288,36.258996,1033,متوسطة-راقية,property_images/building_new_construction.jpg,property_images/apartment_kitchen.jpg|property_images/building_new_construction.jpg|property_images/house_traditional.jpg
235,بيت قديم في المزة,"بيت تراثي دمشقي قديم في حي المزة - مساحة 64 م² - 2 غرف, 2 حمامات. الحالة: ممتاز. الملكية: كاتب عدل. الطابق: أرضي. المميزات: حارس أمن, إطلالة مفتوحة, قرب مدرسة, طاقة شمسية, غاز مركزي",74400,المزة,64,2,2,بيت قديم,ممتاز,"حارس أمن, إطلالة مفتوحة, قرب مدرسة, طاقة شمسية, غاز مركزي",2025-11-08,بائع_148,936500118,دوشيش,كاتب عدل,كهرباء دولة,أرضي,33.502488,36.258872,1162,متوسطة-راقية,property_images/building_needs_renovation.jpg,property_images/apartment_street.jpg|property_images/townhouse.jpg|property_images/apartment_modern.jpg
236,منزل في المزة,"منزل سكني عائلي في حي المزة - مساحة 102 م² - 2 غرف, 1 حمامات. الحالة: مقبول. الملكية: حكم محكمة. الطابق: ملحق. المميزات: أثاث, إطلالة مفتوحة, شبابيك دبل غلاس, طاقة شمسية",119800,المزة,102,2,1,منزل,مقبول,"أثاث, إطلالة مفتوحة, شبابيك دبل غلاس, طاقة شمسية",2025-12-06,بائع_280,955913848,إمتلاك,حكم محكمة,غير محدد,ملحق,33.5033,36.259802,1175,متوسطة-راقية,property_images/house_traditional.jpg,property_images/apartment_street.jpg|property_images/building_new_construction.jpg|property_images/duplex_interior.jpg
237,مكتب في المزة,"مكتب تجاري في حي المزة - مساحة 91 م², 1 حمامات. الحالة: ممتاز. الملكية: طابو أخضر. الطابق: أول. المميزات: بلكونة, شقة مفروشة, حارس أمن",123200,المزة,91,0,1,مكتب,ممتاز,"بلكونة, شقة مفروشة, حارس أمن",2026-02-27,بائع_67,950712353,ماروتا سيتي,طابو أخضر,"كهرباء دولة, طاقة شمسية",أول,33.498949,36.258616,1354,متوسطة-راقية,property_images/apartment_modern.jpg,property_images/duplex_interior.jpg|property_images/house_traditional.jpg|property_images/apartment_economy.jpg
238,شقة في المزة,"شقة سكنية في بناء سكني في حي المزة - مساحة 118 م² - 2 غرف, 1 حمامات. الحالة: ممتاز. الملكية: حكم محكمة. الطابق: رابع. المميزات: حديقة, إطلالة مفتوحة, تدفئة مركزية",171300,المزة,118,2,1,شقة,ممتاز,"حديقة, إطلالة مفتوحة, تدفئة مركزية",2026-02-03,بائع_38,970650916,بيوتنا,حكم محكمة,كهرباء دولة,رابع,33.501518,36.260704,1452,متوسطة-راقية,property_images/apartment_kitchen.jpg,property_images/townhouse.jpg|property_images/apartment_luxury.jpg|property_images/apartment_economy.jpg
239,مكتب في المزة,"مكتب تجاري في حي المزة - مساحة 29 م², 1 حمامات. الحالة: جيد. الملكية: كاتب عدل. الطابق: أرضي. المميزات: قرب مدرسة, شارع رئيسي, غاز مركزي, موقف سيارات, إنترنت",49000,المزة,29,0,1,مكتب,جيد,"قرب مدرسة, شارع رئيسي, غاز مركزي, موقف سيارات, إنترنت",2026-02-10,بائع_185,967329056,ماروتا سيتي,كاتب عدل,غير محدد,أرضي,33.501836,36.262235,1690,متوسطة-راقية,property_images/apartment_interior.jpg,property_images/townhouse.jpg|property_images/apartment_luxury.jpg|property_images/house_traditional.jpg
240,بيت في المزة,"بيت سكني تقليدي في حي المزة - مساحة 120 م² - 3 غرف, 1 حمامات. الحالة: جيد. الملكية: حكم محكمة. الطابق: ثالث. المميزات: إنترنت, شبابيك دبل غلاس",137400,المزة,120,3,1,بيت,جيد,"إنترنت, شبابيك دبل غلاس",2025-11-27,بائع_125,935815706,بيوت شام,حكم محكمة,غير محدد,ثالث,33.50314,36.260895,1145,متوسطة-راقية,property_images/building_needs_renovation.jpg,property_images/bedroom.jpg|property_images/villa_modern.jpg|property_images/apartment_interior.jpg
241,شقة في المزة,"شقة سكنية في بناء سكني في حي المزة - مساحة 142 م² - 3 غرف, 2 حمامات. الحالة: مقبول. الملكية: طابو أخضر. الطابق: ملحق. المميزات: شقة مفروشة, إنترنت",195700,المزة,142,3,2,شقة,مقبول,"شقة مفروشة, إنترنت",2026-04-24,بائع_152,954435872,إكار,طابو أخضر,غير محدد,ملحق,33.502393,36.261418,1378,متوسطة-راقية,property_images/apartment_interior.jpg,property_images/villa_interior.jpg|property_images/bedroom.jpg|property_images/villa_modern.jpg
242,شقة في المزة,"شقة سكنية في بناء سكني في حي المزة - مساحة 116 م² - 1 غرف, 1 حمامات. الحالة: جديد. الملكية: بدون أوراق. الطابق: أول. المميزات: شارع رئيسي, أثاث, مرآب",185200,المزة,116,1,1,شقة,جديد,"شارع رئيسي, أثاث, مرآب",2026-01-14,بائع_37,949124906,دوشيش,بدون أوراق,كهرباء دولة,أول,33.500647,36.263602,1597,متوسطة-راقية,property_images/apartment_interior.jpg,property_images/building_new_construction.jpg|property_images/house_traditional.jpg|property_images/apartment_economy.jpg
243,بيت قديم في المزة,"بيت تراثي دمشقي قديم في حي المزة - مساحة 98 م² - 2 غرف, 2 حمامات. الحالة: جديد. الملكية: طابو أخضر. الطابق: أول. المميزات: موقف سيارات, قرب مستشفى, طاقة شمسية, كهرباء دولة, مرآب, غاز مركزي",101500,المزة,98,2,2,بيت قديم,جديد,"موقف سيارات, قرب مستشفى, طاقة شمسية, كهرباء دولة, مرآب, غاز مركزي",2026-05-01,بائع_200,945660814,سوق.كوم,طابو أخضر,غير محدد,أول,33.502256,36.258638,1036,متوسطة-راقية,property_images/building_needs_renovation.jpg,property_images/apartment_kitchen.jpg|property_images/villa_modern.jpg|property_images/house_traditional.jpg
244,بيت في المزة,"بيت سكني تقليدي في حي المزة - مساحة 135 م² - 3 غرف, 1 حمامات. الحالة: جيد. الملكية: كاتب عدل. الطابق: أول. المميزات: إنترنت, شقة مفروشة",130300,المزة,135,3,1,بيت,جيد,"إنترنت, شقة مفروشة",2025-12-01,بائع_45,966902448,دوشيش,كاتب عدل,كهرباء دولة,أول,33.501108,36.256221,965,متوسطة-راقية,property_images/building_needs_renovation.jpg,property_images/building_new_construction.jpg|property_images/apartment_interior.jpg|property_images/apartment_street.jpg
245,شقة في المزة,"شقة سكنية في بناء سكني في حي المزة - مساحة 104 م² - 2 غرف, 1 حمامات. الحالة: مقبول. الملكية: طابو أخضر. الطابق: ثاني. المميزات: غاز مركزي, قرب مدرسة, بئر مياه خاص",85200,المزة,104,2,1,شقة,مقبول,"غاز مركزي, قرب مدرسة, بئر مياه خاص",2025-11-21,بائع_192,931680412,ماروتا سيتي,طابو أخضر,كهرباء دولة,ثاني,33.498832,36.261521,819,متوسطة-راقية,property_images/bedroom.jpg,property_images/villa_modern.jpg|property_images/villa_interior.jpg|property_images/duplex_interior.jpg
246,منزل في المزة,"منزل سكني عائلي في حي المزة - مساحة 195 م² - 5 غرف, 3 حمامات. الحالة: كالجديد. الملكية: طابو أخضر. الطابق: ملحق. المميزات: موقف سيارات, بئر مياه خاص, أثاث, إنترنت, قرب مستشفى, مرآب",318900,المزة,195,5,3,منزل,كالجديد,"موقف سيارات, بئر مياه خاص, أثاث, إنترنت, قرب مستشفى, مرآب",2026-03-19,بائع_114,962303765,سوق.كوم,طابو أخضر,طاقة شمسية,ملحق,33.500066,36.259905,1635,متوسطة-راقية,property_images/duplex_interior.jpg,property_images/villa_interior.jpg|property_images/building_needs_renovation.jpg|property_images/townhouse.jpg
247,شقة في المزة,"شقة سكنية في بناء سكني في حي المزة - مساحة 119 م² - 4 غرف, 1 حمامات. الحالة: مقبول. الملكية: كاتب عدل. الطابق: سابع. المميزات: موقف سيارات, كهرباء دولة, حارس أمن, أثاث",107100,المزة,119,4,1,شقة,مقبول,"موقف سيارات, كهرباء دولة, حارس أمن, أثاث",2025-11-15,بائع_121,942398987,إكار,كاتب عدل,غير محدد,سابع,33.505007,36.261755,900,متوسطة-راقية,property_images/apartment_luxury.jpg,property_images/villa_interior.jpg|property_images/building_needs_renovation.jpg|property_images/apartment_economy.jpg
248,شقة في المزة,"شقة سكنية في بناء سكني في حي المزة - مساحة 112 م² - 3 غرف, 2 حمامات. الحالة: كالجديد. الملكية: سجل عقاري. الطابق: ثاني. المميزات: مكيف, قرب مستشفى, إطلالة مفتوحة, إنترنت, حديقة, مرآب",173200,المزة,112,3,2,شقة,كالجديد,"مكيف, قرب مستشفى, إطلالة مفتوحة, إنترنت, حديقة, مرآب",2026-03-10,بائع_224,965980919,بيوت شام,سجل عقاري,"كهرباء دولة, طاقة شمسية",ثاني,33.502417,36.255917,1546,متوسطة-راقية,property_images/bedroom.jpg,property_images/apartment_street.jpg|property_images/townhouse.jpg|property_images/apartment_luxury.jpg
249,شقة في المزة,"شقة سكنية في بناء سكني في حي المزة - مساحة 111 م² - 4 غرف, 2 حمامات. الحالة: جيد. الملكية: كاتب عدل. الطابق: ثاني. المميزات: بئر مياه خاص, أبواب حديدية, قرب مدرسة, حارس أمن",125400,المزة,111,4,2,شقة,جيد,"بئر مياه خاص, أبواب حديدية, قرب مدرسة, حارس أمن",2026-02-23,بائع_72,998305973,بيوت شام,كاتب عدل,طاقة شمسية,ثاني,33.499997,36.259438,1130,متوسطة-راقية,property_images/apartment_street.jpg,property_images/villa_modern.jpg|property_images/apartment_interior.jpg|property_images/apartment_economy.jpg
250,بيت قديم في المزة,"بيت تراثي دمشقي قديم في حي المزة - مساحة 162 م² - 2 غرف, 1 حمامات. الحالة: جيد. الملكية: حكم محكمة. الطابق: ملحق. المميزات: قرب مستشفى, غاز مركزي, شارع رئيسي, أثاث, تدفئة مركزية, كهرباء دولة",168000,المزة,162,2,1,بيت قديم,جيد,"قرب مستشفى, غاز مركزي, شارع رئيسي, أثاث, تدفئة مركزية, كهرباء دولة",2025-11-19,بائع_77,976511564,بيوتنا,حكم محكمة,غير محدد,ملحق,33.500858,36.261145,1037,متوسطة-راقية,property_images/house_traditional.jpg,property_images/house_traditional.jpg|property_images/building_new_construction.jpg|property_images/apartment_luxury.jpg
251,محل تجاري في المزة,"محل تجاري أو مكتب في حي المزة - مساحة 94 م², 1 حمامات. الحالة: جيد. الملكية: كاتب عدل. الطابق: ثاني. المميزات: شقة مفروشة, موقف سيارات, غاز مركزي, إنترنت, شارع رئيسي, مصعد",155300,المزة,94,0,1,محل تجاري,جيد,"شقة مفروشة, موقف سيارات, غاز مركزي, إنترنت, شارع رئيسي, مصعد",2025-11-29,بائع_85,995247189,دوشيش,كاتب عدل,كهرباء دولة,ثاني,33.502119,36.258706,1652,متوسطة-راقية,property_images/building_new_construction.jpg,property_images/apartment_economy.jpg|property_images/duplex_interior.jpg|property_images/bedroom.jpg
252,شقة في المزة,"شقة سكنية في بناء سكني في حي المزة - مساحة 144 م² - 2 غرف, 2 حمامات. الحالة: جيد. الملكية: حكم محكمة. الطابق: أول. المميزات: تدفئة مركزية, طاقة شمسية, أبواب حديدية, إطلالة مفتوحة",192300,المزة,144,2,2,شقة,جيد,"تدفئة مركزية, طاقة شمسية, أبواب حديدية, إطلالة مفتوحة",2025-11-15,بائع_106,996929906,بيوت شام,حكم محكمة,"كهرباء دولة, طاقة شمسية",أول,33.50379,36.26127,1335,متوسطة-راقية,property_images/apartment_economy.jpg,property_images/apartment_luxury.jpg|property_images/duplex_interior.jpg|property_images/building_needs_renovation.jpg
253,شقة في المزة,"شقة سكنية في بناء سكني في حي المزة - مساحة 156 م² - 1 غرف, 2 حمامات. الحالة: يحتاج ترميم. الملكية: كاتب عدل. الطابق: رابع. المميزات: شقة مفروشة, كهرباء دولة",130400,المزة,156,1,2,شقة,يحتاج ترميم,"شقة مفروشة, كهرباء دولة",2026-01-29,بائع_194,976716225,إمتلاك,كاتب عدل,كهرباء دولة,رابع,33.504635,36.260395,836,متوسطة-راقية,property_images/apartment_kitchen.jpg,property_images/building_new_construction.jpg|property_images/apartment_modern.jpg|property_images/apartment_kitchen.jpg
254,محل تجاري في المزة,"محل تجاري أو مكتب في حي المزة - مساحة 111 م², 1 حمامات. الحالة: جديد. الملكية: طابو نظامي. الطابق: ثاني. المميزات: إنترنت, أبواب حديدية, إطلالة مفتوحة, مصعد",201600,المزة,111,0,1,محل تجاري,جديد,"إنترنت, أبواب حديدية, إطلالة مفتوحة, مصعد",2026-03-08,بائع_40,995774734,بيوت شام,طابو نظامي,غير محدد,ثاني,33.505472,36.260396,1816,متوسطة-راقية,property_images/building_new_construction.jpg,property_images/building_new_construction.jpg|property_images/duplex_interior.jpg|property_images/apartment_interior.jpg
255,شقة في المزة,"شقة سكنية في بناء سكني في حي المزة - مساحة 97 م² - 1 غرف, 1 حمامات. الحالة: كالجديد. الملكية: سجل عقاري. الطابق: ثالث. المميزات: حديقة, حارس أمن, أبواب حديدية, قرب مستشفى, قرب مدرسة",138400,المزة,97,1,1,شقة,كالجديد,"حديقة, حارس أمن, أبواب حديدية, قرب مستشفى, قرب مدرسة",2026-01-20,بائع_12,961145240,بيوتنا,سجل عقاري,كهرباء دولة,ثالث,33.501359,36.260848,1427,متوسطة-راقية,property_images/apartment_modern.jpg,property_images/apartment_modern.jpg|property_images/apartment_kitchen.jpg|property_images/house_traditional.jpg
256,منزل في المزة,"منزل سكني عائلي في حي المزة - مساحة 183 م² - 2 غرف, 3 حمامات. الحالة: كالجديد. الملكية: حكم محكمة. الطابق: أرضي. المميزات: تدفئة مركزية, بلكونة, كهرباء دولة",244400,المزة,183,2,3,منزل,كالجديد,"تدفئة مركزية, بلكونة, كهرباء دولة",2025-12-12,بائع_10,966189913,بيوتنا,حكم محكمة,كهرباء دولة,أرضي,33.501951,36.264285,1336,متوسطة-راقية,property_images/duplex_interior.jpg,property_images/duplex_interior.jpg|property_images/apartment_luxury.jpg|property_images/building_needs_renovation.jpg
257,منزل في المزة,"منزل سكني عائلي في حي المزة - مساحة 237 م² - 3 غرف, 1 حمامات. الحالة: يحتاج ترميم. الملكية: كاتب عدل. الطابق: أول. المميزات: إطلالة مفتوحة, مكيف, قرب مستشفى, بلكونة, شقة مفروشة",218500,المزة,237,3,1,منزل,يحتاج ترميم,"إطلالة مفتوحة, مكيف, قرب مستشفى, بلكونة, شقة مفروشة",2026-01-09,بائع_36,959496583,دوشيش,كاتب عدل,كهرباء دولة,أول,33.502076,36.26024,922,متوسطة-راقية,property_images/duplex_interior.jpg,property_images/townhouse.jpg|property_images/apartment_street.jpg|property_images/house_traditional.jpg
258,شقة في المزة,"شقة سكنية في بناء سكني في حي المزة - مساحة 141 م² - 4 غرف, 1 حمامات. الحالة: جديد. الملكية: سجل عقاري. الطابق: أول. المميزات: حارس أمن, بلكونة, أبواب حديدية, تدفئة مركزية, شقة مفروشة, شارع رئيسي",200100,المزة,141,4,1,شقة,جديد,"حارس أمن, بلكونة, أبواب حديدية, تدفئة مركزية, شقة مفروشة, شارع رئيسي",2025-12-02,بائع_277,930912510,إمتلاك,سجل عقاري,"كهرباء دولة, طاقة شمسية",أول,33.501485,36.256663,1419,متوسطة-راقية,property_images/apartment_street.jpg,property_images/villa_interior.jpg|property_images/townhouse.jpg|property_images/apartment_interior.jpg
259,بيت في المزة,"بيت سكني تقليدي في حي المزة - مساحة 121 م² - 1 غرف, 2 حمامات. الحالة: جيد. الملكية: سجل عقاري. الطابق: أول. المميزات: أبواب حديدية, غاز مركزي, إنترنت",142300,المزة,121,1,2,بيت,جيد,"أبواب حديدية, غاز مركزي, إنترنت",2026-03-07,بائع_43,966727354,إكار,سجل عقاري,"كهرباء دولة, طاقة شمسية",أول,33.501034,36.263148,1176,متوسطة-راقية,property_images/building_needs_renovation.jpg,property_images/villa_interior.jpg|property_images/building_needs_renovation.jpg|property_images/bedroom.jpg
260,منزل في المزة,"منزل سكني عائلي في حي المزة - مساحة 104 م² - 2 غرف, 3 حمامات. الحالة: كالجديد. الملكية: حكم محكمة. الطابق: أول. المميزات: حارس أمن, شقة مفروشة, مصعد, غاز مركزي, أثاث, حديقة",118300,المزة,104,2,3,منزل,كالجديد,"حارس أمن, شقة مفروشة, مصعد, غاز مركزي, أثاث, حديقة",2025-11-20,بائع_300,962373995,ماروتا سيتي,حكم محكمة,"كهرباء دولة, طاقة شمسية",أول,33.502449,36.262094,1138,متوسطة-راقية,property_images/duplex_interior.jpg,property_images/townhouse.jpg|property_images/apartment_interior.jpg|property_images/building_new_construction.jpg
261,منزل في المزة,"منزل سكني عائلي في حي المزة - مساحة 235 م² - 5 غرف, 1 حمامات. الحالة: جيد. الملكية: حكم محكمة. الطابق: ملحق. المميزات: قرب مدرسة, شارع رئيسي, أبواب حديدية, بلكونة, إنترنت",261700,المزة,235,5,1,منزل,جيد,"قرب مدرسة, شارع رئيسي, أبواب حديدية, بلكونة, إنترنت",2026-02-16,بائع_296,974911801,إمتلاك,حكم محكمة,"كهرباء دولة, طاقة شمسية",ملحق,33.504157,36.259923,1114,متوسطة-راقية,property_images/duplex_interior.jpg,property_images/building_needs_renovation.jpg|property_images/bedroom.jpg|property_images/apartment_kitchen.jpg
262,شقة في المزة,"شقة سكنية في بناء سكني في حي المزة - مساحة 113 م² - 1 غرف, 1 حمامات. الحالة: كالجديد. الملكية: كاتب عدل. الطابق: خامس. المميزات: بلكونة, حارس أمن, أثاث, شقة مفروشة, غاز مركزي",197400,المزة,113,1,1,شقة,كالجديد,"بلكونة, حارس أمن, أثاث, شقة مفروشة, غاز مركزي",2025-11-11,بائع_27,950508004,إمتلاك,كاتب عدل,غير محدد,خامس,33.503305,36.256847,1747,متوسطة-راقية,property_images/apartment_modern.jpg,property_images/building_new_construction.jpg|property_images/villa_modern.jpg|property_images/apartment_luxury.jpg
263,شقة في المزة,"شقة سكنية في بناء سكني في حي المزة - مساحة 171 م² - 4 غرف, 1 حمامات. الحالة: جديد. الملكية: طابو أخضر. الطابق: خامس. المميزات: كهرباء دولة, طاقة شمسية",364800,المزة,171,4,1,شقة,جديد,"كهرباء دولة, طاقة شمسية",2026-01-27,بائع_206,996400384,إمتلاك,طابو أخضر,"كهرباء دولة, طاقة شمسية",خامس,33.500749,36.260792,2133,متوسطة-راقية,property_images/apartment_economy.jpg,property_images/apartment_luxury.jpg|property_images/bedroom.jpg|property_images/building_new_construction.jpg
264,مكتب في المزة,"مكتب تجاري في حي المزة - مساحة 64 م², 1 حمامات. الحالة: جديد. الملكية: كاتب عدل. الطابق: أرضي. المميزات: شبابيك دبل غلاس, مصعد, أثاث, شقة مفروشة, بئر مياه خاص",123000,المزة,64,0,1,مكتب,جديد,"شبابيك دبل غلاس, مصعد, أثاث, شقة مفروشة, بئر مياه خاص",2025-12-24,بائع_119,951806765,سوق.كوم,كاتب عدل,كهرباء دولة,أرضي,33.500899,36.258657,1922,متوسطة-راقية,property_images/apartment_interior.jpg,property_images/apartment_economy.jpg|property_images/apartment_interior.jpg|property_images/townhouse.jpg
265,شقة في المزة,"شقة سكنية في بناء سكني في حي المزة - مساحة 119 م² - 1 غرف, 2 حمامات. الحالة: جيد. الملكية: بدون أوراق. الطابق: أرضي. المميزات: إنترنت, غاز مركزي, إطلالة مفتوحة, أثاث, شقة مفروشة",137800,المزة,119,1,2,شقة,جيد,"إنترنت, غاز مركزي, إطلالة مفتوحة, أثاث, شقة مفروشة",2026-04-12,بائع_282,966861411,ماروتا سيتي,بدون أوراق,طاقة شمسية,أرضي,33.503087,36.259259,1158,متوسطة-راقية,property_images/apartment_modern.jpg,property_images/bedroom.jpg|property_images/villa_interior.jpg|property_images/house_traditional.jpg
266,منزل في المزة,"منزل سكني عائلي في حي المزة - مساحة 194 م² - 4 غرف, 1 حمامات. الحالة: جيد. الملكية: طابو نظامي. الطابق: أول. المميزات: أثاث, شبابيك دبل غلاس, غاز مركزي, مصعد, كهرباء دولة, بلكونة",174200,المزة,194,4,1,منزل,جيد,"أثاث, شبابيك دبل غلاس, غاز مركزي, مصعد, كهرباء دولة, بلكونة",2025-12-28,بائع_151,973222692,ماروتا سيتي,طابو نظامي,كهرباء دولة,أول,33.504298,36.256521,898,متوسطة-راقية,property_images/house_traditional.jpg,property_images/building_needs_renovation.jpg|property_images/bedroom.jpg|property_images/apartment_kitchen.jpg
267,منزل في المزة,"منزل سكني عائلي في حي المزة - مساحة 143 م² - 4 غرف, 3 حمامات. الحالة: ممتاز. الملكية: سجل عقاري. الطابق: أول. المميزات: غاز مركزي, قرب مستشفى, أبواب حديدية, طاقة شمسية, حديقة",157900,المزة,143,4,3,منزل,ممتاز,"غاز مركزي, قرب مستشفى, أبواب حديدية, طاقة شمسية, حديقة",2026-04-28,بائع_247,944370343,سوق.كوم,سجل عقاري,غير محدد,أول,33.499411,36.262322,1104,متوسطة-راقية,property_images/townhouse.jpg,property_images/apartment_kitchen.jpg|property_images/villa_modern.jpg|property_images/bedroom.jpg
268,شقة في المزة,"شقة سكنية في بناء سكني في حي المزة - مساحة 103 م² - 2 غرف, 2 حمامات. الحالة: مقبول. الملكية: طابو نظامي. الطابق: ثالث. المميزات: إنترنت, شقة مفروشة, قرب مدرسة, مصعد, كهرباء دولة",124300,المزة,103,2,2,شقة,مقبول,"إنترنت, شقة مفروشة, قرب مدرسة, مصعد, كهرباء دولة",2026-02-07,بائع_39,952599704,بيوت شام,طابو نظامي,كهرباء دولة,ثالث,33.501906,36.260954,1207,متوسطة-راقية,property_images/apartment_economy.jpg,property_images/bedroom.jpg|property_images/building_needs_renovation.jpg|property_images/building_new_construction.jpg
269,شقة في المزة,"شقة سكنية في بناء سكني في حي المزة - مساحة 122 م² - 2 غرف, 2 حمامات. الحالة: مقبول. الملكية: طابو نظامي. الطابق: ثالث. المميزات: طاقة شمسية, شارع رئيسي, كهرباء دولة",112600,المزة,122,2,2,شقة,مقبول,"طاقة شمسية, شارع رئيسي, كهرباء دولة",2025-11-28,بائع_183,949916776,سوق.كوم,طابو نظامي,كهرباء دولة,ثالث,33.503993,36.259012,923,متوسطة-راقية,property_images/bedroom.jpg,property_images/townhouse.jpg|property_images/building_new_construction.jpg|property_images/apartment_economy.jpg
270,شقة في المزة,"شقة سكنية في بناء سكني في حي المزة - مساحة 65 م² - 4 غرف, 1 حمامات. الحالة: جديد. الملكية: بدون أوراق. الطابق: سابع. المميزات: تدفئة مركزية, أبواب حديدية, إنترنت, حديقة, إطلالة مفتوحة, كهرباء دولة",79600,المزة,65,4,1,شقة,جديد,"تدفئة مركزية, أبواب حديدية, إنترنت, حديقة, إطلالة مفتوحة, كهرباء دولة",2025-12-26,بائع_144,980332881,ماروتا سيتي,بدون أوراق,كهرباء دولة,سابع,33.505002,36.2617,1225,متوسطة-راقية,property_images/apartment_kitchen.jpg,property_images/townhouse.jpg|property_images/villa_modern.jpg|property_images/apartment_luxury.jpg
271,منزل في المزة,"منزل سكني عائلي في حي المزة - مساحة 144 م² - 5 غرف, 3 حمامات. الحالة: جديد. الملكية: كاتب عدل. الطابق: أول. المميزات: شقة مفروشة, إنترنت",217600,المزة,144,5,3,منزل,جديد,"شقة مفروشة, إنترنت",2026-01-08,بائع_62,996582418,بيوت شام,كاتب عدل,غير محدد,أول,33.501357,36.264153,1511,متوسطة-راقية,property_images/duplex_interior.jpg,property_images/house_traditional.jpg|property_images/bedroom.jpg|property_images/apartment_interior.jpg
272,بيت قديم في المزة,"بيت تراثي دمشقي قديم في حي المزة - مساحة 113 م² - 4 غرف, 1 حمامات. الحالة: جديد. الملكية: طابو نظامي. الطابق: ملحق. المميزات: إنترنت, إطلالة مفتوحة, كهرباء دولة, بلكونة",159300,المزة,113,4,1,بيت قديم,جديد,"إنترنت, إطلالة مفتوحة, كهرباء دولة, بلكونة",2025-11-30,بائع_176,976292847,دوشيش,طابو نظامي,"كهرباء دولة, طاقة شمسية",ملحق,33.504061,36.260478,1410,متوسطة-راقية,property_images/house_traditional.jpg,property_images/villa_modern.jpg|property_images/apartment_street.jpg|property_images/apartment_kitchen.jpg
273,منزل في المزة,"منزل سكني عائلي في حي المزة - مساحة 148 م² - 4 غرف, 2 حمامات. الحالة: ممتاز. الملكية: كاتب عدل. الطابق: ملحق. المميزات: شبابيك دبل غلاس, بلكونة, قرب مستشفى, مكيف",191000,المزة,148,4,2,منزل,ممتاز,"شبابيك دبل غلاس, بلكونة, قرب مستشفى, مكيف",2026-02-25,بائع_121,985997904,دوشيش,كاتب عدل,غير محدد,ملحق,33.501857,36.259926,1291,متوسطة-راقية,property_images/house_traditional.jpg,property_images/building_new_construction.jpg|property_images/house_traditional.jpg|property_images/duplex_interior.jpg
274,شقة في المزة,"شقة سكنية في بناء سكني في حي المزة - مساحة 145 م² - 4 غرف, 1 حمامات. الحالة: مقبول. الملكية: حكم محكمة. الطابق: ملحق. المميزات: مرآب, أبواب حديدية, مكيف",159600,المزة,145,4,1,شقة,مقبول,"مرآب, أبواب حديدية, مكيف",2026-01-01,بائع_154,962689444,ماروتا سيتي,حكم محكمة,"كهرباء دولة, طاقة شمسية",ملحق,33.503465,36.259839,1101,متوسطة-راقية,property_images/apartment_modern.jpg,property_images/townhouse.jpg|property_images/building_new_construction.jpg|property_images/duplex_interior.jpg
275,منزل في المزة,"منزل سكني عائلي في حي المزة - مساحة 163 م² - 2 غرف, 1 حمامات. الحالة: ممتاز. الملكية: حكم محكمة. الطابق: أول. المميزات: أبواب حديدية, حارس أمن, شبابيك دبل غلاس, حديقة",154800,المزة,163,2,1,منزل,ممتاز,"أبواب حديدية, حارس أمن, شبابيك دبل غلاس, حديقة",2026-03-01,بائع_177,932531762,سوق.كوم,حكم محكمة,كهرباء دولة,أول,33.503833,36.260693,950,متوسطة-راقية,property_images/house_traditional.jpg,property_images/building_needs_renovation.jpg|property_images/apartment_modern.jpg|property_images/duplex_interior.jpg
276,شقة في المزة,"شقة سكنية في بناء سكني في حي المزة - مساحة 154 م² - 2 غرف, 2 حمامات. الحالة: جيد. الملكية: حكم محكمة. الطابق: أول. المميزات: حديقة, شقة مفروشة, أبواب حديدية, شبابيك دبل غلاس",138600,المزة,154,2,2,شقة,جيد,"حديقة, شقة مفروشة, أبواب حديدية, شبابيك دبل غلاس",2025-11-25,بائع_75,951771697,ماروتا سيتي,حكم محكمة,"كهرباء دولة, طاقة شمسية",أول,33.506177,36.259721,900,متوسطة-راقية,property_images/apartment_kitchen.jpg,property_images/apartment_luxury.jpg|property_images/villa_interior.jpg|property_images/apartment_street.jpg
277,مكتب في المزة,"مكتب تجاري في حي المزة - مساحة 77 م², 1 حمامات. الحالة: ممتاز. الملكية: حكم محكمة. الطابق: أول. المميزات: موقف سيارات, بلكونة",99900,المزة,77,0,1,مكتب,ممتاز,"موقف سيارات, بلكونة",2026-02-20,بائع_137,980384424,دوشيش,حكم محكمة,"كهرباء دولة, طاقة شمسية",أول,33.503226,36.257893,1297,متوسطة-راقية,property_images/apartment_modern.jpg,property_images/apartment_kitchen.jpg|property_images/apartment_street.jpg|property_images/villa_interior.jpg
278,بيت عربي في المزة,"بيت عربي بقاعة داخلية واسعة في حي المزة - مساحة 148 م² - 5 غرف, 2 حمامات. الحالة: يحتاج ترميم. الملكية: حكم محكمة. الطابق: ملحق. المميزات: بلكونة, مصعد, مكيف",156400,المزة,148,5,2,بيت عربي,يحتاج ترميم,"بلكونة, مصعد, مكيف",2025-11-07,بائع_41,956275018,دوشيش,حكم محكمة,"كهرباء دولة, طاقة شمسية",ملحق,33.501619,36.260435,1057,متوسطة-راقية,property_images/duplex_interior.jpg,property_images/building_needs_renovation.jpg|property_images/villa_modern.jpg|property_images/apartment_kitchen.jpg
279,شقة في المزة,"شقة سكنية في بناء سكني في حي المزة - مساحة 150 م² - 1 غرف, 1 حمامات. الحالة: جديد. الملكية: كاتب عدل. الطابق: أول. المميزات: شقة مفروشة, موقف سيارات, حارس أمن, كهرباء دولة, مكيف",271000,المزة,150,1,1,شقة,جديد,"شقة مفروشة, موقف سيارات, حارس أمن, كهرباء دولة, مكيف",2026-02-15,بائع_118,961873422,بيوت شام,كاتب عدل,غير محدد,أول,33.502301,36.26073,1807,متوسطة-راقية,property_images/apartment_economy.jpg,property_images/apartment_street.jpg|property_images/duplex_interior.jpg|property_images/building_needs_renovation.jpg
280,منزل في المزة,"منزل سكني عائلي في حي المزة - مساحة 268 م² - 3 غرف, 1 حمامات. الحالة: كالجديد. الملكية: سجل عقاري. الطابق: أول. المميزات: إنترنت, حديقة",388700,المزة,268,3,1,منزل,كالجديد,"إنترنت, حديقة",2026-02-25,بائع_281,986241678,إمتلاك,سجل عقاري,كهرباء دولة,أول,33.502402,36.262101,1450,متوسطة-راقية,property_images/duplex_interior.jpg,property_images/apartment_modern.jpg|property_images/apartment_economy.jpg|property_images/building_new_construction.jpg
281,منزل في المزة,"منزل سكني عائلي في حي المزة - مساحة 209 م² - 5 غرف, 3 حمامات. الحالة: جيد. الملكية: سجل عقاري. الطابق: أول. المميزات: بئر مياه خاص, إنترنت, أبواب حديدية, قرب مدرسة, طاقة شمسية, موقف سيارات",295200,المزة,209,5,3,منزل,جيد,"بئر مياه خاص, إنترنت, أبواب حديدية, قرب مدرسة, طاقة شمسية, موقف سيارات",2026-03-27,بائع_156,931100096,إكار,سجل عقاري,كهرباء دولة,أول,33.503277,36.257714,1412,متوسطة-راقية,property_images/house_traditional.jpg,property_images/building_new_construction.jpg|property_images/apartment_street.jpg|property_images/townhouse.jpg
282,بيت عربي في المزة,"بيت عربي بقاعة داخلية واسعة في حي المزة - مساحة 261 م² - 5 غرف, 3 حمامات. الحالة: مقبول. الملكية: طابو نظامي. الطابق: أول. المميزات: أبواب حديدية, شارع رئيسي",222500,المزة,261,5,3,بيت عربي,مقبول,"أبواب حديدية, شارع رئيسي",2026-02-20,بائع_119,930674842,بيوت شام,طابو نظامي,كهرباء دولة,أول,33.502605,36.258491,852,متوسطة-راقية,property_images/house_traditional.jpg,property_images/apartment_street.jpg|property_images/apartment_economy.jpg|property_images/apartment_interior.jpg
283,شقة في المزة,"شقة سكنية في بناء سكني في حي المزة - مساحة 117 م² - 2 غرف, 1 حمامات. الحالة: مقبول. الملكية: سجل عقاري. الطابق: ثالث. المميزات: غاز مركزي, طاقة شمسية, كهرباء دولة, موقف سيارات, مرآب",134100,المزة,117,2,1,شقة,مقبول,"غاز مركزي, طاقة شمسية, كهرباء دولة, موقف سيارات, مرآب",2025-11-30,بائع_140,966779956,إمتلاك,سجل عقاري,كهرباء دولة,ثالث,33.502643,36.260844,1146,متوسطة-راقية,property_images/apartment_modern.jpg,property_images/apartment_modern.jpg|property_images/apartment_interior.jpg|property_images/building_needs_renovation.jpg
284,منزل في المزة,"منزل سكني عائلي في حي المزة - مساحة 232 م² - 2 غرف, 1 حمامات. الحالة: ممتاز. الملكية: طابو أخضر. الطابق: ملحق. المميزات: بئر مياه خاص, حارس أمن, شبابيك دبل غلاس",346300,المزة,232,2,1,منزل,ممتاز,"بئر مياه خاص, حارس أمن, شبابيك دبل غلاس",2025-12-31,بائع_97,971120337,بيوتنا,طابو أخضر,كهرباء دولة,ملحق,33.501512,36.261928,1493,متوسطة-راقية,property_images/house_traditional.jpg,property_images/villa_interior.jpg|property_images/bedroom.jpg|property_images/apartment_street.jpg
285,شقة في المزة,"شقة سكنية في بناء سكني في حي المزة - مساحة 161 م² - 1 غرف, 2 حمامات. الحالة: جيد. الملكية: طابو أخضر. الطابق: أول. المميزات: مكيف, شبابيك دبل غلاس, مصعد, طاقة شمسية",173300,المزة,161,1,2,شقة,جيد,"مكيف, شبابيك دبل غلاس, مصعد, طاقة شمسية",2026-02-07,بائع_216,969923892,ماروتا سيتي,طابو أخضر,كهرباء دولة,أول,33.503195,36.261402,1076,متوسطة-راقية,property_images/apartment_economy.jpg,property_images/building_new_construction.jpg|property_images/duplex_interior.jpg|property_images/apartment_luxury.jpg
286,منزل في المزة,"منزل سكني عائلي في حي المزة - مساحة 146 م² - 2 غرف, 2 حمامات. الحالة: ممتاز. الملكية: حكم محكمة. الطابق: أول. المميزات: مكيف, تدفئة مركزية",234700,المزة,146,2,2,منزل,ممتاز,"مكيف, تدفئة مركزية",2026-01-05,بائع_93,954982417,بيوت شام,حكم محكمة,طاقة شمسية,أول,33.5017,36.260251,1608,متوسطة-راقية,property_images/townhouse.jpg,property_images/apartment_interior.jpg|property_images/apartment_kitchen.jpg|property_images/duplex_interior.jpg
287,بيت عربي في المزة,"بيت عربي بقاعة داخلية واسعة في حي المزة - مساحة 171 م² - 3 غرف, 2 حمامات. الحالة: مقبول. الملكية: طابو أخضر. الطابق: ملحق. المميزات: طاقة شمسية, تدفئة مركزية, أثاث, شبابيك دبل غلاس, حارس أمن",176900,المزة,171,3,2,بيت عربي,مقبول,"طاقة شمسية, تدفئة مركزية, أثاث, شبابيك دبل غلاس, حارس أمن",2026-01-26,بائع_160,971266316,إمتلاك,طابو أخضر,طاقة شمسية,ملحق,33.499807,36.25712,1035,متوسطة-راقية,property_images/duplex_interior.jpg,property_images/villa_modern.jpg|property_images/bedroom.jpg|property_images/apartment_street.jpg
288,بيت قديم في المزة,"بيت تراثي دمشقي قديم في حي المزة - مساحة 155 م² - 2 غرف, 2 حمامات. الحالة: جيد. الملكية: سجل عقاري. الطابق: ملحق. المميزات: شارع رئيسي, بئر مياه خاص, أثاث, إنترنت, تدفئة مركزية",127600,المزة,155,2,2,بيت قديم,جيد,"شارع رئيسي, بئر مياه خاص, أثاث, إنترنت, تدفئة مركزية",2025-11-24,بائع_223,971115799,بيوتنا,سجل عقاري,"كهرباء دولة, طاقة شمسية",ملحق,33.500017,36.255693,823,متوسطة-راقية,property_images/building_needs_renovation.jpg,property_images/building_new_construction.jpg|property_images/villa_modern.jpg|property_images/building_needs_renovation.jpg
289,بيت عربي في المزة,"بيت عربي بقاعة داخلية واسعة في حي المزة - مساحة 148 م² - 3 غرف, 1 حمامات. الحالة: جيد. الملكية: سجل عقاري. الطابق: ملحق. المميزات: قرب مستشفى, أبواب حديدية",134100,المزة,148,3,1,بيت عربي,جيد,"قرب مستشفى, أبواب حديدية",2026-04-13,بائع_128,950624203,سوق.كوم,سجل عقاري,كهرباء دولة,ملحق,33.505284,36.26202,906,متوسطة-راقية,property_images/house_traditional.jpg,property_images/house_traditional.jpg|property_images/apartment_interior.jpg|property_images/apartment_modern.jpg
290,بيت قديم في المزة,"بيت تراثي دمشقي قديم في حي المزة - مساحة 75 م² - 4 غرف, 1 حمامات. الحالة: ممتاز. الملكية: بدون أوراق. الطابق: ملحق. المميزات: إنترنت, مكيف",81200,المزة,75,4,1,بيت قديم,ممتاز,"إنترنت, مكيف",2026-01-01,بائع_120,970685472,ماروتا سيتي,بدون أوراق,"كهرباء دولة, طاقة شمسية",ملحق,33.503964,36.25935,1083,متوسطة-راقية,property_images/house_traditional.jpg,property_images/apartment_economy.jpg|property_images/villa_modern.jpg|property_images/house_traditional.jpg
291,بيت في المزة,"بيت سكني تقليدي في حي المزة - مساحة 60 م² - 3 غرف, 1 حمامات. الحالة: ممتاز. الملكية: كاتب عدل. الطابق: ثاني. المميزات: غاز مركزي, إنترنت",94400,المزة,60,3,1,بيت,ممتاز,"غاز مركزي, إنترنت",2025-11-06,بائع_225,967669097,إمتلاك,كاتب عدل,"كهرباء دولة, طاقة شمسية",ثاني,33.499221,36.256709,1573,متوسطة-راقية,property_images/building_needs_renovation.jpg,property_images/villa_interior.jpg|property_images/apartment_economy.jpg|property_images/villa_modern.jpg
292,منزل في المزة,"منزل سكني عائلي في حي المزة - مساحة 206 م² - 4 غرف, 3 حمامات. الحالة: جيد. الملكية: سجل عقاري. الطابق: ملحق. المميزات: كهرباء دولة, إطلالة مفتوحة, قرب مدرسة, بلكونة, موقف سيارات",325800,المزة,206,4,3,منزل,جيد,"كهرباء دولة, إطلالة مفتوحة, قرب مدرسة, بلكونة, موقف سيارات",2026-02-27,بائع_278,976576136,سوق.كوم,سجل عقاري,"كهرباء دولة, طاقة شمسية",ملحق,33.504769,36.261128,1582,متوسطة-راقية,property_images/townhouse.jpg,property_images/duplex_interior.jpg|property_images/apartment_kitchen.jpg|property_images/apartment_modern.jpg
293,بيت عربي في المزة,"بيت عربي بقاعة داخلية واسعة في حي المزة - مساحة 209 م² - 2 غرف, 3 حمامات. الحالة: جيد. الملكية: حكم محكمة. الطابق: ملحق. المميزات: إطلالة مفتوحة, طاقة شمسية, حديقة, موقف سيارات",267700,المزة,209,2,3,بيت عربي,جيد,"إطلالة مفتوحة, طاقة شمسية, حديقة, موقف سيارات",2026-03-18,بائع_269,993902930,إكار,حكم محكمة,غير محدد,ملحق,33.503518,36.260562,1281,متوسطة-راقية,property_images/duplex_interior.jpg,property_images/duplex_interior.jpg|property_images/townhouse.jpg|property_images/house_traditional.jpg
294,شقة في المزة,"شقة سكنية في بناء سكني في حي المزة - مساحة 123 م² - 3 غرف, 1 حمامات. الحالة: ممتاز. الملكية: سجل عقاري. الطابق: أرضي. المميزات: شقة مفروشة, موقف سيارات",170600,المزة,123,3,1,شقة,ممتاز,"شقة مفروشة, موقف سيارات",2026-04-27,بائع_104,943608947,بيوتنا,سجل عقاري,طاقة شمسية,أرضي,33.500492,36.259439,1387,متوسطة-راقية,property_images/apartment_interior.jpg,property_images/building_new_construction.jpg|property_images/building_needs_renovation.jpg|property_images/villa_modern.jpg
295,شقة في كفرسوسة,"شقة سكنية في بناء سكني في حي كفرسوسة - مساحة 60 م² - 4 غرف, 2 حمامات. الحالة: جيد. الملكية: كاتب عدل. الطابق: أول. المميزات: إنترنت, طاقة شمسية",63600,كفرسوسة,60,4,2,شقة,جيد,"إنترنت, طاقة شمسية",2025-11-19,بائع_252,940590795,ماروتا سيتي,كاتب عدل,كهرباء دولة,أول,33.504023,36.287793,1060,متوسطة-راقية,property_images/bedroom.jpg,property_images/building_needs_renovation.jpg|property_images/apartment_street.jpg|property_images/house_traditional.jpg
296,بيت في كفرسوسة,"بيت سكني تقليدي في حي كفرسوسة - مساحة 115 م² - 2 غرف, 2 حمامات. الحالة: ممتاز. الملكية: حكم محكمة. الطابق: ملحق. المميزات: إطلالة مفتوحة, كهرباء دولة",147900,كفرسوسة,115,2,2,بيت,ممتاز,"إطلالة مفتوحة, كهرباء دولة",2026-02-17,بائع_40,957644719,سوق.كوم,حكم محكمة,"كهرباء دولة, طاقة شمسية",ملحق,33.507837,36.286859,1286,متوسطة-راقية,property_images/building_needs_renovation.jpg,property_images/apartment_economy.jpg|property_images/house_traditional.jpg|property_images/apartment_luxury.jpg
297,شقة في كفرسوسة,"شقة سكنية في بناء سكني في حي كفرسوسة - مساحة 85 م² - 2 غرف, 1 حمامات. الحالة: كالجديد. الملكية: سجل عقاري. الطابق: خامس. المميزات: شارع رئيسي, بلكونة, قرب مدرسة, قرب مستشفى, مرآب, حارس أمن",132000,كفرسوسة,85,2,1,شقة,كالجديد,"شارع رئيسي, بلكونة, قرب مدرسة, قرب مستشفى, مرآب, حارس أمن",2026-01-16,بائع_54,951930956,بيوتنا,سجل عقاري,غير محدد,خامس,33.504035,36.289551,1553,متوسطة-راقية,property_images/apartment_modern.jpg,property_images/apartment_economy.jpg|property_images/villa_interior.jpg|property_images/apartment_kitchen.jpg
298,منزل في كفرسوسة,"منزل سكني عائلي في حي كفرسوسة - مساحة 184 م² - 5 غرف, 2 حمامات. الحالة: جيد. الملكية: حكم محكمة. الطابق: ملحق. المميزات: قرب مدرسة, حديقة, إنترنت, مرآب",154500,كفرسوسة,184,5,2,منزل,جيد,"قرب مدرسة, حديقة, إنترنت, مرآب",2025-12-01,بائع_124,999324319,دوشيش,حكم محكمة,كهرباء دولة,ملحق,33.506211,36.287332,840,متوسطة-راقية,property_images/townhouse.jpg,property_images/apartment_luxury.jpg|property_images/apartment_economy.jpg|property_images/apartment_interior.jpg
299,بيت عربي في كفرسوسة,"بيت عربي بقاعة داخلية واسعة في حي كفرسوسة - مساحة 149 م² - 5 غرف, 2 حمامات. الحالة: يحتاج ترميم. الملكية: طابو نظامي. الطابق: أرضي. المميزات: مصعد, تدفئة مركزية, بئر مياه خاص, شارع رئيسي, شقة مفروشة",116400,كفرسوسة,149,5,2,بيت عربي,يحتاج ترميم,"مصعد, تدفئة مركزية, بئر مياه خاص, شارع رئيسي, شقة مفروشة",2026-02-18,بائع_114,957997287,بيوت شام,طابو نظامي,طاقة شمسية,أرضي,33.502814,36.290881,781,متوسطة-راقية,property_images/house_traditional.jpg,property_images/townhouse.jpg|property_images/apartment_kitchen.jpg|property_images/apartment_street.jpg
300,شقة في كفرسوسة,"شقة سكنية في بناء سكني في حي كفرسوسة - مساحة 119 م² - 3 غرف, 1 حمامات. الحالة: مقبول. الملكية: حكم محكمة. الطابق: خامس. المميزات: تدفئة مركزية, شبابيك دبل غلاس",122900,كفرسوسة,119,3,1,شقة,مقبول,"تدفئة مركزية, شبابيك دبل غلاس",2025-12-07,بائع_128,959368691,ماروتا سيتي,حكم محكمة,"كهرباء دولة, طاقة شمسية",خامس,33.506448,36.292728,1033,متوسطة-راقية,property_images/apartment_modern.jpg,property_images/apartment_economy.jpg|property_images/apartment_interior.jpg|property_images/house_traditional.jpg
301,شقة في كفرسوسة,"شقة سكنية في بناء سكني في حي كفرسوسة - مساحة 124 م² - 2 غرف, 1 حمامات. الحالة: جيد. الملكية: حكم محكمة. الطابق: رابع. المميزات: أبواب حديدية, بلكونة, شارع رئيسي, حارس أمن",123100,كفرسوسة,124,2,1,شقة,جيد,"أبواب حديدية, بلكونة, شارع رئيسي, حارس أمن",2026-01-28,بائع_41,937908348,بيوت شام,حكم محكمة,كهرباء دولة,رابع,33.506245,36.291087,993,متوسطة-راقية,property_images/apartment_kitchen.jpg,property_images/bedroom.jpg|property_images/house_traditional.jpg|property_images/apartment_economy.jpg
302,شقة في كفرسوسة,"شقة سكنية في بناء سكني في حي كفرسوسة - مساحة 121 م² - 1 غرف, 1 حمامات. الحالة: مقبول. الملكية: سجل عقاري. الطابق: خامس. المميزات: مصعد, غاز مركزي, تدفئة مركزية, بئر مياه خاص, شقة مفروشة, قرب مستشفى",114100,كفرسوسة,121,1,1,شقة,مقبول,"مصعد, غاز مركزي, تدفئة مركزية, بئر مياه خاص, شقة مفروشة, قرب مستشفى",2025-12-28,بائع_114,949152973,إمتلاك,سجل عقاري,"كهرباء دولة, طاقة شمسية",خامس,33.504596,36.288674,943,متوسطة-راقية,property_images/apartment_economy.jpg,property_images/apartment_modern.jpg|property_images/apartment_kitchen.jpg|property_images/duplex_interior.jpg
303,بيت قديم في كفرسوسة,"بيت تراثي دمشقي قديم في حي كفرسوسة - مساحة 50 م² - 2 غرف, 1 حمامات. الحالة: ممتاز. الملكية: سجل عقاري. الطابق: أرضي. المميزات: مرآب, بئر مياه خاص, غاز مركزي",59800,كفرسوسة,50,2,1,بيت قديم,ممتاز,"مرآب, بئر مياه خاص, غاز مركزي",2025-12-10,بائع_26,981375311,سوق.كوم,سجل عقاري,"كهرباء دولة, طاقة شمسية",أرضي,33.503512,36.288614,1196,متوسطة-راقية,property_images/building_needs_renovation.jpg,property_images/bedroom.jpg|property_images/house_traditional.jpg|property_images/villa_interior.jpg
304,شقة في كفرسوسة,"شقة سكنية في بناء سكني في حي كفرسوسة - مساحة 94 م² - 2 غرف, 2 حمامات. الحالة: ممتاز. الملكية: حكم محكمة. الطابق: ثالث. المميزات: أثاث, أبواب حديدية, غاز مركزي, شارع رئيسي, شقة مفروشة, طاقة شمسية",131700,كفرسوسة,94,2,2,شقة,ممتاز,"أثاث, أبواب حديدية, غاز مركزي, شارع رئيسي, شقة مفروشة, طاقة شمسية",2026-02-12,بائع_295,941217996,إمتلاك,حكم محكمة,كهرباء دولة,ثالث,33.50541,36.292495,1401,متوسطة-راقية,property_images/apartment_kitchen.jpg,property_images/apartment_street.jpg|property_images/apartment_kitchen.jpg|property_images/villa_interior.jpg
305,منزل في كفرسوسة,"منزل سكني عائلي في حي كفرسوسة - مساحة 129 م² - 4 غرف, 3 حمامات. الحالة: ممتاز. الملكية: طابو أخضر. الطابق: أول. المميزات: بئر مياه خاص, بلكونة",162500,كفرسوسة,129,4,3,منزل,ممتاز,"بئر مياه خاص, بلكونة",2026-01-12,بائع_75,986147057,ماروتا سيتي,طابو أخضر,غير محدد,أول,33.504329,36.29429,1260,متوسطة-راقية,property_images/house_traditional.jpg,property_images/apartment_luxury.jpg|property_images/villa_modern.jpg|property_images/bedroom.jpg
306,شقة في كفرسوسة,"شقة سكنية في بناء سكني في حي كفرسوسة - مساحة 78 م² - 1 غرف, 1 حمامات. الحالة: جيد. الملكية: طابو أخضر. الطابق: ثاني. المميزات: طاقة شمسية, إطلالة مفتوحة",93600,كفرسوسة,78,1,1,شقة,جيد,"طاقة شمسية, إطلالة مفتوحة",2026-05-02,بائع_176,944419939,دوشيش,طابو أخضر,غير محدد,ثاني,33.507268,36.290828,1200,متوسطة-راقية,property_images/apartment_kitchen.jpg,property_images/apartment_luxury.jpg|property_images/apartment_interior.jpg|property_images/house_traditional.jpg
307,منزل في كفرسوسة,"منزل سكني عائلي في حي كفرسوسة - مساحة 151 م² - 3 غرف, 1 حمامات. الحالة: ممتاز. الملكية: حكم محكمة. الطابق: أول. المميزات: شقة مفروشة, كهرباء دولة, قرب مدرسة, أبواب حديدية, مكيف, مصعد",167900,كفرسوسة,151,3,1,منزل,ممتاز,"شقة مفروشة, كهرباء دولة, قرب مدرسة, أبواب حديدية, مكيف, مصعد",2026-04-24,بائع_131,951163029,بيوت شام,حكم محكمة,كهرباء دولة,أول,33.506088,36.289706,1112,متوسطة-راقية,property_images/townhouse.jpg,property_images/apartment_economy.jpg|property_images/bedroom.jpg|property_images/apartment_kitchen.jpg
308,شقة في كفرسوسة,"شقة سكنية في بناء سكني في حي كفرسوسة - مساحة 153 م² - 4 غرف, 1 حمامات. الحالة: جيد. الملكية: طابو نظامي. الطابق: خامس. المميزات: غاز مركزي, كهرباء دولة",245400,كفرسوسة,153,4,1,شقة,جيد,"غاز مركزي, كهرباء دولة",2025-11-20,بائع_198,959499194,إكار,طابو نظامي,طاقة شمسية,خامس,33.504885,36.28726,1604,متوسطة-راقية,property_images/apartment_street.jpg,property_images/apartment_economy.jpg|property_images/villa_interior.jpg|property_images/building_needs_renovation.jpg
309,مكتب في كفرسوسة,"مكتب تجاري في حي كفرسوسة - مساحة 53 م², 1 حمامات. الحالة: جديد. الملكية: طابو نظامي. الطابق: ثاني. المميزات: أثاث, شقة مفروشة, شبابيك دبل غلاس",124900,كفرسوسة,53,0,1,مكتب,جديد,"أثاث, شقة مفروشة, شبابيك دبل غلاس",2026-03-03,بائع_272,969449773,دوشيش,طابو نظامي,طاقة شمسية,ثاني,33.504393,36.293278,2357,متوسطة-راقية,property_images/apartment_modern.jpg,property_images/apartment_economy.jpg|property_images/apartment_kitchen.jpg|property_images/apartment_modern.jpg
310,شقة في كفرسوسة,"شقة سكنية في بناء سكني في حي كفرسوسة - مساحة 178 م² - 3 غرف, 2 حمامات. الحالة: كالجديد. الملكية: طابو نظامي. الطابق: رابع. المميزات: طاقة شمسية, شقة مفروشة, كهرباء دولة, تدفئة مركزية",221100,كفرسوسة,178,3,2,شقة,كالجديد,"طاقة شمسية, شقة مفروشة, كهرباء دولة, تدفئة مركزية",2026-04-28,بائع_285,965336540,بيوتنا,طابو نظامي,غير محدد,رابع,33.507138,36.293257,1242,متوسطة-راقية,property_images/bedroom.jpg,property_images/apartment_kitchen.jpg|property_images/bedroom.jpg|property_images/house_traditional.jpg
311,شقة في كفرسوسة,"شقة سكنية في بناء سكني في حي كفرسوسة - مساحة 106 م² - 4 غرف, 1 حمامات. الحالة: ممتاز. الملكية: طابو أخضر. الطابق: خامس. المميزات: طاقة شمسية, قرب مستشفى, مكيف, مرآب, بئر مياه خاص",128500,كفرسوسة,106,4,1,شقة,ممتاز,"طاقة شمسية, قرب مستشفى, مكيف, مرآب, بئر مياه خاص",2025-11-19,بائع_71,999817276,ماروتا سيتي,طابو أخضر,"كهرباء دولة, طاقة شمسية",خامس,33.504837,36.28797,1212,متوسطة-راقية,property_images/apartment_modern.jpg,property_images/bedroom.jpg|property_images/apartment_kitchen.jpg|property_images/apartment_modern.jpg
312,شقة في كفرسوسة,"شقة سكنية في بناء سكني في حي كفرسوسة - مساحة 97 م² - 2 غرف, 2 حمامات. الحالة: كالجديد. الملكية: حكم محكمة. الطابق: خامس. المميزات: شارع رئيسي, قرب مستشفى, بلكونة",98700,كفرسوسة,97,2,2,شقة,كالجديد,"شارع رئيسي, قرب مستشفى, بلكونة",2026-04-05,بائع_95,970980303,بيوتنا,حكم محكمة,كهرباء دولة,خامس,33.506068,36.28846,1018,متوسطة-راقية,property_images/apartment_modern.jpg,property_images/villa_interior.jpg|property_images/duplex_interior.jpg|property_images/building_needs_renovation.jpg
313,بيت قديم في كفرسوسة,"بيت تراثي دمشقي قديم في حي كفرسوسة - مساحة 108 م² - 3 غرف, 2 حمامات. الحالة: مقبول. الملكية: كاتب عدل. الطابق: أرضي. المميزات: شبابيك دبل غلاس, كهرباء دولة, مكيف, أثاث",53700,كفرسوسة,108,3,2,بيت قديم,مقبول,"شبابيك دبل غلاس, كهرباء دولة, مكيف, أثاث",2025-11-30,بائع_137,959725329,بيوتنا,كاتب عدل,"كهرباء دولة, طاقة شمسية",أرضي,33.506662,36.291667,497,متوسطة-راقية,property_images/house_traditional.jpg,property_images/apartment_luxury.jpg|property_images/building_needs_renovation.jpg|property_images/townhouse.jpg
314,شقة في كفرسوسة,"شقة سكنية في بناء سكني في حي كفرسوسة - مساحة 55 م² - 1 غرف, 1 حمامات. الحالة: جديد. الملكية: طابو أخضر. الطابق: سابع. المميزات: إطلالة مفتوحة, أبواب حديدية, إنترنت, بلكونة, غاز مركزي, شارع رئيسي",89000,كفرسوسة,55,1,1,شقة,جديد,"إطلالة مفتوحة, أبواب حديدية, إنترنت, بلكونة, غاز مركزي, شارع رئيسي",2026-04-27,بائع_210,931382967,دوشيش,طابو أخضر,"كهرباء دولة, طاقة شمسية",سابع,33.508455,36.287581,1618,متوسطة-راقية,property_images/apartment_modern.jpg,property_images/apartment_modern.jpg|property_images/apartment_economy.jpg|property_images/townhouse.jpg
315,شقة في كفرسوسة,"شقة سكنية في بناء سكني في حي كفرسوسة - مساحة 178 م² - 2 غرف, 1 حمامات. الحالة: جيد. الملكية: طابو نظامي. الطابق: خامس. المميزات: شبابيك دبل غلاس, إطلالة مفتوحة, أبواب حديدية",217700,كفرسوسة,178,2,1,شقة,جيد,"شبابيك دبل غلاس, إطلالة مفتوحة, أبواب حديدية",2026-01-16,بائع_208,935737460,إمتلاك,طابو نظامي,غير محدد,خامس,33.50459,36.289888,1223,متوسطة-راقية,property_images/bedroom.jpg,property_images/apartment_street.jpg|property_images/building_needs_renovation.jpg|property_images/townhouse.jpg
316,محل تجاري في كفرسوسة,"محل تجاري أو مكتب في حي كفرسوسة - مساحة 73 م², 1 حمامات. الحالة: جيد. الملكية: سجل عقاري. الطابق: ثاني. المميزات: شبابيك دبل غلاس, تدفئة مركزية, طاقة شمسية, شقة مفروشة, غاز مركزي",92000,كفرسوسة,73,0,1,محل تجاري,جيد,"شبابيك دبل غلاس, تدفئة مركزية, طاقة شمسية, شقة مفروشة, غاز مركزي",2025-11-25,بائع_26,954405323,دوشيش,سجل عقاري,كهرباء دولة,ثاني,33.507078,36.288159,1260,متوسطة-راقية,property_images/building_new_construction.jpg,property_images/villa_interior.jpg|property_images/house_traditional.jpg|property_images/apartment_modern.jpg
317,شقة في كفرسوسة,"شقة سكنية في بناء سكني في حي كفرسوسة - مساحة 125 م² - 4 غرف, 1 حمامات. الحالة: ممتاز. الملكية: كاتب عدل. الطابق: سابع. المميزات: بئر مياه خاص, إطلالة مفتوحة, تدفئة مركزية, شقة مفروشة, مكيف",110200,كفرسوسة,125,4,1,شقة,ممتاز,"بئر مياه خاص, إطلالة مفتوحة, تدفئة مركزية, شقة مفروشة, مكيف",2025-12-28,بائع_58,953916558,إكار,كاتب عدل,غير محدد,سابع,33.505778,36.288192,882,متوسطة-راقية,property_images/apartment_luxury.jpg,property_images/bedroom.jpg|property_images/house_traditional.jpg|property_images/duplex_interior.jpg
318,مكتب في كفرسوسة,"مكتب تجاري في حي كفرسوسة - مساحة 40 م², 1 حمامات. الحالة: جيد. الملكية: طابو أخضر. الطابق: ثاني. المميزات: شبابيك دبل غلاس, مصعد, بلكونة, شارع رئيسي",61500,كفرسوسة,40,0,1,مكتب,جيد,"شبابيك دبل غلاس, مصعد, بلكونة, شارع رئيسي",2026-01-09,بائع_47,962439817,إمتلاك,طابو أخضر,غير محدد,ثاني,33.508183,36.291218,1538,متوسطة-راقية,property_images/apartment_interior.jpg,property_images/bedroom.jpg|property_images/house_traditional.jpg|property_images/building_needs_renovation.jpg
319,بيت في كفرسوسة,"بيت سكني تقليدي في حي كفرسوسة - مساحة 77 م² - 3 غرف, 1 حمامات. الحالة: جيد. الملكية: طابو أخضر. الطابق: خامس. المميزات: حارس أمن, شبابيك دبل غلاس",69800,كفرسوسة,77,3,1,بيت,جيد,"حارس أمن, شبابيك دبل غلاس",2025-12-26,بائع_82,978677079,دوشيش,طابو أخضر,كهرباء دولة,خامس,33.508426,36.290283,906,متوسطة-راقية,property_images/building_needs_renovation.jpg,property_images/apartment_economy.jpg|property_images/townhouse.jpg|property_images/bedroom.jpg
320,شقة في كفرسوسة,"شقة سكنية في بناء سكني في حي كفرسوسة - مساحة 201 م² - 2 غرف, 1 حمامات. الحالة: كالجديد. الملكية: طابو نظامي. الطابق: رابع. المميزات: بلكونة, تدفئة مركزية, مرآب",299100,كفرسوسة,201,2,1,شقة,كالجديد,"بلكونة, تدفئة مركزية, مرآب",2026-01-11,بائع_148,953223264,بيوتنا,طابو نظامي,كهرباء دولة,رابع,33.506384,36.289382,1488,متوسطة-راقية,property_images/apartment_kitchen.jpg,property_images/building_needs_renovation.jpg|property_images/villa_interior.jpg|property_images/apartment_luxury.jpg
321,مكتب في كفرسوسة,"مكتب تجاري في حي كفرسوسة - مساحة 57 م², 1 حمامات. الحالة: جديد. الملكية: كاتب عدل. الطابق: أرضي. المميزات: أبواب حديدية, شارع رئيسي, قرب مدرسة, مصعد, إطلالة مفتوحة",87700,كفرسوسة,57,0,1,مكتب,جديد,"أبواب حديدية, شارع رئيسي, قرب مدرسة, مصعد, إطلالة مفتوحة",2026-01-09,بائع_210,986183262,إكار,كاتب عدل,كهرباء دولة,أرضي,33.507416,36.291913,1539,متوسطة-راقية,property_images/apartment_interior.jpg,property_images/house_traditional.jpg|property_images/apartment_modern.jpg|property_images/villa_interior.jpg
322,بيت في كفرسوسة,"بيت سكني تقليدي في حي كفرسوسة - مساحة 86 م² - 3 غرف, 1 حمامات. الحالة: كالجديد. الملكية: سجل عقاري. الطابق: أرضي. المميزات: بلكونة, مكيف",72400,كفرسوسة,86,3,1,بيت,كالجديد,"بلكونة, مكيف",2026-04-27,بائع_296,968447195,سوق.كوم,سجل عقاري,طاقة شمسية,أرضي,33.502328,36.291016,842,متوسطة-راقية,property_images/building_needs_renovation.jpg,property_images/apartment_luxury.jpg|property_images/apartment_modern.jpg|property_images/apartment_street.jpg
323,شقة في كفرسوسة,"شقة سكنية في بناء سكني في حي كفرسوسة - مساحة 81 م² - 3 غرف, 1 حمامات. الحالة: ممتاز. الملكية: طابو أخضر. الطابق: خامس. المميزات: قرب مستشفى, إنترنت, تدفئة مركزية, موقف سيارات, بئر مياه خاص",68000,كفرسوسة,81,3,1,شقة,ممتاز,"قرب مستشفى, إنترنت, تدفئة مركزية, موقف سيارات, بئر مياه خاص",2026-04-18,بائع_219,938407057,دوشيش,طابو أخضر,كهرباء دولة,خامس,33.506777,36.294986,840,متوسطة-راقية,property_images/apartment_modern.jpg,property_images/apartment_interior.jpg|property_images/apartment_modern.jpg|property_images/bedroom.jpg
324,شقة في كفرسوسة,"شقة سكنية في بناء سكني في حي كفرسوسة - مساحة 119 م² - 4 غرف, 1 حمامات. الحالة: جيد. الملكية: طابو نظامي. الطابق: ملحق. المميزات: إطلالة مفتوحة, تدفئة مركزية, حارس أمن",156200,كفرسوسة,119,4,1,شقة,جيد,"إطلالة مفتوحة, تدفئة مركزية, حارس أمن",2025-11-10,بائع_148,984738419,ماروتا سيتي,طابو نظامي,غير محدد,ملحق,33.506164,36.289802,1313,متوسطة-راقية,property_images/apartment_modern.jpg,property_images/bedroom.jpg|property_images/building_new_construction.jpg|property_images/villa_interior.jpg
325,شقة في كفرسوسة,"شقة سكنية في بناء سكني في حي كفرسوسة - مساحة 152 م² - 3 غرف, 1 حمامات. الحالة: جيد. الملكية: بدون أوراق. الطابق: ثالث. المميزات: قرب مستشفى, أبواب حديدية, شقة مفروشة, إطلالة مفتوحة, قرب مدرسة, بلكونة",121100,كفرسوسة,152,3,1,شقة,جيد,"قرب مستشفى, أبواب حديدية, شقة مفروشة, إطلالة مفتوحة, قرب مدرسة, بلكونة",2026-05-05,بائع_61,933587467,إمتلاك,بدون أوراق,غير محدد,ثالث,33.506535,36.290643,797,متوسطة-راقية,property_images/apartment_modern.jpg,property_images/villa_modern.jpg|property_images/bedroom.jpg|property_images/apartment_street.jpg
326,بيت عربي في كفرسوسة,"بيت عربي بقاعة داخلية واسعة في حي كفرسوسة - مساحة 146 م² - 5 غرف, 2 حمامات. الحالة: جيد. الملكية: طابو نظامي. الطابق: ملحق. المميزات: حديقة, إنترنت",176700,كفرسوسة,146,5,2,بيت عربي,جيد,"حديقة, إنترنت",2025-11-23,بائع_104,966366776,ماروتا سيتي,طابو نظامي,طاقة شمسية,ملحق,33.50565,36.288489,1210,متوسطة-راقية,property_images/house_traditional.jpg,property_images/house_traditional.jpg|property_images/townhouse.jpg|property_images/apartment_modern.jpg
327,شقة في كفرسوسة,"شقة سكنية في بناء سكني في حي كفرسوسة - مساحة 138 م² - 1 غرف, 1 حمامات. الحالة: ممتاز. الملكية: سجل عقاري. الطابق: ثاني. المميزات: حديقة, غاز مركزي, قرب مستشفى, مصعد",137700,كفرسوسة,138,1,1,شقة,ممتاز,"حديقة, غاز مركزي, قرب مستشفى, مصعد",2025-11-14,بائع_246,990935981,سوق.كوم,سجل عقاري,كهرباء دولة,ثاني,33.506056,36.289982,998,متوسطة-راقية,property_images/apartment_kitchen.jpg,property_images/apartment_luxury.jpg|property_images/villa_interior.jpg|property_images/apartment_modern.jpg
328,بيت في كفرسوسة,"بيت سكني تقليدي في حي كفرسوسة - مساحة 142 م² - 3 غرف, 2 حمامات. الحالة: جيد. الملكية: حكم محكمة. الطابق: ملحق. المميزات: مرآب, تدفئة مركزية, شقة مفروشة, بئر مياه خاص, حديقة",142000,كفرسوسة,142,3,2,بيت,جيد,"مرآب, تدفئة مركزية, شقة مفروشة, بئر مياه خاص, حديقة",2025-11-11,بائع_170,975169429,بيوتنا,حكم محكمة,"كهرباء دولة, طاقة شمسية",ملحق,33.50595,36.291636,1000,متوسطة-راقية,property_images/house_traditional.jpg,property_images/house_traditional.jpg|property_images/apartment_street.jpg|property_images/villa_modern.jpg
329,شقة في كفرسوسة,"شقة سكنية في بناء سكني في حي كفرسوسة - مساحة 168 م² - 2 غرف, 2 حمامات. الحالة: جديد. الملكية: بدون أوراق. الطابق: خامس. المميزات: إطلالة مفتوحة, حارس أمن, بئر مياه خاص",208400,كفرسوسة,168,2,2,شقة,جديد,"إطلالة مفتوحة, حارس أمن, بئر مياه خاص",2026-04-13,بائع_255,960489633,دوشيش,بدون أوراق,طاقة شمسية,خامس,33.506021,36.287376,1240,متوسطة-راقية,property_images/apartment_kitchen.jpg,property_images/bedroom.jpg|property_images/house_traditional.jpg|property_images/apartment_kitchen.jpg
330,محل تجاري في كفرسوسة,"محل تجاري أو مكتب في حي كفرسوسة - مساحة 33 م², 1 حمامات. الحالة: ممتاز. الملكية: سجل عقاري. الطابق: ثاني. المميزات: تدفئة مركزية, أثاث, موقف سيارات, شبابيك دبل غلاس",42900,كفرسوسة,33,0,1,محل تجاري,ممتاز,"تدفئة مركزية, أثاث, موقف سيارات, شبابيك دبل غلاس",2025-12-28,بائع_79,954456637,دوشيش,سجل عقاري,كهرباء دولة,ثاني,33.504781,36.289626,1300,متوسطة-راقية,property_images/building_new_construction.jpg,property_images/villa_modern.jpg|property_images/building_needs_renovation.jpg|property_images/apartment_luxury.jpg
331,بيت قديم في كفرسوسة,"بيت تراثي دمشقي قديم في حي كفرسوسة - مساحة 101 م² - 2 غرف, 1 حمامات. الحالة: جيد. الملكية: كاتب عدل. الطابق: أرضي. المميزات: مكيف, أثاث, تدفئة مركزية, شبابيك دبل غلاس, غاز مركزي, حارس أمن",89900,كفرسوسة,101,2,1,بيت قديم,جيد,"مكيف, أثاث, تدفئة مركزية, شبابيك دبل غلاس, غاز مركزي, حارس أمن",2025-12-04,بائع_45,972589554,سوق.كوم,كاتب عدل,"كهرباء دولة, طاقة شمسية",أرضي,33.505859,36.290973,890,متوسطة-راقية,property_images/house_traditional.jpg,property_images/bedroom.jpg|property_images/apartment_modern.jpg|property_images/building_new_construction.jpg
332,شقة في كفرسوسة,"شقة سكنية في بناء سكني في حي كفرسوسة - مساحة 122 م² - 1 غرف, 2 حمامات. الحالة: مقبول. الملكية: حكم محكمة. الطابق: رابع. المميزات: حديقة, أثاث, إطلالة مفتوحة",76100,كفرسوسة,122,1,2,شقة,مقبول,"حديقة, أثاث, إطلالة مفتوحة",2026-01-13,بائع_61,964256574,بيوتنا,حكم محكمة,"كهرباء دولة, طاقة شمسية",رابع,33.504121,36.289712,624,متوسطة-راقية,property_images/apartment_luxury.jpg,property_images/apartment_luxury.jpg|property_images/apartment_kitchen.jpg|property_images/apartment_economy.jpg
333,شقة في كفرسوسة,"شقة سكنية في بناء سكني في حي كفرسوسة - مساحة 77 م² - 1 غرف, 1 حمامات. الحالة: جديد. الملكية: حكم محكمة. الطابق: ثالث. المميزات: إنترنت, قرب مدرسة, حديقة, كهرباء دولة, مكيف, بئر مياه خاص",123400,كفرسوسة,77,1,1,شقة,جديد,"إنترنت, قرب مدرسة, حديقة, كهرباء دولة, مكيف, بئر مياه خاص",2026-02-08,بائع_277,986153190,بيوتنا,حكم محكمة,"كهرباء دولة, طاقة شمسية",ثالث,33.509062,36.292438,1603,متوسطة-راقية,property_images/bedroom.jpg,property_images/house_traditional.jpg|property_images/villa_interior.jpg|property_images/building_needs_renovation.jpg
334,شقة في كفرسوسة,"شقة سكنية في بناء سكني في حي كفرسوسة - مساحة 112 م² - 4 غرف, 1 حمامات. الحالة: يحتاج ترميم. الملكية: طابو أخضر. الطابق: ثاني. المميزات: مرآب, غاز مركزي",117400,كفرسوسة,112,4,1,شقة,يحتاج ترميم,"مرآب, غاز مركزي",2025-11-25,بائع_229,975427617,بيوت شام,طابو أخضر,غير محدد,ثاني,33.506297,36.289326,1048,متوسطة-راقية,property_images/apartment_economy.jpg,property_images/apartment_street.jpg|property_images/building_new_construction.jpg|property_images/building_needs_renovation.jpg
335,بيت عربي في كفرسوسة,"بيت عربي بقاعة داخلية واسعة في حي كفرسوسة - مساحة 149 م² - 2 غرف, 2 حمامات. الحالة: جيد. الملكية: حكم محكمة. الطابق: ملحق. المميزات: مكيف, موقف سيارات, شبابيك دبل غلاس, حارس أمن, قرب مستشفى, بئر مياه خاص",136600,كفرسوسة,149,2,2,بيت عربي,جيد,"مكيف, موقف سيارات, شبابيك دبل غلاس, حارس أمن, قرب مستشفى, بئر مياه خاص",2026-01-05,بائع_119,958250703,ماروتا سيتي,حكم محكمة,غير محدد,ملحق,33.505224,36.290341,917,متوسطة-راقية,property_images/house_traditional.jpg,property_images/building_new_construction.jpg|property_images/duplex_interior.jpg|property_images/apartment_modern.jpg
336,محل تجاري في كفرسوسة,"محل تجاري أو مكتب في حي كفرسوسة - مساحة 64 م², 1 حمامات. الحالة: ممتاز. الملكية: سجل عقاري. الطابق: أول. المميزات: شبابيك دبل غلاس, أبواب حديدية, مصعد, موقف سيارات",88400,كفرسوسة,64,0,1,محل تجاري,ممتاز,"شبابيك دبل غلاس, أبواب حديدية, مصعد, موقف سيارات",2026-03-23,بائع_145,974733801,إكار,سجل عقاري,كهرباء دولة,أول,33.506874,36.292381,1381,متوسطة-راقية,property_images/building_new_construction.jpg,property_images/apartment_kitchen.jpg|property_images/villa_interior.jpg|property_images/house_traditional.jpg
337,شقة في كفرسوسة,"شقة سكنية في بناء سكني في حي كفرسوسة - مساحة 153 م² - 1 غرف, 2 حمامات. الحالة: كالجديد. الملكية: كاتب عدل. الطابق: سادس. المميزات: شارع رئيسي, موقف سيارات, بئر مياه خاص, قرب مدرسة, شبابيك دبل غلاس, غاز مركزي",145700,كفرسوسة,153,1,2,شقة,كالجديد,"شارع رئيسي, موقف سيارات, بئر مياه خاص, قرب مدرسة, شبابيك دبل غلاس, غاز مركزي",2026-03-26,بائع_247,979169268,بيوت شام,كاتب عدل,"كهرباء دولة, طاقة شمسية",سادس,33.500892,36.291869,952,متوسطة-راقية,property_images/apartment_economy.jpg,property_images/villa_interior.jpg|property_images/villa_modern.jpg|property_images/duplex_interior.jpg
338,شقة في كفرسوسة,"شقة سكنية في بناء سكني في حي كفرسوسة - مساحة 72 م² - 4 غرف, 2 حمامات. الحالة: جيد. الملكية: سجل عقاري. الطابق: خامس. المميزات: طاقة شمسية, بلكونة, موقف سيارات, أبواب حديدية, حارس أمن, شبابيك دبل غلاس",74500,كفرسوسة,72,4,2,شقة,جيد,"طاقة شمسية, بلكونة, موقف سيارات, أبواب حديدية, حارس أمن, شبابيك دبل غلاس",2026-03-21,بائع_158,981172988,إكار,سجل عقاري,كهرباء دولة,خامس,33.50366,36.286396,1035,متوسطة-راقية,property_images/apartment_kitchen.jpg,property_images/apartment_luxury.jpg|property_images/house_traditional.jpg|property_images/villa_interior.jpg
339,شقة في كفرسوسة,"شقة سكنية في بناء سكني في حي كفرسوسة - مساحة 138 م² - 4 غرف, 2 حمامات. الحالة: مقبول. الملكية: كاتب عدل. الطابق: أرضي. المميزات: شارع رئيسي, تدفئة مركزية, موقف سيارات, أثاث, مكيف",147600,كفرسوسة,138,4,2,شقة,مقبول,"شارع رئيسي, تدفئة مركزية, موقف سيارات, أثاث, مكيف",2026-01-10,بائع_273,967508926,إكار,كاتب عدل,غير محدد,أرضي,33.504847,36.284818,1070,متوسطة-راقية,property_images/apartment_luxury.jpg,property_images/apartment_modern.jpg|property_images/apartment_luxury.jpg|property_images/townhouse.jpg
340,منزل في كفرسوسة,"منزل سكني عائلي في حي كفرسوسة - مساحة 135 م² - 4 غرف, 2 حمامات. الحالة: كالجديد. الملكية: حكم محكمة. الطابق: أرضي. المميزات: بئر مياه خاص, مرآب, إنترنت, موقف سيارات, مصعد, غاز مركزي",181700,كفرسوسة,135,4,2,منزل,كالجديد,"بئر مياه خاص, مرآب, إنترنت, موقف سيارات, مصعد, غاز مركزي",2025-12-16,بائع_28,930837520,إكار,حكم محكمة,طاقة شمسية,أرضي,33.503042,36.290367,1346,متوسطة-راقية,property_images/duplex_interior.jpg,property_images/duplex_interior.jpg|property_images/townhouse.jpg|property_images/apartment_street.jpg
341,محل تجاري في كفرسوسة,"محل تجاري أو مكتب في حي كفرسوسة - مساحة 59 م², 1 حمامات. الحالة: ممتاز. الملكية: كاتب عدل. الطابق: أول. المميزات: قرب مستشفى, غاز مركزي, حديقة, إطلالة مفتوحة, قرب مدرسة",90300,كفرسوسة,59,0,1,محل تجاري,ممتاز,"قرب مستشفى, غاز مركزي, حديقة, إطلالة مفتوحة, قرب مدرسة",2026-03-22,بائع_244,947297370,إكار,كاتب عدل,"كهرباء دولة, طاقة شمسية",أول,33.506239,36.288054,1531,متوسطة-راقية,property_images/building_new_construction.jpg,property_images/apartment_street.jpg|property_images/apartment_economy.jpg|property_images/townhouse.jpg
342,شقة في كفرسوسة,"شقة سكنية في بناء سكني في حي كفرسوسة - مساحة 161 م² - 2 غرف, 2 حمامات. الحالة: يحتاج ترميم. الملكية: كاتب عدل. الطابق: أرضي. المميزات: مكيف, مصعد, موقف سيارات",121800,كفرسوسة,161,2,2,شقة,يحتاج ترميم,"مكيف, مصعد, موقف سيارات",2025-11-18,بائع_224,947188776,بيوتنا,كاتب عدل,كهرباء دولة,أرضي,33.505945,36.288133,757,متوسطة-راقية,property_images/bedroom.jpg,property_images/apartment_modern.jpg|property_images/apartment_street.jpg|property_images/apartment_economy.jpg
343,بيت في كفرسوسة,"بيت سكني تقليدي في حي كفرسوسة - مساحة 96 م² - 3 غرف, 2 حمامات. الحالة: ممتاز. الملكية: سجل عقاري. الطابق: خامس. المميزات: بلكونة, شبابيك دبل غلاس, شقة مفروشة, مرآب, إطلالة مفتوحة, غاز مركزي",81700,كفرسوسة,96,3,2,بيت,ممتاز,"بلكونة, شبابيك دبل غلاس, شقة مفروشة, مرآب, إطلالة مفتوحة, غاز مركزي",2026-05-04,بائع_296,993987938,إمتلاك,سجل عقاري,كهرباء دولة,خامس,33.505654,36.293423,851,متوسطة-راقية,property_images/building_needs_renovation.jpg,property_images/townhouse.jpg|property_images/apartment_economy.jpg|property_images/duplex_interior.jpg
344,شقة في كفرسوسة,"شقة سكنية في بناء سكني في حي كفرسوسة - مساحة 71 م² - 3 غرف, 1 حمامات. الحالة: جيد. الملكية: سجل عقاري. الطابق: خامس. المميزات: قرب مستشفى, أبواب حديدية",53500,كفرسوسة,71,3,1,شقة,جيد,"قرب مستشفى, أبواب حديدية",2025-11-10,بائع_41,948865654,إمتلاك,سجل عقاري,كهرباء دولة,خامس,33.508942,36.289581,754,متوسطة-راقية,property_images/apartment_interior.jpg,property_images/building_new_construction.jpg|property_images/apartment_modern.jpg|property_images/bedroom.jpg
345,منزل في كفرسوسة,"منزل سكني عائلي في حي كفرسوسة - مساحة 129 م² - 4 غرف, 2 حمامات. الحالة: مقبول. الملكية: كاتب عدل. الطابق: ملحق. المميزات: موقف سيارات, شقة مفروشة, شارع رئيسي, طاقة شمسية, أبواب حديدية, قرب مستشفى",137100,كفرسوسة,129,4,2,منزل,مقبول,"موقف سيارات, شقة مفروشة, شارع رئيسي, طاقة شمسية, أبواب حديدية, قرب مستشفى",2026-02-15,بائع_28,973661023,ماروتا سيتي,كاتب عدل,غير محدد,ملحق,33.504789,36.293652,1063,متوسطة-راقية,property_images/duplex_interior.jpg,property_images/apartment_kitchen.jpg|property_images/townhouse.jpg|property_images/apartment_economy.jpg
346,شقة في كفرسوسة,"شقة سكنية في بناء سكني في حي كفرسوسة - مساحة 143 م² - 3 غرف, 2 حمامات. الحالة: جيد. الملكية: بدون أوراق. الطابق: رابع. المميزات: بئر مياه خاص, شارع رئيسي, بلكونة, تدفئة مركزية",109400,كفرسوسة,143,3,2,شقة,جيد,"بئر مياه خاص, شارع رئيسي, بلكونة, تدفئة مركزية",2026-04-20,بائع_243,951700687,سوق.كوم,بدون أوراق,غير محدد,رابع,33.510315,36.288789,765,متوسطة-راقية,property_images/apartment_street.jpg,property_images/building_needs_renovation.jpg|property_images/apartment_luxury.jpg|property_images/apartment_modern.jpg
347,بيت في كفرسوسة,"بيت سكني تقليدي في حي كفرسوسة - مساحة 132 م² - 1 غرف, 2 حمامات. الحالة: ممتاز. الملكية: حكم محكمة. الطابق: رابع. المميزات: موقف سيارات, مكيف, شقة مفروشة, شارع رئيسي, كهرباء دولة",142200,كفرسوسة,132,1,2,بيت,ممتاز,"موقف سيارات, مكيف, شقة مفروشة, شارع رئيسي, كهرباء دولة",2026-03-01,بائع_8,944733152,بيوتنا,حكم محكمة,"كهرباء دولة, طاقة شمسية",رابع,33.508603,36.293123,1077,متوسطة-راقية,property_images/house_traditional.jpg,property_images/villa_interior.jpg|property_images/duplex_interior.jpg|property_images/apartment_luxury.jpg
348,مكتب في كفرسوسة,"مكتب تجاري في حي كفرسوسة - مساحة 55 م², 1 حمامات. الحالة: جيد. الملكية: حكم محكمة. الطابق: أرضي. المميزات: كهرباء دولة, طاقة شمسية, أبواب حديدية",56100,كفرسوسة,55,0,1,مكتب,جيد,"كهرباء دولة, طاقة شمسية, أبواب حديدية",2026-02-07,بائع_44,948724473,ماروتا سيتي,حكم محكمة,غير محدد,أرضي,33.50692,36.288645,1020,متوسطة-راقية,property_images/apartment_modern.jpg,property_images/townhouse.jpg|property_images/building_needs_renovation.jpg|property_images/villa_interior.jpg
349,شقة في كفرسوسة,"شقة سكنية في بناء سكني في حي كفرسوسة - مساحة 190 م² - 4 غرف, 1 حمامات. الحالة: جيد. الملكية: بدون أوراق. الطابق: رابع. المميزات: شارع رئيسي, بلكونة, أثاث, إنترنت, تدفئة مركزية",164200,كفرسوسة,190,4,1,شقة,جيد,"شارع رئيسي, بلكونة, أثاث, إنترنت, تدفئة مركزية",2026-03-24,بائع_238,981599365,بيوت شام,بدون أوراق,طاقة شمسية,رابع,33.505269,36.290369,864,متوسطة-راقية,property_images/apartment_interior.jpg,property_images/townhouse.jpg|property_images/building_needs_renovation.jpg|property_images/apartment_kitchen.jpg
350,منزل في كفرسوسة,"منزل سكني عائلي في حي كفرسوسة - مساحة 99 م² - 3 غرف, 2 حمامات. الحالة: يحتاج ترميم. الملكية: بدون أوراق. الطابق: أرضي. المميزات: أبواب حديدية, كهرباء دولة, مكيف, شقة مفروشة, مرآب",46800,كفرسوسة,99,3,2,منزل,يحتاج ترميم,"أبواب حديدية, كهرباء دولة, مكيف, شقة مفروشة, مرآب",2026-01-28,بائع_162,997816047,سوق.كوم,بدون أوراق,كهرباء دولة,أرضي,33.508401,36.288686,473,متوسطة-راقية,property_images/townhouse.jpg,property_images/apartment_street.jpg|property_images/apartment_modern.jpg|property_images/house_traditional.jpg
351,شقة في كفرسوسة,"شقة سكنية في بناء سكني في حي كفرسوسة - مساحة 83 م² - 4 غرف, 2 حمامات. الحالة: جيد. الملكية: سجل عقاري. الطابق: سادس. المميزات: كهرباء دولة, شارع رئيسي, حارس أمن, إطلالة مفتوحة",98700,كفرسوسة,83,4,2,شقة,جيد,"كهرباء دولة, شارع رئيسي, حارس أمن, إطلالة مفتوحة",2026-03-05,بائع_100,996453796,إمتلاك,سجل عقاري,كهرباء دولة,سادس,33.508371,36.291438,1189,متوسطة-راقية,property_images/bedroom.jpg,property_images/apartment_street.jpg|property_images/house_traditional.jpg|property_images/villa_interior.jpg
352,بيت قديم في كفرسوسة,"بيت تراثي دمشقي قديم في حي كفرسوسة - مساحة 134 م² - 4 غرف, 1 حمامات. الحالة: كالجديد. الملكية: سجل عقاري. الطابق: أرضي. المميزات: مصعد, مرآب",113800,كفرسوسة,134,4,1,بيت قديم,كالجديد,"مصعد, مرآب",2026-02-05,بائع_113,966364132,بيوتنا,سجل عقاري,كهرباء دولة,أرضي,33.503156,36.293003,849,متوسطة-راقية,property_images/building_needs_renovation.jpg,property_images/apartment_luxury.jpg|property_images/building_new_construction.jpg|property_images/apartment_economy.jpg
353,شقة في كفرسوسة,"شقة سكنية في بناء سكني في حي كفرسوسة - مساحة 108 م² - 2 غرف, 1 حمامات. الحالة: جيد. الملكية: طابو أخضر. الطابق: ثاني. المميزات: موقف سيارات, إطلالة مفتوحة",116700,كفرسوسة,108,2,1,شقة,جيد,"موقف سيارات, إطلالة مفتوحة",2025-11-21,بائع_290,953216229,إمتلاك,طابو أخضر,كهرباء دولة,ثاني,33.508656,36.291112,1081,متوسطة-راقية,property_images/apartment_street.jpg,property_images/bedroom.jpg|property_images/apartment_kitchen.jpg|property_images/apartment_street.jpg
354,شقة في كفرسوسة,"شقة سكنية في بناء سكني في حي كفرسوسة - مساحة 135 م² - 1 غرف, 2 حمامات. الحالة: ممتاز. الملكية: حكم محكمة. الطابق: أول. المميزات: مرآب, حديقة, كهرباء دولة, بلكونة",227800,كفرسوسة,135,1,2,شقة,ممتاز,"مرآب, حديقة, كهرباء دولة, بلكونة",2026-01-26,بائع_171,937370782,ماروتا سيتي,حكم محكمة,"كهرباء دولة, طاقة شمسية",أول,33.504713,36.291856,1687,متوسطة-راقية,property_images/apartment_kitchen.jpg,property_images/apartment_street.jpg|property_images/apartment_interior.jpg|property_images/villa_modern.jpg
355,شقة في كفرسوسة,"شقة سكنية في بناء سكني في حي كفرسوسة - مساحة 121 م² - 2 غرف, 2 حمامات. الحالة: ممتاز. الملكية: سجل عقاري. الطابق: ثاني. المميزات: شارع رئيسي, أبواب حديدية, حارس أمن",152500,كفرسوسة,121,2,2,شقة,ممتاز,"شارع رئيسي, أبواب حديدية, حارس أمن",2025-11-29,بائع_55,986850151,بيوت شام,سجل عقاري,كهرباء دولة,ثاني,33.509057,36.291016,1260,متوسطة-راقية,property_images/apartment_street.jpg,property_images/house_traditional.jpg|property_images/apartment_kitchen.jpg|property_images/townhouse.jpg
356,شقة في كفرسوسة,"شقة سكنية في بناء سكني في حي كفرسوسة - مساحة 138 م² - 3 غرف, 2 حمامات. الحالة: جديد. الملكية: حكم محكمة. الطابق: أرضي. المميزات: أبواب حديدية, مكيف",238700,كفرسوسة,138,3,2,شقة,جديد,"أبواب حديدية, مكيف",2026-02-26,بائع_78,972510339,إكار,حكم محكمة,غير محدد,أرضي,33.50527,36.288322,1730,متوسطة-راقية,property_images/apartment_modern.jpg,property_images/house_traditional.jpg|property_images/apartment_economy.jpg|property_images/apartment_modern.jpg
357,شقة في كفرسوسة,"شقة سكنية في بناء سكني في حي كفرسوسة - مساحة 83 م² - 4 غرف, 2 حمامات. الحالة: جيد. الملكية: كاتب عدل. الطابق: سابع. المميزات: موقف سيارات, قرب مدرسة, طاقة شمسية, مصعد, غاز مركزي",59800,كفرسوسة,83,4,2,شقة,جيد,"موقف سيارات, قرب مدرسة, طاقة شمسية, مصعد, غاز مركزي",2026-02-03,بائع_171,968520075,سوق.كوم,كاتب عدل,كهرباء دولة,سابع,33.510112,36.287794,720,متوسطة-راقية,property_images/apartment_luxury.jpg,property_images/apartment_economy.jpg|property_images/house_traditional.jpg|property_images/apartment_kitchen.jpg
358,بيت في كفرسوسة,"بيت سكني تقليدي في حي كفرسوسة - مساحة 103 م² - 3 غرف, 2 حمامات. الحالة: يحتاج ترميم. الملكية: طابو أخضر. الطابق: ثالث. المميزات: شبابيك دبل غلاس, بئر مياه خاص",68000,كفرسوسة,103,3,2,بيت,يحتاج ترميم,"شبابيك دبل غلاس, بئر مياه خاص",2026-01-27,بائع_98,968829685,دوشيش,طابو أخضر,"كهرباء دولة, طاقة شمسية",ثالث,33.506615,36.291631,660,متوسطة-راقية,property_images/house_traditional.jpg,property_images/apartment_modern.jpg|property_images/apartment_luxury.jpg|property_images/apartment_street.jpg
359,محل تجاري في كفرسوسة,"محل تجاري أو مكتب في حي كفرسوسة - مساحة 81 م², 1 حمامات. الحالة: جيد. الملكية: سجل عقاري. الطابق: أرضي. المميزات: مكيف, تدفئة مركزية, أثاث",89600,كفرسوسة,81,0,1,محل تجاري,جيد,"مكيف, تدفئة مركزية, أثاث",2025-12-31,بائع_200,938931247,إكار,سجل عقاري,غير محدد,أرضي,33.505666,36.290565,1106,متوسطة-راقية,property_images/building_new_construction.jpg,property_images/apartment_interior.jpg|property_images/apartment_kitchen.jpg|property_images/building_needs_renovation.jpg
360,بيت في كفرسوسة,"بيت سكني تقليدي في حي كفرسوسة - مساحة 102 م² - 2 غرف, 1 حمامات. الحالة: جيد. الملكية: بدون أوراق. الطابق: خامس. المميزات: حديقة, تدفئة مركزية",95000,كفرسوسة,102,2,1,بيت,جيد,"حديقة, تدفئة مركزية",2026-04-05,بائع_109,996580636,إمتلاك,بدون أوراق,طاقة شمسية,خامس,33.506982,36.29147,931,متوسطة-راقية,property_images/building_needs_renovation.jpg,property_images/villa_interior.jpg|property_images/house_traditional.jpg|property_images/villa_modern.jpg
361,محل تجاري في كفرسوسة,"محل تجاري أو مكتب في حي كفرسوسة - مساحة 76 م², 1 حمامات. الحالة: جيد. الملكية: حكم محكمة. الطابق: ثاني. المميزات: مكيف, أبواب حديدية",115200,كفرسوسة,76,0,1,محل تجاري,جيد,"مكيف, أبواب حديدية",2025-11-28,بائع_24,961835363,إمتلاك,حكم محكمة,كهرباء دولة,ثاني,33.506362,36.287406,1516,متوسطة-راقية,property_images/building_new_construction.jpg,property_images/villa_modern.jpg|property_images/apartment_luxury.jpg|property_images/building_needs_renovation.jpg
362,شقة في كفرسوسة,"شقة سكنية في بناء سكني في حي كفرسوسة - مساحة 133 م² - 3 غرف, 1 حمامات. الحالة: كالجديد. الملكية: طابو أخضر. الطابق: أول. المميزات: إطلالة مفتوحة, بلكونة, قرب مستشفى, موقف سيارات, حارس أمن",161800,كفرسوسة,133,3,1,شقة,كالجديد,"إطلالة مفتوحة, بلكونة, قرب مستشفى, موقف سيارات, حارس أمن",2026-03-10,بائع_33,955546915,بيوت شام,طابو أخضر,كهرباء دولة,أول,33.504943,36.291173,1217,متوسطة-راقية,property_images/apartment_kitchen.jpg,property_images/villa_modern.jpg|property_images/villa_interior.jpg|property_images/apartment_street.jpg
363,بيت عربي في كفرسوسة,"بيت عربي بقاعة داخلية واسعة في حي كفرسوسة - مساحة 241 م² - 4 غرف, 1 حمامات. الحالة: يحتاج ترميم. الملكية: حكم محكمة. الطابق: أول. المميزات: قرب مدرسة, مكيف, حديقة, أثاث, تدفئة مركزية, بلكونة",169900,كفرسوسة,241,4,1,بيت عربي,يحتاج ترميم,"قرب مدرسة, مكيف, حديقة, أثاث, تدفئة مركزية, بلكونة",2026-01-19,بائع_87,977680290,بيوتنا,حكم محكمة,"كهرباء دولة, طاقة شمسية",أول,33.506618,36.293404,705,متوسطة-راقية,property_images/house_traditional.jpg,property_images/apartment_interior.jpg|property_images/villa_interior.jpg|property_images/townhouse.jpg
364,منزل في كفرسوسة,"منزل سكني عائلي في حي كفرسوسة - مساحة 170 م² - 2 غرف, 3 حمامات. الحالة: يحتاج ترميم. الملكية: طابو أخضر. الطابق: أرضي. المميزات: غاز مركزي, بلكونة, مصعد, أبواب حديدية, موقف سيارات, قرب مستشفى",187400,كفرسوسة,170,2,3,منزل,يحتاج ترميم,"غاز مركزي, بلكونة, مصعد, أبواب حديدية, موقف سيارات, قرب مستشفى",2025-11-20,بائع_146,983827191,ماروتا سيتي,طابو أخضر,"كهرباء دولة, طاقة شمسية",أرضي,33.507131,36.286478,1102,متوسطة-راقية,property_images/townhouse.jpg,property_images/apartment_interior.jpg|property_images/villa_modern.jpg|property_images/apartment_kitchen.jpg
365,بيت عربي في كفرسوسة,"بيت عربي بقاعة داخلية واسعة في حي كفرسوسة - مساحة 217 م² - 3 غرف, 3 حمامات. الحالة: جيد. الملكية: طابو أخضر. الطابق: أرضي. المميزات: شقة مفروشة, شبابيك دبل غلاس, مرآب, طاقة شمسية",237300,كفرسوسة,217,3,3,بيت عربي,جيد,"شقة مفروشة, شبابيك دبل غلاس, مرآب, طاقة شمسية",2026-03-20,بائع_256,941757658,ماروتا سيتي,طابو أخضر,طاقة شمسية,أرضي,33.50858,36.291346,1094,متوسطة-راقية,property_images/house_traditional.jpg,property_images/house_traditional.jpg|property_images/apartment_street.jpg|property_images/duplex_interior.jpg
366,بيت عربي في كفرسوسة,"بيت عربي بقاعة داخلية واسعة في حي كفرسوسة - مساحة 173 م² - 3 غرف, 1 حمامات. الحالة: ممتاز. الملكية: طابو أخضر. الطابق: ملحق. المميزات: شقة مفروشة, حارس أمن",151100,كفرسوسة,173,3,1,بيت عربي,ممتاز,"شقة مفروشة, حارس أمن",2025-12-18,بائع_260,958586765,ماروتا سيتي,طابو أخضر,كهرباء دولة,ملحق,33.505582,36.288299,873,متوسطة-راقية,property_images/house_traditional.jpg,property_images/apartment_modern.jpg|property_images/apartment_kitchen.jpg|property_images/bedroom.jpg
367,بيت في كفرسوسة,"بيت سكني تقليدي في حي كفرسوسة - مساحة 92 م² - 1 غرف, 1 حمامات. الحالة: كالجديد. الملكية: طابو أخضر. الطابق: خامس. المميزات: أبواب حديدية, بلكونة, إطلالة مفتوحة, تدفئة مركزية, قرب مدرسة",120300,كفرسوسة,92,1,1,بيت,كالجديد,"أبواب حديدية, بلكونة, إطلالة مفتوحة, تدفئة مركزية, قرب مدرسة",2026-02-09,بائع_233,935209493,إمتلاك,طابو أخضر,كهرباء دولة,خامس,33.50934,36.290789,1308,متوسطة-راقية,property_images/building_needs_renovation.jpg,property_images/apartment_kitchen.jpg|property_images/building_needs_renovation.jpg|property_images/apartment_modern.jpg
368,شقة في كفرسوسة,"شقة سكنية في بناء سكني في حي كفرسوسة - مساحة 78 م² - 1 غرف, 2 حمامات. الحالة: جيد. الملكية: طابو أخضر. الطابق: ثالث. المميزات: حارس أمن, موقف سيارات, طاقة شمسية, شبابيك دبل غلاس, حديقة, مرآب",95800,كفرسوسة,78,1,2,شقة,جيد,"حارس أمن, موقف سيارات, طاقة شمسية, شبابيك دبل غلاس, حديقة, مرآب",2026-03-08,بائع_57,971338846,سوق.كوم,طابو أخضر,غير محدد,ثالث,33.508393,36.28878,1228,متوسطة-راقية,property_images/apartment_interior.jpg,property_images/building_new_construction.jpg|property_images/bedroom.jpg|property_images/house_traditional.jpg
369,شقة في كفرسوسة,"شقة سكنية في بناء سكني في حي كفرسوسة - مساحة 115 م² - 2 غرف, 1 حمامات. الحالة: ممتاز. الملكية: طابو أخضر. الطابق: ثالث. المميزات: قرب مستشفى, أبواب حديدية, تدفئة مركزية, مرآب, مكيف",145300,كفرسوسة,115,2,1,شقة,ممتاز,"قرب مستشفى, أبواب حديدية, تدفئة مركزية, مرآب, مكيف",2026-01-26,بائع_192,947579975,إمتلاك,طابو أخضر,غير محدد,ثالث,33.50443,36.291297,1263,متوسطة-راقية,property_images/apartment_economy.jpg,property_images/apartment_kitchen.jpg|property_images/villa_interior.jpg|property_images/house_traditional.jpg
370,شقة في كفرسوسة,"شقة سكنية في بناء سكني في حي كفرسوسة - مساحة 115 م² - 3 غرف, 1 حمامات. الحالة: ممتاز. الملكية: طابو نظامي. الطابق: رابع. المميزات: قرب مستشفى, تدفئة مركزية",156300,كفرسوسة,115,3,1,شقة,ممتاز,"قرب مستشفى, تدفئة مركزية",2026-01-08,بائع_215,951897273,بيوت شام,طابو نظامي,كهرباء دولة,رابع,33.504225,36.289125,1359,متوسطة-راقية,property_images/apartment_luxury.jpg,property_images/apartment_interior.jpg|property_images/townhouse.jpg|property_images/apartment_economy.jpg
371,شقة في كفرسوسة,"شقة سكنية في بناء سكني في حي كفرسوسة - مساحة 145 م² - 2 غرف, 1 حمامات. الحالة: ممتاز. الملكية: طابو أخضر. الطابق: سابع. المميزات: مرآب, شقة مفروشة",169900,كفرسوسة,145,2,1,شقة,ممتاز,"مرآب, شقة مفروشة",2026-01-04,بائع_237,965115208,إمتلاك,طابو أخضر,طاقة شمسية,سابع,33.509454,36.289201,1172,متوسطة-راقية,property_images/apartment_kitchen.jpg,property_images/apartment_street.jpg|property_images/building_needs_renovation.jpg|property_images/apartment_luxury.jpg
372,منزل في كفرسوسة,"منزل سكني عائلي في حي كفرسوسة - مساحة 170 م² - 5 غرف, 3 حمامات. الحالة: مقبول. الملكية: طابو نظامي. الطابق: أرضي. المميزات: قرب مستشفى, مكيف, شارع رئيسي",186500,كفرسوسة,170,5,3,منزل,مقبول,"قرب مستشفى, مكيف, شارع رئيسي",2026-01-05,بائع_259,934546376,إكار,طابو نظامي,"كهرباء دولة, طاقة شمسية",أرضي,33.503163,36.286478,1097,متوسطة-راقية,property_images/townhouse.jpg,property_images/apartment_luxury.jpg|property_images/building_new_construction.jpg|property_images/townhouse.jpg
373,شقة في كفرسوسة,"شقة سكنية في بناء سكني في حي كفرسوسة - مساحة 66 م² - 1 غرف, 2 حمامات. الحالة: مقبول. الملكية: حكم محكمة. الطابق: ثالث. المميزات: طاقة شمسية, موقف سيارات, قرب مدرسة, مصعد, مرآب",76400,كفرسوسة,66,1,2,شقة,مقبول,"طاقة شمسية, موقف سيارات, قرب مدرسة, مصعد, مرآب",2025-11-21,بائع_47,932603088,إمتلاك,حكم محكمة,"كهرباء دولة, طاقة شمسية",ثالث,33.504896,36.295116,1158,متوسطة-راقية,property_images/apartment_modern.jpg,property_images/apartment_street.jpg|property_images/villa_modern.jpg|property_images/apartment_modern.jpg
374,شقة في كفرسوسة,"شقة سكنية في بناء سكني في حي كفرسوسة - مساحة 100 م² - 1 غرف, 2 حمامات. الحالة: جيد. الملكية: كاتب عدل. الطابق: أرضي. المميزات: مكيف, غاز مركزي, بلكونة, إنترنت, شبابيك دبل غلاس",111700,كفرسوسة,100,1,2,شقة,جيد,"مكيف, غاز مركزي, بلكونة, إنترنت, شبابيك دبل غلاس",2025-11-10,بائع_171,997134303,بيوت شام,كاتب عدل,طاقة شمسية,أرضي,33.509084,36.294012,1117,متوسطة-راقية,property_images/apartment_luxury.jpg,property_images/apartment_interior.jpg|property_images/apartment_modern.jpg|property_images/house_traditional.jpg
375,منزل في كفرسوسة,"منزل سكني عائلي في حي كفرسوسة - مساحة 252 م² - 3 غرف, 3 حمامات. الحالة: ممتاز. الملكية: بدون أوراق. الطابق: ملحق. المميزات: إطلالة مفتوحة, حديقة",274800,كفرسوسة,252,3,3,منزل,ممتاز,"إطلالة مفتوحة, حديقة",2025-11-14,بائع_187,936216356,دوشيش,بدون أوراق,غير محدد,ملحق,33.508048,36.291185,1090,متوسطة-راقية,property_images/duplex_interior.jpg,property_images/apartment_economy.jpg|property_images/villa_interior.jpg|property_images/duplex_interior.jpg
376,شقة في كفرسوسة,"شقة سكنية في بناء سكني في حي كفرسوسة - مساحة 147 م² - 2 غرف, 1 حمامات. الحالة: جيد. الملكية: سجل عقاري. الطابق: ثالث. المميزات: أثاث, مكيف, حديقة, طاقة شمسية, حارس أمن, أبواب حديدية",142400,كفرسوسة,147,2,1,شقة,جيد,"أثاث, مكيف, حديقة, طاقة شمسية, حارس أمن, أبواب حديدية",2026-02-12,بائع_181,964628027,إمتلاك,سجل عقاري,غير محدد,ثالث,33.504364,36.289993,969,متوسطة-راقية,property_images/bedroom.jpg,property_images/house_traditional.jpg|property_images/apartment_interior.jpg|property_images/duplex_interior.jpg
377,منزل في كفرسوسة,"منزل سكني عائلي في حي كفرسوسة - مساحة 152 م² - 5 غرف, 2 حمامات. الحالة: جديد. الملكية: سجل عقاري. الطابق: ملحق. المميزات: شقة مفروشة, حارس أمن, أبواب حديدية, قرب مدرسة, بئر مياه خاص, شبابيك دبل غلاس",190300,كفرسوسة,152,5,2,منزل,جديد,"شقة مفروشة, حارس أمن, أبواب حديدية, قرب مدرسة, بئر مياه خاص, شبابيك دبل غلاس",2025-11-09,بائع_34,954580115,سوق.كوم,سجل عقاري,كهرباء دولة,ملحق,33.507393,36.291911,1252,متوسطة-راقية,property_images/house_traditional.jpg,property_images/apartment_street.jpg|property_images/apartment_interior.jpg|property_images/villa_interior.jpg
378,شقة في ماروتا سيتي,"شقة سكنية في بناء سكني في حي ماروتا سيتي - مساحة 123 م² - 1 غرف, 1 حمامات. الحالة: مقبول. الملكية: طابو نظامي. الطابق: خامس. المميزات: كهرباء دولة, حارس أمن, مكيف",182600,ماروتا سيتي,123,1,1,شقة,مقبول,"كهرباء دولة, حارس أمن, مكيف",2025-11-26,بائع_12,967536770,إمتلاك,طابو نظامي,غير محدد,خامس,33.497717,36.294613,1485,متوسطة-راقية,property_images/apartment_economy.jpg,property_images/house_traditional.jpg|property_images/apartment_modern.jpg|property_images/apartment_street.jpg
379,منزل في ماروتا سيتي,"منزل سكني عائلي في حي ماروتا سيتي - مساحة 127 م² - 5 غرف, 3 حمامات. الحالة: كالجديد. الملكية: طابو نظامي. الطابق: أرضي. المميزات: بئر مياه خاص, أثاث",194800,ماروتا سيتي,127,5,3,منزل,كالجديد,"بئر مياه خاص, أثاث",2025-12-23,بائع_172,982706815,بيوت شام,طابو نظامي,كهرباء دولة,أرضي,33.499835,36.294757,1534,متوسطة-راقية,property_images/duplex_interior.jpg,property_images/apartment_street.jpg|property_images/villa_interior.jpg|property_images/house_traditional.jpg
380,بيت في ماروتا سيتي,"بيت سكني تقليدي في حي ماروتا سيتي - مساحة 155 م² - 3 غرف, 2 حمامات. الحالة: مقبول. الملكية: سجل عقاري. الطابق: رابع. المميزات: بئر مياه خاص, قرب مستشفى, مكيف, شارع رئيسي, بلكونة",173700,ماروتا سيتي,155,3,2,بيت,مقبول,"بئر مياه خاص, قرب مستشفى, مكيف, شارع رئيسي, بلكونة",2026-02-21,بائع_25,948470274,بيوت شام,سجل عقاري,كهرباء دولة,رابع,33.497952,36.298708,1121,متوسطة-راقية,property_images/house_traditional.jpg,property_images/townhouse.jpg|property_images/building_needs_renovation.jpg|property_images/villa_modern.jpg
381,منزل في ماروتا سيتي,"منزل سكني عائلي في حي ماروتا سيتي - مساحة 214 م² - 4 غرف, 1 حمامات. الحالة: كالجديد. الملكية: بدون أوراق. الطابق: أرضي. المميزات: مكيف, بلكونة, طاقة شمسية",308400,ماروتا سيتي,214,4,1,منزل,كالجديد,"مكيف, بلكونة, طاقة شمسية",2026-04-03,بائع_226,963487629,بيوتنا,بدون أوراق,"كهرباء دولة, طاقة شمسية",أرضي,33.499547,36.293081,1441,متوسطة-راقية,property_images/house_traditional.jpg,property_images/villa_interior.jpg|property_images/bedroom.jpg|property_images/apartment_kitchen.jpg
382,شقة في ماروتا سيتي,"شقة سكنية في بناء سكني في حي ماروتا سيتي - مساحة 106 م² - 3 غرف, 1 حمامات. الحالة: جيد. الملكية: حكم محكمة. الطابق: رابع. المميزات: شبابيك دبل غلاس, قرب مدرسة, بلكونة, إطلالة مفتوحة",167600,ماروتا سيتي,106,3,1,شقة,جيد,"شبابيك دبل غلاس, قرب مدرسة, بلكونة, إطلالة مفتوحة",2025-12-29,بائع_75,988435772,بيوتنا,حكم محكمة,غير محدد,رابع,33.503769,36.298086,1581,متوسطة-راقية,property_images/apartment_economy.jpg,property_images/apartment_kitchen.jpg|property_images/building_new_construction.jpg|property_images/apartment_interior.jpg
383,شقة في ماروتا سيتي,"شقة سكنية في بناء سكني في حي ماروتا سيتي - مساحة 102 م² - 3 غرف, 2 حمامات. الحالة: جيد. الملكية: بدون أوراق. الطابق: رابع عشر. المميزات: بئر مياه خاص, قرب مستشفى, مكيف, شبابيك دبل غلاس, حديقة",103000,ماروتا سيتي,102,3,2,شقة,جيد,"بئر مياه خاص, قرب مستشفى, مكيف, شبابيك دبل غلاس, حديقة",2025-11-13,بائع_283,944423047,سوق.كوم,بدون أوراق,"كهرباء دولة, طاقة شمسية",رابع عشر,33.500282,36.291463,1010,متوسطة-راقية,property_images/apartment_economy.jpg,property_images/building_needs_renovation.jpg|property_images/apartment_luxury.jpg|property_images/villa_interior.jpg
384,منزل في ماروتا سيتي,"منزل سكني عائلي في حي ماروتا سيتي - مساحة 174 م² - 2 غرف, 2 حمامات. الحالة: مقبول. الملكية: سجل عقاري. الطابق: ملحق. المميزات: إطلالة مفتوحة, أثاث",203600,ماروتا سيتي,174,2,2,منزل,مقبول,"إطلالة مفتوحة, أثاث",2026-02-23,بائع_101,932187649,إكار,سجل عقاري,كهرباء دولة,ملحق,33.499068,36.291811,1170,متوسطة-راقية,property_images/duplex_interior.jpg,property_images/apartment_modern.jpg|property_images/bedroom.jpg|property_images/apartment_interior.jpg
385,محل تجاري في ماروتا سيتي,"محل تجاري أو مكتب في حي ماروتا سيتي - مساحة 72 م² - 1 غرف, 1 حمامات. الحالة: جيد. الملكية: بدون أوراق. الطابق: أول. المميزات: حديقة, إطلالة مفتوحة, شقة مفروشة, تدفئة مركزية, إنترنت",88500,ماروتا سيتي,72,1,1,محل تجاري,جيد,"حديقة, إطلالة مفتوحة, شقة مفروشة, تدفئة مركزية, إنترنت",2026-01-31,بائع_198,977112782,بيوت شام,بدون أوراق,كهرباء دولة,أول,33.49766,36.289255,1229,متوسطة-راقية,property_images/building_new_construction.jpg,property_images/villa_modern.jpg|property_images/apartment_interior.jpg|property_images/house_traditional.jpg
386,شقة في ماروتا سيتي,"شقة سكنية في بناء سكني في حي ماروتا سيتي - مساحة 119 م² - 1 غرف, 1 حمامات. الحالة: ممتاز. الملكية: سجل عقاري. الطابق: خامس. المميزات: مرآب, شبابيك دبل غلاس, بئر مياه خاص, بلكونة, شارع رئيسي",220700,ماروتا سيتي,119,1,1,شقة,ممتاز,"مرآب, شبابيك دبل غلاس, بئر مياه خاص, بلكونة, شارع رئيسي",2026-03-30,بائع_107,968597667,ماروتا سيتي,سجل عقاري,غير محدد,خامس,33.503323,36.294086,1855,متوسطة-راقية,property_images/apartment_luxury.jpg,property_images/villa_modern.jpg|property_images/building_needs_renovation.jpg|property_images/apartment_street.jpg
387,منزل في ماروتا سيتي,"منزل سكني عائلي في حي ماروتا سيتي - مساحة 132 م² - 5 غرف, 1 حمامات. الحالة: ممتاز. الملكية: بدون أوراق. الطابق: أول. المميزات: مرآب, كهرباء دولة",163100,ماروتا سيتي,132,5,1,منزل,ممتاز,"مرآب, كهرباء دولة",2025-12-11,بائع_71,955295041,ماروتا سيتي,بدون أوراق,كهرباء دولة,أول,33.498003,36.295604,1236,متوسطة-راقية,property_images/duplex_interior.jpg,property_images/townhouse.jpg|property_images/villa_modern.jpg|property_images/villa_interior.jpg
388,شقة في ماروتا سيتي,"شقة سكنية في بناء سكني في حي ماروتا سيتي - مساحة 146 م² - 3 غرف, 2 حمامات. الحالة: جيد. الملكية: طابو أخضر. الطابق: سابع. المميزات: قرب مدرسة, شبابيك دبل غلاس, طاقة شمسية, مصعد, شارع رئيسي",245100,ماروتا سيتي,146,3,2,شقة,جيد,"قرب مدرسة, شبابيك دبل غلاس, طاقة شمسية, مصعد, شارع رئيسي",2025-11-24,بائع_242,945785572,إمتلاك,طابو أخضر,كهرباء دولة,سابع,33.4998,36.294593,1679,متوسطة-راقية,property_images/apartment_interior.jpg,property_images/villa_interior.jpg|property_images/bedroom.jpg|property_images/apartment_modern.jpg
389,محل تجاري في ماروتا سيتي,"محل تجاري أو مكتب في حي ماروتا سيتي - مساحة 38 م², 1 حمامات. الحالة: ممتاز. الملكية: سجل عقاري. الطابق: أرضي. المميزات: كهرباء دولة, أبواب حديدية",64700,ماروتا سيتي,38,0,1,محل تجاري,ممتاز,"كهرباء دولة, أبواب حديدية",2026-01-02,بائع_290,985370439,إمتلاك,سجل عقاري,كهرباء دولة,أرضي,33.499547,36.295735,1703,متوسطة-راقية,property_images/building_new_construction.jpg,property_images/apartment_kitchen.jpg|property_images/villa_interior.jpg|property_images/bedroom.jpg
390,بيت قديم في ماروتا سيتي,"بيت تراثي دمشقي قديم في حي ماروتا سيتي - مساحة 131 م² - 3 غرف, 1 حمامات. الحالة: يحتاج ترميم. الملكية: كاتب عدل. الطابق: أول. المميزات: بلكونة, قرب مستشفى, تدفئة مركزية, مكيف",94800,ماروتا سيتي,131,3,1,بيت قديم,يحتاج ترميم,"بلكونة, قرب مستشفى, تدفئة مركزية, مكيف",2026-02-03,بائع_84,936385915,بيوت شام,كاتب عدل,كهرباء دولة,أول,33.502985,36.294458,724,متوسطة-راقية,property_images/building_needs_renovation.jpg,property_images/building_new_construction.jpg|property_images/apartment_modern.jpg|property_images/villa_modern.jpg
391,منزل في ماروتا سيتي,"منزل سكني عائلي في حي ماروتا سيتي - مساحة 159 م² - 4 غرف, 2 حمامات. الحالة: يحتاج ترميم. الملكية: سجل عقاري. الطابق: ملحق. المميزات: شارع رئيسي, موقف سيارات, شقة مفروشة, أثاث, بلكونة, حارس أمن",146500,ماروتا سيتي,159,4,2,منزل,يحتاج ترميم,"شارع رئيسي, موقف سيارات, شقة مفروشة, أثاث, بلكونة, حارس أمن",2026-02-14,بائع_155,964818739,إمتلاك,سجل عقاري,غير محدد,ملحق,33.495152,36.296768,921,متوسطة-راقية,property_images/house_traditional.jpg,property_images/building_new_construction.jpg|property_images/villa_interior.jpg|property_images/house_traditional.jpg
392,بيت قديم في ماروتا سيتي,"بيت تراثي دمشقي قديم في حي ماروتا سيتي - مساحة 125 م² - 2 غرف, 1 حمامات. الحالة: جديد. الملكية: حكم محكمة. الطابق: أول. المميزات: شقة مفروشة, بئر مياه خاص, إنترنت",184200,ماروتا سيتي,125,2,1,بيت قديم,جديد,"شقة مفروشة, بئر مياه خاص, إنترنت",2026-03-25,بائع_53,957262062,إكار,حكم محكمة,كهرباء دولة,أول,33.500134,36.296032,1474,متوسطة-راقية,property_images/house_traditional.jpg,property_images/bedroom.jpg|property_images/apartment_kitchen.jpg|property_images/apartment_economy.jpg
393,شقة في ماروتا سيتي,"شقة سكنية في بناء سكني في حي ماروتا سيتي - مساحة 65 م² - 1 غرف, 2 حمامات. الحالة: كالجديد. الملكية: كاتب عدل. الطابق: سابع. المميزات: موقف سيارات, حارس أمن, مكيف, مصعد, أبواب حديدية",114400,ماروتا سيتي,65,1,2,شقة,كالجديد,"موقف سيارات, حارس أمن, مكيف, مصعد, أبواب حديدية",2026-01-12,بائع_268,973280572,إمتلاك,كاتب عدل,طاقة شمسية,سابع,33.501589,36.292491,1760,متوسطة-راقية,property_images/apartment_kitchen.jpg,property_images/duplex_interior.jpg|property_images/apartment_economy.jpg|property_images/bedroom.jpg
394,شقة في ماروتا سيتي,"شقة سكنية في بناء سكني في حي ماروتا سيتي - مساحة 130 م² - 2 غرف, 1 حمامات. الحالة: جيد. الملكية: طابو أخضر. الطابق: رابع. المميزات: بئر مياه خاص, مكيف, أثاث",172600,ماروتا سيتي,130,2,1,شقة,جيد,"بئر مياه خاص, مكيف, أثاث",2026-04-07,بائع_40,932912323,دوشيش,طابو أخضر,كهرباء دولة,رابع,33.500933,36.294929,1328,متوسطة-راقية,property_images/apartment_kitchen.jpg,property_images/apartment_luxury.jpg|property_images/apartment_interior.jpg|property_images/duplex_interior.jpg
395,بيت قديم في ماروتا سيتي,"بيت تراثي دمشقي قديم في حي ماروتا سيتي - مساحة 50 م² - 2 غرف, 1 حمامات. الحالة: جديد. الملكية: طابو أخضر. الطابق: ملحق. المميزات: حارس أمن, كهرباء دولة, تدفئة مركزية, موقف سيارات, بئر مياه خاص",87700,ماروتا سيتي,50,2,1,بيت قديم,جديد,"حارس أمن, كهرباء دولة, تدفئة مركزية, موقف سيارات, بئر مياه خاص",2026-04-04,بائع_106,955293757,إمتلاك,طابو أخضر,"كهرباء دولة, طاقة شمسية",ملحق,33.498531,36.293379,1754,متوسطة-راقية,property_images/house_traditional.jpg,property_images/apartment_luxury.jpg|property_images/apartment_economy.jpg|property_images/villa_modern.jpg
396,شقة في ماروتا سيتي,"شقة سكنية في بناء سكني في حي ماروتا سيتي - مساحة 127 م² - 3 غرف, 2 حمامات. الحالة: جديد. الملكية: كاتب عدل. الطابق: رابع. المميزات: بلكونة, شقة مفروشة, طاقة شمسية, إطلالة مفتوحة",282500,ماروتا سيتي,127,3,2,شقة,جديد,"بلكونة, شقة مفروشة, طاقة شمسية, إطلالة مفتوحة",2025-12-21,بائع_112,954395548,بيوتنا,كاتب عدل,غير محدد,رابع,33.497968,36.295123,2224,متوسطة-راقية,property_images/apartment_kitchen.jpg,property_images/duplex_interior.jpg|property_images/apartment_street.jpg|property_images/apartment_interior.jpg
397,محل تجاري في ماروتا سيتي,"محل تجاري أو مكتب في حي ماروتا سيتي - مساحة 70 م², 1 حمامات. الحالة: جيد. الملكية: بدون أوراق. الطابق: أرضي. المميزات: أبواب حديدية, إنترنت, قرب مستشفى, بلكونة, شبابيك دبل غلاس, حارس أمن",96000,ماروتا سيتي,70,0,1,محل تجاري,جيد,"أبواب حديدية, إنترنت, قرب مستشفى, بلكونة, شبابيك دبل غلاس, حارس أمن",2026-01-17,بائع_110,995338607,دوشيش,بدون أوراق,غير محدد,أرضي,33.500353,36.294266,1371,متوسطة-راقية,property_images/building_new_construction.jpg,property_images/townhouse.jpg|property_images/building_needs_renovation.jpg|property_images/apartment_economy.jpg
398,شقة في ماروتا سيتي,"شقة سكنية في بناء سكني في حي ماروتا سيتي - مساحة 91 م² - 1 غرف, 1 حمامات. الحالة: يحتاج ترميم. الملكية: طابو أخضر. الطابق: عاشر. المميزات: إنترنت, بئر مياه خاص, قرب مدرسة, تدفئة مركزية, موقف سيارات",100100,ماروتا سيتي,91,1,1,شقة,يحتاج ترميم,"إنترنت, بئر مياه خاص, قرب مدرسة, تدفئة مركزية, موقف سيارات",2025-12-03,بائع_160,986336845,إكار,طابو أخضر,"كهرباء دولة, طاقة شمسية",عاشر,33.497856,36.289157,1100,متوسطة-راقية,property_images/apartment_luxury.jpg,property_images/apartment_street.jpg|property_images/apartment_economy.jpg|property_images/townhouse.jpg
399,منزل في ماروتا سيتي,"منزل سكني عائلي في حي ماروتا سيتي - مساحة 179 م² - 2 غرف, 2 حمامات. الحالة: يحتاج ترميم. الملكية: سجل عقاري. الطابق: أول. المميزات: بلكونة, مصعد, أبواب حديدية, حارس أمن",191200,ماروتا سيتي,179,2,2,منزل,يحتاج ترميم,"بلكونة, مصعد, أبواب حديدية, حارس أمن",2026-04-14,بائع_62,948513989,دوشيش,سجل عقاري,كهرباء دولة,أول,33.495274,36.292981,1068,متوسطة-راقية,property_images/duplex_interior.jpg,property_images/townhouse.jpg|property_images/duplex_interior.jpg|property_images/villa_interior.jpg
400,بيت قديم في ماروتا سيتي,"بيت تراثي دمشقي قديم في حي ماروتا سيتي - مساحة 121 م² - 2 غرف, 1 حمامات. الحالة: يحتاج ترميم. الملكية: حكم محكمة. الطابق: أرضي. المميزات: أثاث, حديقة, شارع رئيسي, غاز مركزي",110600,ماروتا سيتي,121,2,1,بيت قديم,يحتاج ترميم,"أثاث, حديقة, شارع رئيسي, غاز مركزي",2025-12-29,بائع_143,964893041,ماروتا سيتي,حكم محكمة,كهرباء دولة,أرضي,33.500042,36.293544,914,متوسطة-راقية,property_images/building_needs_renovation.jpg,property_images/villa_modern.jpg|property_images/apartment_kitchen.jpg|property_images/house_traditional.jpg
401,بيت عربي في ماروتا سيتي,"بيت عربي بقاعة داخلية واسعة في حي ماروتا سيتي - مساحة 170 م² - 5 غرف, 2 حمامات. الحالة: يحتاج ترميم. الملكية: سجل عقاري. الطابق: أول. المميزات: كهرباء دولة, مكيف, شبابيك دبل غلاس, حارس أمن, قرب مدرسة, شارع رئيسي",178800,ماروتا سيتي,170,5,2,بيت عربي,يحتاج ترميم,"كهرباء دولة, مكيف, شبابيك دبل غلاس, حارس أمن, قرب مدرسة, شارع رئيسي",2026-04-01,بائع_16,942873637,سوق.كوم,سجل عقاري,كهرباء دولة,أول,33.498708,36.293402,1052,متوسطة-راقية,property_images/duplex_interior.jpg,property_images/building_needs_renovation.jpg|property_images/apartment_luxury.jpg|property_images/house_traditional.jpg
402,محل تجاري في ماروتا سيتي,"محل تجاري أو مكتب في حي ماروتا سيتي - مساحة 47 م², 1 حمامات. الحالة: جيد. الملكية: طابو أخضر. الطابق: أول. المميزات: حديقة, مكيف, بئر مياه خاص, حارس أمن, موقف سيارات, أبواب حديدية",74700,ماروتا سيتي,47,0,1,محل تجاري,جيد,"حديقة, مكيف, بئر مياه خاص, حارس أمن, موقف سيارات, أبواب حديدية",2025-12-31,بائع_259,963668787,بيوت شام,طابو أخضر,كهرباء دولة,أول,33.500245,36.298249,1589,متوسطة-راقية,property_images/building_new_construction.jpg,property_images/apartment_kitchen.jpg|property_images/villa_interior.jpg|property_images/apartment_luxury.jpg
403,بيت عربي في ماروتا سيتي,"بيت عربي بقاعة داخلية واسعة في حي ماروتا سيتي - مساحة 196 م² - 2 غرف, 2 حمامات. الحالة: جيد. الملكية: طابو أخضر. الطابق: أول. المميزات: غاز مركزي, شبابيك دبل غلاس",260700,ماروتا سيتي,196,2,2,بيت عربي,جيد,"غاز مركزي, شبابيك دبل غلاس",2026-04-26,بائع_17,952683707,إمتلاك,طابو أخضر,غير محدد,أول,33.499416,36.291874,1330,متوسطة-راقية,property_images/duplex_interior.jpg,property_images/villa_interior.jpg|property_images/apartment_luxury.jpg|property_images/building_new_construction.jpg
404,محل تجاري في ماروتا سيتي,"محل تجاري أو مكتب في حي ماروتا سيتي - مساحة 82 م² - 1 غرف, 1 حمامات. الحالة: ممتاز. الملكية: حكم محكمة. الطابق: أرضي. المميزات: بئر مياه خاص, غاز مركزي, أبواب حديدية",149800,ماروتا سيتي,82,1,1,محل تجاري,ممتاز,"بئر مياه خاص, غاز مركزي, أبواب حديدية",2025-12-15,بائع_277,990599028,إكار,حكم محكمة,كهرباء دولة,أرضي,33.499639,36.301386,1827,متوسطة-راقية,property_images/building_new_construction.jpg,property_images/apartment_modern.jpg|property_images/building_new_construction.jpg|property_images/apartment_street.jpg
405,محل تجاري في ماروتا سيتي,"محل تجاري أو مكتب في حي ماروتا سيتي - مساحة 67 م² - 1 غرف, 1 حمامات. الحالة: جيد. الملكية: سجل عقاري. الطابق: أرضي. المميزات: إنترنت, بئر مياه خاص, حديقة, تدفئة مركزية, مصعد, قرب مدرسة",103500,ماروتا سيتي,67,1,1,محل تجاري,جيد,"إنترنت, بئر مياه خاص, حديقة, تدفئة مركزية, مصعد, قرب مدرسة",2025-12-07,بائع_14,973499060,سوق.كوم,سجل عقاري,طاقة شمسية,أرضي,33.499147,36.297297,1545,متوسطة-راقية,property_images/building_new_construction.jpg,property_images/house_traditional.jpg|property_images/apartment_modern.jpg|property_images/villa_modern.jpg
406,منزل في ماروتا سيتي,"منزل سكني عائلي في حي ماروتا سيتي - مساحة 165 م² - 2 غرف, 3 حمامات. الحالة: يحتاج ترميم. الملكية: سجل عقاري. الطابق: ملحق. المميزات: طاقة شمسية, شارع رئيسي, بئر مياه خاص",142000,ماروتا سيتي,165,2,3,منزل,يحتاج ترميم,"طاقة شمسية, شارع رئيسي, بئر مياه خاص",2026-02-16,بائع_59,973278026,سوق.كوم,سجل عقاري,كهرباء دولة,ملحق,33.501838,36.293664,861,متوسطة-راقية,property_images/house_traditional.jpg,property_images/apartment_economy.jpg|property_images/apartment_kitchen.jpg|property_images/apartment_street.jpg
407,منزل في ماروتا سيتي,"منزل سكني عائلي في حي ماروتا سيتي - مساحة 244 م² - 5 غرف, 3 حمامات. الحالة: جديد. الملكية: حكم محكمة. الطابق: أول. المميزات: مرآب, كهرباء دولة, مصعد, أبواب حديدية, قرب مستشفى, حديقة",512700,ماروتا سيتي,244,5,3,منزل,جديد,"مرآب, كهرباء دولة, مصعد, أبواب حديدية, قرب مستشفى, حديقة",2026-04-10,بائع_251,942824423,إمتلاك,حكم محكمة,"كهرباء دولة, طاقة شمسية",أول,33.499105,36.297562,2101,متوسطة-راقية,property_images/townhouse.jpg,property_images/villa_modern.jpg|property_images/apartment_luxury.jpg|property_images/bedroom.jpg
408,شقة في ماروتا سيتي,"شقة سكنية في بناء سكني في حي ماروتا سيتي - مساحة 122 م² - 3 غرف, 1 حمامات. الحالة: جيد. الملكية: كاتب عدل. الطابق: سادس. المميزات: بئر مياه خاص, إنترنت, مرآب, أثاث, أبواب حديدية, موقف سيارات",189100,ماروتا سيتي,122,3,1,شقة,جيد,"بئر مياه خاص, إنترنت, مرآب, أثاث, أبواب حديدية, موقف سيارات",2025-12-10,بائع_206,958754911,إمتلاك,كاتب عدل,"كهرباء دولة, طاقة شمسية",سادس,33.500969,36.293307,1550,متوسطة-راقية,property_images/apartment_luxury.jpg,property_images/apartment_street.jpg|property_images/apartment_economy.jpg|property_images/house_traditional.jpg
409,مكتب في ماروتا سيتي,"مكتب تجاري في حي ماروتا سيتي - مساحة 42 م², 1 حمامات. الحالة: جيد. الملكية: حكم محكمة. الطابق: أول. المميزات: موقف سيارات, قرب مستشفى, شقة مفروشة, أبواب حديدية",72700,ماروتا سيتي,42,0,1,مكتب,جيد,"موقف سيارات, قرب مستشفى, شقة مفروشة, أبواب حديدية",2025-11-20,بائع_155,994943187,بيوت شام,حكم محكمة,كهرباء دولة,أول,33.49933,36.294193,1731,متوسطة-راقية,property_images/apartment_modern.jpg,property_images/building_new_construction.jpg|property_images/apartment_kitchen.jpg|property_images/townhouse.jpg
410,منزل في ماروتا سيتي,"منزل سكني عائلي في حي ماروتا سيتي - مساحة 117 م² - 5 غرف, 2 حمامات. الحالة: جيد. الملكية: طابو نظامي. الطابق: ملحق. المميزات: شقة مفروشة, شبابيك دبل غلاس, قرب مدرسة, بلكونة, مصعد, قرب مستشفى",174500,ماروتا سيتي,117,5,2,منزل,جيد,"شقة مفروشة, شبابيك دبل غلاس, قرب مدرسة, بلكونة, مصعد, قرب مستشفى",2026-01-06,بائع_138,998948228,إكار,طابو نظامي,كهرباء دولة,ملحق,33.504125,36.292865,1491,متوسطة-راقية,property_images/house_traditional.jpg,property_images/apartment_interior.jpg|property_images/apartment_luxury.jpg|property_images/apartment_modern.jpg
411,محل تجاري في ماروتا سيتي,"محل تجاري أو مكتب في حي ماروتا سيتي - مساحة 60 م², 1 حمامات. الحالة: يحتاج ترميم. الملكية: بدون أوراق. الطابق: ثاني. المميزات: شبابيك دبل غلاس, مكيف, طاقة شمسية, إطلالة مفتوحة",63100,ماروتا سيتي,60,0,1,محل تجاري,يحتاج ترميم,"شبابيك دبل غلاس, مكيف, طاقة شمسية, إطلالة مفتوحة",2026-01-14,بائع_211,970970542,سوق.كوم,بدون أوراق,طاقة شمسية,ثاني,33.499841,36.295905,1052,متوسطة-راقية,property_images/building_new_construction.jpg,property_images/building_needs_renovation.jpg|property_images/apartment_street.jpg|property_images/villa_interior.jpg
412,بيت في ماروتا سيتي,"بيت سكني تقليدي في حي ماروتا سيتي - مساحة 78 م² - 2 غرف, 1 حمامات. الحالة: مقبول. الملكية: طابو نظامي. الطابق: أول. المميزات: إطلالة مفتوحة, طاقة شمسية, غاز مركزي, شارع رئيسي",90200,ماروتا سيتي,78,2,1,بيت,مقبول,"إطلالة مفتوحة, طاقة شمسية, غاز مركزي, شارع رئيسي",2026-02-15,بائع_238,992687019,دوشيش,طابو نظامي,"كهرباء دولة, طاقة شمسية",أول,33.499626,36.296971,1156,متوسطة-راقية,property_images/building_needs_renovation.jpg,property_images/bedroom.jpg|property_images/building_needs_renovation.jpg|property_images/apartment_kitchen.jpg
413,منزل في ماروتا سيتي,"منزل سكني عائلي في حي ماروتا سيتي - مساحة 213 م² - 4 غرف, 1 حمامات. الحالة: يحتاج ترميم. الملكية: طابو نظامي. الطابق: ملحق. المميزات: كهرباء دولة, شارع رئيسي",258900,ماروتا سيتي,213,4,1,منزل,يحتاج ترميم,"كهرباء دولة, شارع رئيسي",2026-04-25,بائع_249,932158014,ماروتا سيتي,طابو نظامي,كهرباء دولة,ملحق,33.501159,36.295652,1215,متوسطة-راقية,property_images/townhouse.jpg,property_images/duplex_interior.jpg|property_images/apartment_interior.jpg|property_images/villa_interior.jpg
414,محل تجاري في ماروتا سيتي,"محل تجاري أو مكتب في حي ماروتا سيتي - مساحة 64 م², 1 حمامات. الحالة: ممتاز. الملكية: طابو نظامي. الطابق: أرضي. المميزات: موقف سيارات, غاز مركزي, مكيف, طاقة شمسية",119700,ماروتا سيتي,64,0,1,محل تجاري,ممتاز,"موقف سيارات, غاز مركزي, مكيف, طاقة شمسية",2026-04-05,بائع_268,997364039,دوشيش,طابو نظامي,كهرباء دولة,أرضي,33.500677,36.294409,1870,متوسطة-راقية,property_images/building_new_construction.jpg,property_images/apartment_modern.jpg|property_images/duplex_interior.jpg|property_images/apartment_economy.jpg
415,محل تجاري في ماروتا سيتي,"محل تجاري أو مكتب في حي ماروتا سيتي - مساحة 64 م² - 1 غرف, 1 حمامات. الحالة: كالجديد. الملكية: طابو أخضر. الطابق: أرضي. المميزات: غاز مركزي, طاقة شمسية, مرآب, أثاث, مكيف, حارس أمن",159700,ماروتا سيتي,64,1,1,محل تجاري,كالجديد,"غاز مركزي, طاقة شمسية, مرآب, أثاث, مكيف, حارس أمن",2026-01-21,بائع_131,937614178,إكار,طابو أخضر,"كهرباء دولة, طاقة شمسية",أرضي,33.497987,36.29728,2495,متوسطة-راقية,property_images/building_new_construction.jpg,property_images/house_traditional.jpg|property_images/apartment_modern.jpg|property_images/apartment_luxury.jpg
416,شقة في ماروتا سيتي,"شقة سكنية في بناء سكني في حي ماروتا سيتي - مساحة 166 م² - 4 غرف, 2 حمامات. الحالة: يحتاج ترميم. الملكية: طابو نظامي. الطابق: رابع عشر. المميزات: كهرباء دولة, مكيف, إنترنت",179300,ماروتا سيتي,166,4,2,شقة,يحتاج ترميم,"كهرباء دولة, مكيف, إنترنت",2025-11-21,بائع_18,936824233,ماروتا سيتي,طابو نظامي,"كهرباء دولة, طاقة شمسية",رابع عشر,33.495756,36.293784,1080,متوسطة-راقية,property_images/apartment_street.jpg,property_images/building_new_construction.jpg|property_images/townhouse.jpg|property_images/apartment_luxury.jpg
417,بيت في ماروتا سيتي,"بيت سكني تقليدي في حي ماروتا سيتي - مساحة 148 م² - 3 غرف, 2 حمامات. الحالة: ممتاز. الملكية: سجل عقاري. الطابق: سابع. المميزات: قرب مدرسة, طاقة شمسية",200900,ماروتا سيتي,148,3,2,بيت,ممتاز,"قرب مدرسة, طاقة شمسية",2026-01-25,بائع_131,968194634,ماروتا سيتي,سجل عقاري,كهرباء دولة,سابع,33.498001,36.29399,1357,متوسطة-راقية,property_images/building_needs_renovation.jpg,property_images/apartment_luxury.jpg|property_images/bedroom.jpg|property_images/duplex_interior.jpg
418,بيت قديم في ماروتا سيتي,"بيت تراثي دمشقي قديم في حي ماروتا سيتي - مساحة 129 م² - 2 غرف, 2 حمامات. الحالة: ممتاز. الملكية: كاتب عدل. الطابق: أرضي. المميزات: شارع رئيسي, مرآب, تدفئة مركزية, كهرباء دولة",162400,ماروتا سيتي,129,2,2,بيت قديم,ممتاز,"شارع رئيسي, مرآب, تدفئة مركزية, كهرباء دولة",2026-01-05,بائع_212,972852233,دوشيش,كاتب عدل,غير محدد,أرضي,33.499522,36.294266,1259,متوسطة-راقية,property_images/house_traditional.jpg,property_images/apartment_luxury.jpg|property_images/villa_interior.jpg|property_images/apartment_interior.jpg
419,محل تجاري في ماروتا سيتي,"محل تجاري أو مكتب في حي ماروتا سيتي - مساحة 50 م² - 1 غرف, 1 حمامات. الحالة: مقبول. الملكية: كاتب عدل. الطابق: أول. المميزات: مرآب, إطلالة مفتوحة, قرب مدرسة, حديقة",65800,ماروتا سيتي,50,1,1,محل تجاري,مقبول,"مرآب, إطلالة مفتوحة, قرب مدرسة, حديقة",2025-11-22,بائع_95,986929443,إمتلاك,كاتب عدل,غير محدد,أول,33.503231,36.294355,1316,متوسطة-راقية,property_images/building_new_construction.jpg,property_images/house_traditional.jpg|property_images/villa_modern.jpg|property_images/apartment_kitchen.jpg
420,شقة في ماروتا سيتي,"شقة سكنية في بناء سكني في حي ماروتا سيتي - مساحة 162 م² - 3 غرف, 1 حمامات. الحالة: ممتاز. الملكية: حكم محكمة. الطابق: رابع عشر. المميزات: بلكونة, طاقة شمسية",294600,ماروتا سيتي,162,3,1,شقة,ممتاز,"بلكونة, طاقة شمسية",2026-04-02,بائع_211,970573421,دوشيش,حكم محكمة,غير محدد,رابع عشر,33.501997,36.294137,1819,متوسطة-راقية,property_images/apartment_modern.jpg,property_images/duplex_interior.jpg|property_images/building_needs_renovation.jpg|property_images/villa_interior.jpg
421,محل تجاري في ماروتا سيتي,"محل تجاري أو مكتب في حي ماروتا سيتي - مساحة 70 م² - 1 غرف, 1 حمامات. الحالة: كالجديد. الملكية: طابو أخضر. الطابق: أرضي. المميزات: موقف سيارات, مرآب, إنترنت",155900,ماروتا سيتي,70,1,1,محل تجاري,كالجديد,"موقف سيارات, مرآب, إنترنت",2025-12-10,بائع_115,932124085,إكار,طابو أخضر,كهرباء دولة,أرضي,33.498193,36.295649,2227,متوسطة-راقية,property_images/building_new_construction.jpg,property_images/house_traditional.jpg|property_images/villa_modern.jpg|property_images/apartment_interior.jpg
422,بيت في ماروتا سيتي,"بيت سكني تقليدي في حي ماروتا سيتي - مساحة 74 م² - 2 غرف, 1 حمامات. الحالة: جيد. الملكية: بدون أوراق. الطابق: رابع. المميزات: بلكونة, تدفئة مركزية, غاز مركزي, مرآب",78200,ماروتا سيتي,74,2,1,بيت,جيد,"بلكونة, تدفئة مركزية, غاز مركزي, مرآب",2026-03-23,بائع_291,945114800,إمتلاك,بدون أوراق,كهرباء دولة,رابع,33.499071,36.295402,1057,متوسطة-راقية,property_images/building_needs_renovation.jpg,property_images/apartment_economy.jpg|property_images/bedroom.jpg|property_images/apartment_kitchen.jpg
423,منزل في ماروتا سيتي,"منزل سكني عائلي في حي ماروتا سيتي - مساحة 172 م² - 5 غرف, 1 حمامات. الحالة: مقبول. الملكية: بدون أوراق. الطابق: أول. المميزات: أثاث, شارع رئيسي, كهرباء دولة",155400,ماروتا سيتي,172,5,1,منزل,مقبول,"أثاث, شارع رئيسي, كهرباء دولة",2026-01-15,بائع_106,957964119,بيوت شام,بدون أوراق,غير محدد,أول,33.501173,36.29405,903,متوسطة-راقية,property_images/townhouse.jpg,property_images/duplex_interior.jpg|property_images/apartment_interior.jpg|property_images/house_traditional.jpg
424,بيت قديم في ماروتا سيتي,"بيت تراثي دمشقي قديم في حي ماروتا سيتي - مساحة 130 م² - 2 غرف, 1 حمامات. الحالة: كالجديد. الملكية: طابو أخضر. الطابق: أول. المميزات: كهرباء دولة, طاقة شمسية, شبابيك دبل غلاس, إطلالة مفتوحة",166300,ماروتا سيتي,130,2,1,بيت قديم,كالجديد,"كهرباء دولة, طاقة شمسية, شبابيك دبل غلاس, إطلالة مفتوحة",2026-04-14,بائع_6,990239675,ماروتا سيتي,طابو أخضر,كهرباء دولة,أول,33.500253,36.298878,1279,متوسطة-راقية,property_images/house_traditional.jpg,property_images/duplex_interior.jpg|property_images/apartment_kitchen.jpg|property_images/bedroom.jpg
425,شقة في ماروتا سيتي,"شقة سكنية في بناء سكني في حي ماروتا سيتي - مساحة 84 م² - 4 غرف, 2 حمامات. الحالة: جيد. الملكية: حكم محكمة. الطابق: سادس. المميزات: كهرباء دولة, موقف سيارات, حارس أمن, قرب مدرسة, تدفئة مركزية, شقة مفروشة",113600,ماروتا سيتي,84,4,2,شقة,جيد,"كهرباء دولة, موقف سيارات, حارس أمن, قرب مدرسة, تدفئة مركزية, شقة مفروشة",2025-12-01,بائع_24,930365978,إكار,حكم محكمة,كهرباء دولة,سادس,33.501028,36.295359,1352,متوسطة-راقية,property_images/bedroom.jpg,property_images/apartment_street.jpg|property_images/villa_interior.jpg|property_images/apartment_interior.jpg
426,بيت في ماروتا سيتي,"بيت سكني تقليدي في حي ماروتا سيتي - مساحة 120 م² - 2 غرف, 1 حمامات. الحالة: ممتاز. الملكية: سجل عقاري. الطابق: خامس. المميزات: تدفئة مركزية, قرب مستشفى, بلكونة, كهرباء دولة, إطلالة مفتوحة, أبواب حديدية",170400,ماروتا سيتي,120,2,1,بيت,ممتاز,"تدفئة مركزية, قرب مستشفى, بلكونة, كهرباء دولة, إطلالة مفتوحة, أبواب حديدية",2026-02-13,بائع_272,985248683,بيوت شام,سجل عقاري,طاقة شمسية,خامس,33.501269,36.297219,1420,متوسطة-راقية,property_images/building_needs_renovation.jpg,property_images/apartment_luxury.jpg|property_images/apartment_kitchen.jpg|property_images/building_new_construction.jpg
427,شقة في ماروتا سيتي,"شقة سكنية في بناء سكني في حي ماروتا سيتي - مساحة 134 م² - 3 غرف, 2 حمامات. الحالة: جديد. الملكية: طابو أخضر. الطابق: خامس. المميزات: بئر مياه خاص, كهرباء دولة, إطلالة مفتوحة, شقة مفروشة, حديقة",277500,ماروتا سيتي,134,3,2,شقة,جديد,"بئر مياه خاص, كهرباء دولة, إطلالة مفتوحة, شقة مفروشة, حديقة",2026-03-28,بائع_285,986155807,بيوتنا,طابو أخضر,كهرباء دولة,خامس,33.501345,36.2988,2071,متوسطة-راقية,property_images/apartment_street.jpg,property_images/villa_modern.jpg|property_images/bedroom.jpg|property_images/apartment_kitchen.jpg
428,شقة في ماروتا سيتي,"شقة سكنية في بناء سكني في حي ماروتا سيتي - مساحة 115 م² - 3 غرف, 1 حمامات. الحالة: كالجديد. الملكية: طابو أخضر. الطابق: رابع عشر. المميزات: مرآب, حارس أمن, أبواب حديدية, تدفئة مركزية, شبابيك دبل غلاس",203600,ماروتا سيتي,115,3,1,شقة,كالجديد,"مرآب, حارس أمن, أبواب حديدية, تدفئة مركزية, شبابيك دبل غلاس",2026-04-07,بائع_76,945466586,سوق.كوم,طابو أخضر,كهرباء دولة,رابع عشر,33.502214,36.294759,1770,متوسطة-راقية,property_images/apartment_modern.jpg,property_images/duplex_interior.jpg|property_images/apartment_interior.jpg|property_images/townhouse.jpg
429,شقة في ماروتا سيتي,"شقة سكنية في بناء سكني في حي ماروتا سيتي - مساحة 55 م² - 1 غرف, 1 حمامات. الحالة: ممتاز. الملكية: كاتب عدل. الطابق: خامس عشر. المميزات: مصعد, شقة مفروشة, قرب مستشفى, بلكونة, مرآب, موقف سيارات",94700,ماروتا سيتي,55,1,1,شقة,ممتاز,"مصعد, شقة مفروشة, قرب مستشفى, بلكونة, مرآب, موقف سيارات",2026-02-10,بائع_14,966814407,إمتلاك,كاتب عدل,"كهرباء دولة, طاقة شمسية",خامس عشر,33.498929,36.294819,1722,متوسطة-راقية,property_images/apartment_street.jpg,property_images/townhouse.jpg|property_images/building_new_construction.jpg|property_images/building_needs_renovation.jpg
430,شقة في ماروتا سيتي,"شقة سكنية في بناء سكني في حي ماروتا سيتي - مساحة 131 م² - 1 غرف, 2 حمامات. الحالة: ممتاز. الملكية: بدون أوراق. الطابق: عاشر. المميزات: مصعد, موقف سيارات, شبابيك دبل غلاس",166300,ماروتا سيتي,131,1,2,شقة,ممتاز,"مصعد, موقف سيارات, شبابيك دبل غلاس",2025-11-18,بائع_3,972145976,إمتلاك,بدون أوراق,طاقة شمسية,عاشر,33.501419,36.294129,1269,متوسطة-راقية,property_images/apartment_interior.jpg,property_images/villa_modern.jpg|property_images/duplex_interior.jpg|property_images/apartment_kitchen.jpg
431,بيت في ماروتا سيتي,"بيت سكني تقليدي في حي ماروتا سيتي - مساحة 125 م² - 3 غرف, 1 حمامات. الحالة: جيد. الملكية: بدون أوراق. الطابق: أرضي. المميزات: تدفئة مركزية, بئر مياه خاص, حديقة",116600,ماروتا سيتي,125,3,1,بيت,جيد,"تدفئة مركزية, بئر مياه خاص, حديقة",2025-12-02,بائع_196,941518233,بيوت شام,بدون أوراق,غير محدد,أرضي,33.501478,36.296231,933,متوسطة-راقية,property_images/house_traditional.jpg,property_images/apartment_interior.jpg|property_images/duplex_interior.jpg|property_images/building_new_construction.jpg
432,شقة في ماروتا سيتي,"شقة سكنية في بناء سكني في حي ماروتا سيتي - مساحة 87 م² - 1 غرف, 1 حمامات. الحالة: يحتاج ترميم. الملكية: كاتب عدل. الطابق: ثالث عشر. المميزات: بلكونة, غاز مركزي, إطلالة مفتوحة",99300,ماروتا سيتي,87,1,1,شقة,يحتاج ترميم,"بلكونة, غاز مركزي, إطلالة مفتوحة",2026-04-05,بائع_153,992940014,دوشيش,كاتب عدل,غير محدد,ثالث عشر,33.498928,36.296616,1141,متوسطة-راقية,property_images/apartment_interior.jpg,property_images/bedroom.jpg|property_images/duplex_interior.jpg|property_images/apartment_interior.jpg
433,بيت قديم في ماروتا سيتي,"بيت تراثي دمشقي قديم في حي ماروتا سيتي - مساحة 112 م² - 4 غرف, 1 حمامات. الحالة: يحتاج ترميم. الملكية: بدون أوراق. الطابق: أول. المميزات: حارس أمن, إنترنت, شقة مفروشة, أثاث",79400,ماروتا سيتي,112,4,1,بيت قديم,يحتاج ترميم,"حارس أمن, إنترنت, شقة مفروشة, أثاث",2026-02-26,بائع_289,984194604,ماروتا سيتي,بدون أوراق,كهرباء دولة,أول,33.499553,36.294301,709,متوسطة-راقية,property_images/house_traditional.jpg,property_images/building_needs_renovation.jpg|property_images/apartment_luxury.jpg|property_images/house_traditional.jpg
434,منزل في ماروتا سيتي,"منزل سكني عائلي في حي ماروتا سيتي - مساحة 159 م² - 5 غرف, 1 حمامات. الحالة: ممتاز. الملكية: طابو أخضر. الطابق: أول. المميزات: شقة مفروشة, حديقة",246900,ماروتا سيتي,159,5,1,منزل,ممتاز,"شقة مفروشة, حديقة",2026-03-27,بائع_254,997760141,إمتلاك,طابو أخضر,غير محدد,أول,33.5016,36.291767,1553,متوسطة-راقية,property_images/duplex_interior.jpg,property_images/bedroom.jpg|property_images/villa_interior.jpg|property_images/building_needs_renovation.jpg
435,منزل في ماروتا سيتي,"منزل سكني عائلي في حي ماروتا سيتي - مساحة 112 م² - 5 غرف, 2 حمامات. الحالة: ممتاز. الملكية: سجل عقاري. الطابق: ملحق. المميزات: مكيف, بئر مياه خاص, طاقة شمسية",153900,ماروتا سيتي,112,5,2,منزل,ممتاز,"مكيف, بئر مياه خاص, طاقة شمسية",2025-12-15,بائع_40,935638354,سوق.كوم,سجل عقاري,كهرباء دولة,ملحق,33.501901,36.298421,1374,متوسطة-راقية,property_images/house_traditional.jpg,property_images/villa_interior.jpg|property_images/apartment_economy.jpg|property_images/apartment_street.jpg
436,منزل في ماروتا سيتي,"منزل سكني عائلي في حي ماروتا سيتي - مساحة 155 م² - 4 غرف, 2 حمامات. الحالة: ممتاز. الملكية: سجل عقاري. الطابق: أرضي. المميزات: قرب مستشفى, موقف سيارات, شقة مفروشة, مصعد",232000,ماروتا سيتي,155,4,2,منزل,ممتاز,"قرب مستشفى, موقف سيارات, شقة مفروشة, مصعد",2026-03-20,بائع_202,935187336,دوشيش,سجل عقاري,غير محدد,أرضي,33.50014,36.297324,1497,متوسطة-راقية,property_images/house_traditional.jpg,property_images/duplex_interior.jpg|property_images/building_new_construction.jpg|property_images/house_traditional.jpg
437,محل تجاري في ماروتا سيتي,"محل تجاري أو مكتب في حي ماروتا سيتي - مساحة 36 م² - 1 غرف, 1 حمامات. الحالة: ممتاز. الملكية: حكم محكمة. الطابق: ثاني. المميزات: كهرباء دولة, حديقة, بلكونة, أثاث, قرب مستشفى, موقف سيارات",67700,ماروتا سيتي,36,1,1,محل تجاري,ممتاز,"كهرباء دولة, حديقة, بلكونة, أثاث, قرب مستشفى, موقف سيارات",2025-11-14,بائع_55,985660333,سوق.كوم,حكم محكمة,طاقة شمسية,ثاني,33.50195,36.296002,1881,متوسطة-راقية,property_images/building_new_construction.jpg,property_images/building_needs_renovation.jpg|property_images/apartment_economy.jpg|property_images/villa_modern.jpg
438,شقة في ماروتا سيتي,"شقة سكنية في بناء سكني في حي ماروتا سيتي - مساحة 126 م² - 4 غرف, 2 حمامات. الحالة: كالجديد. الملكية: طابو أخضر. الطابق: رابع. المميزات: إطلالة مفتوحة, أبواب حديدية, بئر مياه خاص, إنترنت, غاز مركزي",266500,ماروتا سيتي,126,4,2,شقة,كالجديد,"إطلالة مفتوحة, أبواب حديدية, بئر مياه خاص, إنترنت, غاز مركزي",2026-04-07,بائع_9,954128117,بيوتنا,طابو أخضر,"كهرباء دولة, طاقة شمسية",رابع,33.494594,36.296356,2115,متوسطة-راقية,property_images/apartment_modern.jpg,property_images/apartment_modern.jpg|property_images/apartment_street.jpg|property_images/duplex_interior.jpg
439,منزل في ماروتا سيتي,"منزل سكني عائلي في حي ماروتا سيتي - مساحة 130 م² - 3 غرف, 1 حمامات. الحالة: كالجديد. الملكية: طابو نظامي. الطابق: أرضي. المميزات: شبابيك دبل غلاس, مكيف, أبواب حديدية, مرآب",200200,ماروتا سيتي,130,3,1,منزل,كالجديد,"شبابيك دبل غلاس, مكيف, أبواب حديدية, مرآب",2025-11-07,بائع_228,992594392,سوق.كوم,طابو نظامي,كهرباء دولة,أرضي,33.501022,36.297747,1540,متوسطة-راقية,property_images/townhouse.jpg,property_images/duplex_interior.jpg|property_images/townhouse.jpg|property_images/apartment_interior.jpg
440,محل تجاري في ماروتا سيتي,"محل تجاري أو مكتب في حي ماروتا سيتي - مساحة 56 م² - 1 غرف, 1 حمامات. الحالة: جيد. الملكية: طابو نظامي. الطابق: أول. المميزات: مصعد, حارس أمن, مرآب, قرب مستشفى",105700,ماروتا سيتي,56,1,1,محل تجاري,جيد,"مصعد, حارس أمن, مرآب, قرب مستشفى",2025-12-15,بائع_149,934611177,دوشيش,طابو نظامي,غير محدد,أول,33.503225,36.29763,1888,متوسطة-راقية,property_images/building_new_construction.jpg,property_images/villa_modern.jpg|property_images/apartment_luxury.jpg|property_images/apartment_economy.jpg
441,منزل في ماروتا سيتي,"منزل سكني عائلي في حي ماروتا سيتي - مساحة 233 م² - 5 غرف, 1 حمامات. الحالة: جيد. الملكية: حكم محكمة. الطابق: أول. المميزات: شقة مفروشة, مصعد",340000,ماروتا سيتي,233,5,1,منزل,جيد,"شقة مفروشة, مصعد",2026-02-26,بائع_214,990222621,دوشيش,حكم محكمة,كهرباء دولة,أول,33.500151,36.291796,1459,متوسطة-راقية,property_images/duplex_interior.jpg,property_images/apartment_modern.jpg|property_images/apartment_street.jpg|property_images/apartment_economy.jpg
442,بيت في ماروتا سيتي,"بيت سكني تقليدي في حي ماروتا سيتي - مساحة 102 م² - 2 غرف, 1 حمامات. الحالة: جيد. الملكية: سجل عقاري. الطابق: خامس. المميزات: بئر مياه خاص, أثاث, أبواب حديدية",115400,ماروتا سيتي,102,2,1,بيت,جيد,"بئر مياه خاص, أثاث, أبواب حديدية",2025-12-06,بائع_174,989237529,بيوت شام,سجل عقاري,كهرباء دولة,خامس,33.504342,36.294648,1131,متوسطة-راقية,property_images/house_traditional.jpg,property_images/villa_interior.jpg|property_images/apartment_kitchen.jpg|property_images/apartment_economy.jpg
443,بيت قديم في ماروتا سيتي,"بيت تراثي دمشقي قديم في حي ماروتا سيتي - مساحة 104 م² - 4 غرف, 2 حمامات. الحالة: ممتاز. الملكية: سجل عقاري. الطابق: ملحق. المميزات: بلكونة, إطلالة مفتوحة, أثاث, بئر مياه خاص, موقف سيارات",131000,ماروتا سيتي,104,4,2,بيت قديم,ممتاز,"بلكونة, إطلالة مفتوحة, أثاث, بئر مياه خاص, موقف سيارات",2026-03-26,بائع_252,942932026,دوشيش,سجل عقاري,"كهرباء دولة, طاقة شمسية",ملحق,33.500087,36.29839,1260,متوسطة-راقية,property_images/building_needs_renovation.jpg,property_images/villa_interior.jpg|property_images/house_traditional.jpg|property_images/bedroom.jpg
444,مكتب في ماروتا سيتي,"مكتب تجاري في حي ماروتا سيتي - مساحة 42 م², 1 حمامات. الحالة: جيد. الملكية: طابو نظامي. الطابق: أول. المميزات: إنترنت, كهرباء دولة",71100,ماروتا سيتي,42,0,1,مكتب,جيد,"إنترنت, كهرباء دولة",2025-12-28,بائع_17,938454140,دوشيش,طابو نظامي,طاقة شمسية,أول,33.498515,36.29236,1693,متوسطة-راقية,property_images/apartment_modern.jpg,property_images/building_new_construction.jpg|property_images/building_needs_renovation.jpg|property_images/villa_modern.jpg
445,شقة في ماروتا سيتي,"شقة سكنية في بناء سكني في حي ماروتا سيتي - مساحة 98 م² - 4 غرف, 2 حمامات. الحالة: كالجديد. الملكية: حكم محكمة. الطابق: رابع عشر. المميزات: إنترنت, تدفئة مركزية, قرب مدرسة, كهرباء دولة",180500,ماروتا سيتي,98,4,2,شقة,كالجديد,"إنترنت, تدفئة مركزية, قرب مدرسة, كهرباء دولة",2026-04-09,بائع_26,986937798,دوشيش,حكم محكمة,غير محدد,رابع عشر,33.499141,36.293615,1842,متوسطة-راقية,property_images/apartment_kitchen.jpg,property_images/apartment_economy.jpg|property_images/apartment_luxury.jpg|property_images/townhouse.jpg
446,مكتب في ماروتا سيتي,"مكتب تجاري في حي ماروتا سيتي - مساحة 26 م², 1 حمامات. الحالة: مقبول. الملكية: بدون أوراق. الطابق: أول. المميزات: تدفئة مركزية, شقة مفروشة, حارس أمن, بلكونة, قرب مستشفى, أثاث",27600,ماروتا سيتي,26,0,1,مكتب,مقبول,"تدفئة مركزية, شقة مفروشة, حارس أمن, بلكونة, قرب مستشفى, أثاث",2026-01-12,بائع_260,993868136,ماروتا سيتي,بدون أوراق,"كهرباء دولة, طاقة شمسية",أول,33.496991,36.29652,1062,متوسطة-راقية,property_images/apartment_interior.jpg,property_images/house_traditional.jpg|property_images/apartment_street.jpg|property_images/apartment_economy.jpg
447,شقة في ماروتا سيتي,"شقة سكنية في بناء سكني في حي ماروتا سيتي - مساحة 122 م² - 2 غرف, 1 حمامات. الحالة: جيد. الملكية: طابو نظامي. الطابق: خامس عشر. المميزات: شبابيك دبل غلاس, مرآب, مصعد",160300,ماروتا سيتي,122,2,1,شقة,جيد,"شبابيك دبل غلاس, مرآب, مصعد",2026-03-23,بائع_44,964490527,إمتلاك,طابو نظامي,"كهرباء دولة, طاقة شمسية",خامس عشر,33.499382,36.293496,1314,متوسطة-راقية,property_images/apartment_interior.jpg,property_images/duplex_interior.jpg|property_images/apartment_street.jpg|property_images/building_new_construction.jpg
448,بيت قديم في ماروتا سيتي,"بيت تراثي دمشقي قديم في حي ماروتا سيتي - مساحة 111 م² - 2 غرف, 2 حمامات. الحالة: ممتاز. الملكية: حكم محكمة. الطابق: أول. المميزات: مكيف, مرآب, إطلالة مفتوحة",149200,ماروتا سيتي,111,2,2,بيت قديم,ممتاز,"مكيف, مرآب, إطلالة مفتوحة",2025-12-24,بائع_186,933564077,بيوتنا,حكم محكمة,غير محدد,أول,33.49625,36.29523,1344,متوسطة-راقية,property_images/house_traditional.jpg,property_images/building_needs_renovation.jpg|property_images/villa_interior.jpg|property_images/bedroom.jpg
449,بيت عربي في ماروتا سيتي,"بيت عربي بقاعة داخلية واسعة في حي ماروتا سيتي - مساحة 171 م² - 2 غرف, 1 حمامات. الحالة: جيد. الملكية: سجل عقاري. الطابق: أرضي. المميزات: حديقة, غاز مركزي, بلكونة, مرآب",235000,ماروتا سيتي,171,2,1,بيت عربي,جيد,"حديقة, غاز مركزي, بلكونة, مرآب",2025-11-22,بائع_78,937762288,إمتلاك,سجل عقاري,"كهرباء دولة, طاقة شمسية",أرضي,33.500426,36.293496,1374,متوسطة-راقية,property_images/house_traditional.jpg,property_images/apartment_luxury.jpg|property_images/house_traditional.jpg|property_images/apartment_economy.jpg
450,بيت عربي في ماروتا سيتي,"بيت عربي بقاعة داخلية واسعة في حي ماروتا سيتي - مساحة 164 م² - 5 غرف, 2 حمامات. الحالة: مقبول. الملكية: بدون أوراق. الطابق: ملحق. المميزات: بئر مياه خاص, حديقة, إنترنت, مصعد, كهرباء دولة, مكيف",133400,ماروتا سيتي,164,5,2,بيت عربي,مقبول,"بئر مياه خاص, حديقة, إنترنت, مصعد, كهرباء دولة, مكيف",2025-12-17,بائع_227,974951266,ماروتا سيتي,بدون أوراق,كهرباء دولة,ملحق,33.502152,36.295043,813,متوسطة-راقية,property_images/duplex_interior.jpg,property_images/apartment_economy.jpg|property_images/duplex_interior.jpg|property_images/townhouse.jpg
451,بيت في القصاع,"بيت سكني تقليدي في حي القصاع - مساحة 167 م² - 1 غرف, 1 حمامات. الحالة: مقبول. الملكية: كاتب عدل. الطابق: أول. المميزات: حديقة, غاز مركزي, مكيف, شقة مفروشة, بئر مياه خاص, أثاث",186000,القصاع,167,1,1,بيت,مقبول,"حديقة, غاز مركزي, مكيف, شقة مفروشة, بئر مياه خاص, أثاث",2026-02-07,بائع_82,932129246,ماروتا سيتي,كاتب عدل,"كهرباء دولة, طاقة شمسية",أول,33.511583,36.268973,1114,متوسطة-راقية,property_images/house_traditional.jpg,property_images/apartment_modern.jpg|property_images/bedroom.jpg|property_images/house_traditional.jpg
452,منزل في القصاع,"منزل سكني عائلي في حي القصاع - مساحة 80 م² - 4 غرف, 3 حمامات. الحالة: ممتاز. الملكية: كاتب عدل. الطابق: ملحق. المميزات: شقة مفروشة, حارس أمن, تدفئة مركزية, إنترنت, كهرباء دولة",90100,القصاع,80,4,3,منزل,ممتاز,"شقة مفروشة, حارس أمن, تدفئة مركزية, إنترنت, كهرباء دولة",2025-11-20,بائع_64,987412434,إكار,كاتب عدل,"كهرباء دولة, طاقة شمسية",ملحق,33.513534,36.273017,1126,متوسطة-راقية,property_images/townhouse.jpg,property_images/building_needs_renovation.jpg|property_images/house_traditional.jpg|property_images/apartment_street.jpg
453,بيت قديم في القصاع,"بيت تراثي دمشقي قديم في حي القصاع - مساحة 50 م² - 2 غرف, 1 حمامات. الحالة: جيد. الملكية: بدون أوراق. الطابق: ملحق. المميزات: بئر مياه خاص, شارع رئيسي, قرب مستشفى, مكيف",52400,القصاع,50,2,1,بيت قديم,جيد,"بئر مياه خاص, شارع رئيسي, قرب مستشفى, مكيف",2026-04-09,بائع_168,996710658,بيوتنا,بدون أوراق,كهرباء دولة,ملحق,33.512034,36.272294,1048,متوسطة-راقية,property_images/house_traditional.jpg,property_images/house_traditional.jpg|property_images/apartment_interior.jpg|property_images/building_new_construction.jpg
454,محل تجاري في القصاع,"محل تجاري أو مكتب في حي القصاع - مساحة 100 م² - 1 غرف, 1 حمامات. الحالة: ممتاز. الملكية: طابو أخضر. الطابق: أول. المميزات: موقف سيارات, تدفئة مركزية",240500,القصاع,100,1,1,محل تجاري,ممتاز,"موقف سيارات, تدفئة مركزية",2026-01-11,بائع_40,977809699,إكار,طابو أخضر,غير محدد,أول,33.512463,36.270218,2405,متوسطة-راقية,property_images/building_new_construction.jpg,property_images/apartment_luxury.jpg|property_images/villa_interior.jpg|property_images/bedroom.jpg
455,منزل في القصاع,"منزل سكني عائلي في حي القصاع - مساحة 80 م² - 4 غرف, 3 حمامات. الحالة: جيد. الملكية: كاتب عدل. الطابق: أرضي. المميزات: شارع رئيسي, مرآب, شبابيك دبل غلاس, أبواب حديدية, إطلالة مفتوحة",100300,القصاع,80,4,3,منزل,جيد,"شارع رئيسي, مرآب, شبابيك دبل غلاس, أبواب حديدية, إطلالة مفتوحة",2026-01-08,بائع_67,995654844,سوق.كوم,كاتب عدل,"كهرباء دولة, طاقة شمسية",أرضي,33.512578,36.270026,1254,متوسطة-راقية,property_images/townhouse.jpg,property_images/building_new_construction.jpg|property_images/apartment_interior.jpg|property_images/apartment_economy.jpg
456,بيت قديم في القصاع,"بيت تراثي دمشقي قديم في حي القصاع - مساحة 95 م² - 2 غرف, 2 حمامات. الحالة: جيد. الملكية: طابو أخضر. الطابق: أرضي. المميزات: إطلالة مفتوحة, مرآب",116100,القصاع,95,2,2,بيت قديم,جيد,"إطلالة مفتوحة, مرآب",2026-04-25,بائع_268,949223461,بيوت شام,طابو أخضر,كهرباء دولة,أرضي,33.51255,36.2707,1222,متوسطة-راقية,property_images/building_needs_renovation.jpg,property_images/apartment_luxury.jpg|property_images/building_new_construction.jpg|property_images/house_traditional.jpg
457,شقة في القصاع,"شقة سكنية في بناء سكني في حي القصاع - مساحة 125 م² - 1 غرف, 1 حمامات. الحالة: ممتاز. الملكية: طابو نظامي. الطابق: رابع. المميزات: قرب مستشفى, مرآب, تدفئة مركزية",242000,القصاع,125,1,1,شقة,ممتاز,"قرب مستشفى, مرآب, تدفئة مركزية",2025-12-31,بائع_2,945674134,بيوت شام,طابو نظامي,طاقة شمسية,رابع,33.510819,36.274822,1936,متوسطة-راقية,property_images/apartment_interior.jpg,property_images/building_needs_renovation.jpg|property_images/apartment_kitchen.jpg|property_images/apartment_interior.jpg
458,شقة في القصاع,"شقة سكنية في بناء سكني في حي القصاع - مساحة 116 م² - 3 غرف, 2 حمامات. الحالة: جديد. الملكية: سجل عقاري. الطابق: ملحق. المميزات: غاز مركزي, أبواب حديدية, مكيف, قرب مستشفى",237500,القصاع,116,3,2,شقة,جديد,"غاز مركزي, أبواب حديدية, مكيف, قرب مستشفى",2025-11-16,بائع_230,949863220,بيوت شام,سجل عقاري,غير محدد,ملحق,33.514416,36.272466,2047,متوسطة-راقية,property_images/apartment_street.jpg,property_images/villa_modern.jpg|property_images/villa_interior.jpg|property_images/apartment_street.jpg
459,شقة في القصاع,"شقة سكنية في بناء سكني في حي القصاع - مساحة 153 م² - 4 غرف, 1 حمامات. الحالة: جيد. الملكية: حكم محكمة. الطابق: أول. المميزات: حديقة, قرب مدرسة, تدفئة مركزية, شبابيك دبل غلاس, كهرباء دولة",246900,القصاع,153,4,1,شقة,جيد,"حديقة, قرب مدرسة, تدفئة مركزية, شبابيك دبل غلاس, كهرباء دولة",2025-12-10,بائع_159,945775192,إكار,حكم محكمة,غير محدد,أول,33.511775,36.272723,1614,متوسطة-راقية,property_images/apartment_street.jpg,property_images/apartment_luxury.jpg|property_images/villa_modern.jpg|property_images/apartment_modern.jpg
460,شقة في القصاع,"شقة سكنية في بناء سكني في حي القصاع - مساحة 79 م² - 1 غرف, 1 حمامات. الحالة: يحتاج ترميم. الملكية: سجل عقاري. الطابق: أرضي. المميزات: شقة مفروشة, مصعد, حارس أمن, قرب مدرسة, بلكونة",89100,القصاع,79,1,1,شقة,يحتاج ترميم,"شقة مفروشة, مصعد, حارس أمن, قرب مدرسة, بلكونة",2025-11-06,بائع_297,986188759,ماروتا سيتي,سجل عقاري,"كهرباء دولة, طاقة شمسية",أرضي,33.512934,36.271584,1128,متوسطة-راقية,property_images/apartment_economy.jpg,property_images/apartment_economy.jpg|property_images/apartment_interior.jpg|property_images/building_new_construction.jpg
461,منزل في القصاع,"منزل سكني عائلي في حي القصاع - مساحة 154 م² - 5 غرف, 1 حمامات. الحالة: ممتاز. الملكية: حكم محكمة. الطابق: ملحق. المميزات: مرآب, بلكونة, شارع رئيسي, مصعد",160900,القصاع,154,5,1,منزل,ممتاز,"مرآب, بلكونة, شارع رئيسي, مصعد",2026-04-06,بائع_51,999276324,بيوت شام,حكم محكمة,"كهرباء دولة, طاقة شمسية",ملحق,33.511903,36.272186,1045,متوسطة-راقية,property_images/duplex_interior.jpg,property_images/apartment_kitchen.jpg|property_images/villa_modern.jpg|property_images/apartment_economy.jpg
462,شقة في القصاع,"شقة سكنية في بناء سكني في حي القصاع - مساحة 125 م² - 3 غرف, 2 حمامات. الحالة: ممتاز. الملكية: طابو أخضر. الطابق: ثاني. المميزات: تدفئة مركزية, إطلالة مفتوحة, حديقة",179300,القصاع,125,3,2,شقة,ممتاز,"تدفئة مركزية, إطلالة مفتوحة, حديقة",2026-01-26,بائع_51,970249380,دوشيش,طابو أخضر,"كهرباء دولة, طاقة شمسية",ثاني,33.515531,36.270268,1434,متوسطة-راقية,property_images/apartment_street.jpg,property_images/apartment_luxury.jpg|property_images/building_new_construction.jpg|property_images/house_traditional.jpg
463,محل تجاري في القصاع,"محل تجاري أو مكتب في حي القصاع - مساحة 84 م², 1 حمامات. الحالة: ممتاز. الملكية: بدون أوراق. الطابق: أرضي. المميزات: طاقة شمسية, إطلالة مفتوحة, قرب مستشفى",138600,القصاع,84,0,1,محل تجاري,ممتاز,"طاقة شمسية, إطلالة مفتوحة, قرب مستشفى",2026-01-27,بائع_59,964163577,بيوت شام,بدون أوراق,كهرباء دولة,أرضي,33.511708,36.275551,1650,متوسطة-راقية,property_images/building_new_construction.jpg,property_images/apartment_street.jpg|property_images/villa_interior.jpg|property_images/apartment_luxury.jpg
464,منزل في القصاع,"منزل سكني عائلي في حي القصاع - مساحة 106 م² - 5 غرف, 3 حمامات. الحالة: ممتاز. الملكية: سجل عقاري. الطابق: ملحق. المميزات: مصعد, كهرباء دولة, قرب مدرسة",201300,القصاع,106,5,3,منزل,ممتاز,"مصعد, كهرباء دولة, قرب مدرسة",2025-12-14,بائع_65,968695848,دوشيش,سجل عقاري,طاقة شمسية,ملحق,33.515001,36.270659,1899,متوسطة-راقية,property_images/house_traditional.jpg,property_images/apartment_economy.jpg|property_images/villa_interior.jpg|property_images/building_new_construction.jpg
465,منزل في القصاع,"منزل سكني عائلي في حي القصاع - مساحة 222 م² - 3 غرف, 2 حمامات. الحالة: مقبول. الملكية: سجل عقاري. الطابق: أرضي. المميزات: بلكونة, طاقة شمسية, قرب مدرسة, مرآب, شبابيك دبل غلاس, تدفئة مركزية",266300,القصاع,222,3,2,منزل,مقبول,"بلكونة, طاقة شمسية, قرب مدرسة, مرآب, شبابيك دبل غلاس, تدفئة مركزية",2025-11-28,بائع_149,951100569,سوق.كوم,سجل عقاري,غير محدد,أرضي,33.513577,36.272521,1200,متوسطة-راقية,property_images/townhouse.jpg,property_images/apartment_luxury.jpg|property_images/house_traditional.jpg|property_images/townhouse.jpg
466,مكتب في القصاع,"مكتب تجاري في حي القصاع - مساحة 52 م², 1 حمامات. الحالة: جيد. الملكية: حكم محكمة. الطابق: أول. المميزات: شارع رئيسي, أثاث, قرب مستشفى, شقة مفروشة",101100,القصاع,52,0,1,مكتب,جيد,"شارع رئيسي, أثاث, قرب مستشفى, شقة مفروشة",2025-12-12,بائع_36,968194073,دوشيش,حكم محكمة,كهرباء دولة,أول,33.514587,36.268503,1944,متوسطة-راقية,property_images/apartment_modern.jpg,property_images/villa_interior.jpg|property_images/house_traditional.jpg|property_images/bedroom.jpg
467,بيت قديم في القصاع,"بيت تراثي دمشقي قديم في حي القصاع - مساحة 145 م² - 3 غرف, 2 حمامات. الحالة: مقبول. الملكية: حكم محكمة. الطابق: ملحق. المميزات: إطلالة مفتوحة, شقة مفروشة, حديقة",98400,القصاع,145,3,2,بيت قديم,مقبول,"إطلالة مفتوحة, شقة مفروشة, حديقة",2026-01-10,بائع_140,961794447,بيوت شام,حكم محكمة,غير محدد,ملحق,33.515065,36.274253,679,متوسطة-راقية,property_images/building_needs_renovation.jpg,property_images/townhouse.jpg|property_images/villa_interior.jpg|property_images/house_traditional.jpg
468,شقة في القصاع,"شقة سكنية في بناء سكني في حي القصاع - مساحة 81 م² - 1 غرف, 1 حمامات. الحالة: جيد. الملكية: حكم محكمة. الطابق: أرضي. المميزات: إطلالة مفتوحة, أبواب حديدية",114200,القصاع,81,1,1,شقة,جيد,"إطلالة مفتوحة, أبواب حديدية",2026-01-20,بائع_285,992899502,دوشيش,حكم محكمة,غير محدد,أرضي,33.510789,36.27157,1410,متوسطة-راقية,property_images/apartment_economy.jpg,property_images/apartment_luxury.jpg|property_images/bedroom.jpg|property_images/apartment_economy.jpg
469,منزل في القصاع,"منزل سكني عائلي في حي القصاع - مساحة 146 م² - 2 غرف, 3 حمامات. الحالة: مقبول. الملكية: حكم محكمة. الطابق: أول. المميزات: شبابيك دبل غلاس, حارس أمن",211300,القصاع,146,2,3,منزل,مقبول,"شبابيك دبل غلاس, حارس أمن",2025-12-03,بائع_184,979285793,ماروتا سيتي,حكم محكمة,غير محدد,أول,33.515621,36.274791,1447,متوسطة-راقية,property_images/house_traditional.jpg,property_images/building_new_construction.jpg|property_images/duplex_interior.jpg|property_images/house_traditional.jpg
470,بيت عربي في القصاع,"بيت عربي بقاعة داخلية واسعة في حي القصاع - مساحة 151 م² - 5 غرف, 2 حمامات. الحالة: جيد. الملكية: طابو أخضر. الطابق: ملحق. المميزات: شبابيك دبل غلاس, مصعد, طاقة شمسية",209600,القصاع,151,5,2,بيت عربي,جيد,"شبابيك دبل غلاس, مصعد, طاقة شمسية",2026-02-03,بائع_99,941955932,إكار,طابو أخضر,"كهرباء دولة, طاقة شمسية",ملحق,33.509633,36.270388,1388,متوسطة-راقية,property_images/house_traditional.jpg,property_images/house_traditional.jpg|property_images/townhouse.jpg|property_images/building_needs_renovation.jpg
471,بيت في القصاع,"بيت سكني تقليدي في حي القصاع - مساحة 138 م² - 2 غرف, 2 حمامات. الحالة: مقبول. الملكية: طابو نظامي. الطابق: ثالث. المميزات: كهرباء دولة, أبواب حديدية",213800,القصاع,138,2,2,بيت,مقبول,"كهرباء دولة, أبواب حديدية",2025-11-23,بائع_203,944390819,إكار,طابو نظامي,كهرباء دولة,ثالث,33.510531,36.270815,1549,متوسطة-راقية,property_images/house_traditional.jpg,property_images/townhouse.jpg|property_images/bedroom.jpg|property_images/duplex_interior.jpg
472,منزل في القصاع,"منزل سكني عائلي في حي القصاع - مساحة 158 م² - 3 غرف, 1 حمامات. الحالة: كالجديد. الملكية: طابو أخضر. الطابق: أرضي. المميزات: مكيف, موقف سيارات, شارع رئيسي, كهرباء دولة, طاقة شمسية, قرب مدرسة",310500,القصاع,158,3,1,منزل,كالجديد,"مكيف, موقف سيارات, شارع رئيسي, كهرباء دولة, طاقة شمسية, قرب مدرسة",2025-11-09,بائع_273,962813745,إكار,طابو أخضر,طاقة شمسية,أرضي,33.511381,36.272848,1965,متوسطة-راقية,property_images/house_traditional.jpg,property_images/building_needs_renovation.jpg|property_images/townhouse.jpg|property_images/building_new_construction.jpg
473,محل تجاري في القصاع,"محل تجاري أو مكتب في حي القصاع - مساحة 48 م², 1 حمامات. الحالة: جديد. الملكية: سجل عقاري. الطابق: أول. المميزات: مرآب, كهرباء دولة, حارس أمن, شقة مفروشة, شبابيك دبل غلاس",112300,القصاع,48,0,1,محل تجاري,جديد,"مرآب, كهرباء دولة, حارس أمن, شقة مفروشة, شبابيك دبل غلاس",2026-03-09,بائع_25,965540467,إكار,سجل عقاري,كهرباء دولة,أول,33.514093,36.272013,2340,متوسطة-راقية,property_images/building_new_construction.jpg,property_images/house_traditional.jpg|property_images/building_needs_renovation.jpg|property_images/bedroom.jpg
474,منزل في القصاع,"منزل سكني عائلي في حي القصاع - مساحة 140 م² - 2 غرف, 3 حمامات. الحالة: جديد. الملكية: طابو أخضر. الطابق: أرضي. المميزات: طاقة شمسية, مرآب",278900,القصاع,140,2,3,منزل,جديد,"طاقة شمسية, مرآب",2026-02-10,بائع_160,938756403,إمتلاك,طابو أخضر,طاقة شمسية,أرضي,33.512823,36.27126,1992,متوسطة-راقية,property_images/duplex_interior.jpg,property_images/apartment_kitchen.jpg|property_images/apartment_economy.jpg|property_images/villa_interior.jpg
475,شقة في القصاع,"شقة سكنية في بناء سكني في حي القصاع - مساحة 110 م² - 3 غرف, 2 حمامات. الحالة: جيد. الملكية: كاتب عدل. الطابق: خامس. المميزات: حارس أمن, أبواب حديدية, طاقة شمسية",219700,القصاع,110,3,2,شقة,جيد,"حارس أمن, أبواب حديدية, طاقة شمسية",2025-12-23,بائع_122,939913432,إكار,كاتب عدل,غير محدد,خامس,33.514122,36.271409,1997,متوسطة-راقية,property_images/apartment_street.jpg,property_images/apartment_street.jpg|property_images/apartment_kitchen.jpg|property_images/apartment_interior.jpg
476,بيت في القصاع,"بيت سكني تقليدي في حي القصاع - مساحة 130 م² - 3 غرف, 1 حمامات. الحالة: مقبول. الملكية: حكم محكمة. الطابق: سادس. المميزات: تدفئة مركزية, شارع رئيسي",137200,القصاع,130,3,1,بيت,مقبول,"تدفئة مركزية, شارع رئيسي",2026-04-19,بائع_66,937941363,دوشيش,حكم محكمة,كهرباء دولة,سادس,33.515346,36.272739,1055,متوسطة-راقية,property_images/building_needs_renovation.jpg,property_images/townhouse.jpg|property_images/villa_modern.jpg|property_images/apartment_interior.jpg
477,شقة في القصاع,"شقة سكنية في بناء سكني في حي القصاع - مساحة 116 م² - 1 غرف, 1 حمامات. الحالة: جيد. الملكية: سجل عقاري. الطابق: ثالث. المميزات: تدفئة مركزية, بئر مياه خاص, غاز مركزي, قرب مستشفى, حارس أمن, مرآب",192700,القصاع,116,1,1,شقة,جيد,"تدفئة مركزية, بئر مياه خاص, غاز مركزي, قرب مستشفى, حارس أمن, مرآب",2025-11-27,بائع_6,988502569,دوشيش,سجل عقاري,غير محدد,ثالث,33.509858,36.269746,1661,متوسطة-راقية,property_images/bedroom.jpg,property_images/apartment_economy.jpg|property_images/building_needs_renovation.jpg|property_images/villa_modern.jpg
478,بيت عربي في القصاع,"بيت عربي بقاعة داخلية واسعة في حي القصاع - مساحة 120 م² - 4 غرف, 3 حمامات. الحالة: مقبول. الملكية: حكم محكمة. الطابق: أول. المميزات: شبابيك دبل غلاس, شقة مفروشة",147100,القصاع,120,4,3,بيت عربي,مقبول,"شبابيك دبل غلاس, شقة مفروشة",2026-05-02,بائع_35,954701056,بيوتنا,حكم محكمة,"كهرباء دولة, طاقة شمسية",أول,33.516465,36.276463,1226,متوسطة-راقية,property_images/duplex_interior.jpg,property_images/apartment_interior.jpg|property_images/bedroom.jpg|property_images/apartment_luxury.jpg
479,بيت في القصاع,"بيت سكني تقليدي في حي القصاع - مساحة 129 م² - 3 غرف, 2 حمامات. الحالة: ممتاز. الملكية: سجل عقاري. الطابق: أرضي. المميزات: طاقة شمسية, مكيف, تدفئة مركزية",204300,القصاع,129,3,2,بيت,ممتاز,"طاقة شمسية, مكيف, تدفئة مركزية",2025-12-25,بائع_184,969712018,إكار,سجل عقاري,كهرباء دولة,أرضي,33.509398,36.270915,1584,متوسطة-راقية,property_images/building_needs_renovation.jpg,property_images/building_new_construction.jpg|property_images/apartment_street.jpg|property_images/apartment_economy.jpg
480,بيت عربي في القصاع,"بيت عربي بقاعة داخلية واسعة في حي القصاع - مساحة 140 م² - 4 غرف, 2 حمامات. الحالة: كالجديد. الملكية: طابو نظامي. الطابق: أرضي. المميزات: مصعد, شقة مفروشة, قرب مستشفى, مكيف",218000,القصاع,140,4,2,بيت عربي,كالجديد,"مصعد, شقة مفروشة, قرب مستشفى, مكيف",2025-12-13,بائع_28,984460517,بيوتنا,طابو نظامي,كهرباء دولة,أرضي,33.512664,36.271056,1557,متوسطة-راقية,property_images/duplex_interior.jpg,property_images/apartment_interior.jpg|property_images/apartment_kitchen.jpg|property_images/apartment_luxury.jpg
481,مكتب في القصاع,"مكتب تجاري في حي القصاع - مساحة 25 م², 1 حمامات. الحالة: جيد. الملكية: طابو نظامي. الطابق: ثاني. المميزات: أثاث, أبواب حديدية, شبابيك دبل غلاس, حديقة",50500,القصاع,25,0,1,مكتب,جيد,"أثاث, أبواب حديدية, شبابيك دبل غلاس, حديقة",2026-02-18,بائع_215,972270162,سوق.كوم,طابو نظامي,"كهرباء دولة, طاقة شمسية",ثاني,33.510855,36.272478,2020,متوسطة-راقية,property_images/apartment_interior.jpg,property_images/apartment_economy.jpg|property_images/building_new_construction.jpg|property_images/apartment_street.jpg
482,منزل في القصاع,"منزل سكني عائلي في حي القصاع - مساحة 253 م² - 3 غرف, 1 حمامات. الحالة: مقبول. الملكية: طابو أخضر. الطابق: أرضي. المميزات: طاقة شمسية, شبابيك دبل غلاس, أثاث",275800,القصاع,253,3,1,منزل,مقبول,"طاقة شمسية, شبابيك دبل غلاس, أثاث",2026-02-10,بائع_193,956519758,بيوتنا,طابو أخضر,كهرباء دولة,أرضي,33.507939,36.271428,1090,متوسطة-راقية,property_images/house_traditional.jpg,property_images/villa_interior.jpg|property_images/apartment_interior.jpg|property_images/duplex_interior.jpg
483,محل تجاري في القصاع,"محل تجاري أو مكتب في حي القصاع - مساحة 87 م² - 1 غرف, 1 حمامات. الحالة: جديد. الملكية: طابو أخضر. الطابق: أرضي. المميزات: حارس أمن, مكيف, بئر مياه خاص, شبابيك دبل غلاس, أثاث, إنترنت",294500,القصاع,87,1,1,محل تجاري,جديد,"حارس أمن, مكيف, بئر مياه خاص, شبابيك دبل غلاس, أثاث, إنترنت",2026-02-22,بائع_90,958374725,إمتلاك,طابو أخضر,طاقة شمسية,أرضي,33.510541,36.272993,3385,متوسطة-راقية,property_images/building_new_construction.jpg,property_images/duplex_interior.jpg|property_images/apartment_modern.jpg|property_images/house_traditional.jpg
484,شقة في القصاع,"شقة سكنية في بناء سكني في حي القصاع - مساحة 103 م² - 2 غرف, 1 حمامات. الحالة: مقبول. الملكية: طابو نظامي. الطابق: ثاني. المميزات: كهرباء دولة, حارس أمن, مصعد",140500,القصاع,103,2,1,شقة,مقبول,"كهرباء دولة, حارس أمن, مصعد",2026-04-07,بائع_174,956419891,دوشيش,طابو نظامي,كهرباء دولة,ثاني,33.518289,36.268994,1364,متوسطة-راقية,property_images/apartment_luxury.jpg,property_images/apartment_street.jpg|property_images/apartment_modern.jpg|property_images/villa_modern.jpg
485,شقة في القصاع,"شقة سكنية في بناء سكني في حي القصاع - مساحة 128 م² - 4 غرف, 1 حمامات. الحالة: مقبول. الملكية: حكم محكمة. الطابق: ثالث. المميزات: مكيف, شارع رئيسي",184900,القصاع,128,4,1,شقة,مقبول,"مكيف, شارع رئيسي",2026-01-30,بائع_163,984767044,بيوتنا,حكم محكمة,كهرباء دولة,ثالث,33.515172,36.272196,1445,متوسطة-راقية,property_images/apartment_economy.jpg,property_images/duplex_interior.jpg|property_images/building_needs_renovation.jpg|property_images/apartment_kitchen.jpg
486,مكتب في القصاع,"مكتب تجاري في حي القصاع - مساحة 61 م², 1 حمامات. الحالة: مقبول. الملكية: حكم محكمة. الطابق: ثاني. المميزات: حديقة, طاقة شمسية, تدفئة مركزية",82300,القصاع,61,0,1,مكتب,مقبول,"حديقة, طاقة شمسية, تدفئة مركزية",2025-12-26,بائع_300,992319401,إمتلاك,حكم محكمة,غير محدد,ثاني,33.513538,36.271314,1349,متوسطة-راقية,property_images/apartment_interior.jpg,property_images/apartment_street.jpg|property_images/villa_modern.jpg|property_images/bedroom.jpg
487,شقة في القصاع,"شقة سكنية في بناء سكني في حي القصاع - مساحة 141 م² - 1 غرف, 1 حمامات. الحالة: جيد. الملكية: حكم محكمة. الطابق: ثاني. المميزات: غاز مركزي, شقة مفروشة, إنترنت, أبواب حديدية, إطلالة مفتوحة, شبابيك دبل غلاس",200500,القصاع,141,1,1,شقة,جيد,"غاز مركزي, شقة مفروشة, إنترنت, أبواب حديدية, إطلالة مفتوحة, شبابيك دبل غلاس",2025-11-09,بائع_248,993596771,بيوت شام,حكم محكمة,كهرباء دولة,ثاني,33.513754,36.271941,1422,متوسطة-راقية,property_images/bedroom.jpg,property_images/apartment_interior.jpg|property_images/duplex_interior.jpg|property_images/apartment_kitchen.jpg
488,بيت في القصاع,"بيت سكني تقليدي في حي القصاع - مساحة 143 م² - 3 غرف, 1 حمامات. الحالة: جيد. الملكية: كاتب عدل. الطابق: ثالث. المميزات: طاقة شمسية, أثاث, شبابيك دبل غلاس",184100,القصاع,143,3,1,بيت,جيد,"طاقة شمسية, أثاث, شبابيك دبل غلاس",2026-01-29,بائع_293,950983353,بيوت شام,كاتب عدل,"كهرباء دولة, طاقة شمسية",ثالث,33.509454,36.274524,1287,متوسطة-راقية,property_images/building_needs_renovation.jpg,property_images/bedroom.jpg|property_images/building_needs_renovation.jpg|property_images/apartment_interior.jpg
489,شقة في القصاع,"شقة سكنية في بناء سكني في حي القصاع - مساحة 88 م² - 3 غرف, 2 حمامات. الحالة: جديد. الملكية: كاتب عدل. الطابق: سادس. المميزات: إنترنت, طاقة شمسية, قرب مستشفى, تدفئة مركزية, شبابيك دبل غلاس, حديقة",157100,القصاع,88,3,2,شقة,جديد,"إنترنت, طاقة شمسية, قرب مستشفى, تدفئة مركزية, شبابيك دبل غلاس, حديقة",2026-01-31,بائع_255,970386281,دوشيش,كاتب عدل,كهرباء دولة,سادس,33.511809,36.274749,1785,متوسطة-راقية,property_images/apartment_interior.jpg,property_images/building_needs_renovation.jpg|property_images/villa_modern.jpg|property_images/townhouse.jpg
490,شقة في القصاع,"شقة سكنية في بناء سكني في حي القصاع - مساحة 55 م² - 1 غرف, 2 حمامات. الحالة: ممتاز. الملكية: طابو نظامي. الطابق: ملحق. المميزات: بئر مياه خاص, شقة مفروشة",138600,القصاع,55,1,2,شقة,ممتاز,"بئر مياه خاص, شقة مفروشة",2026-02-24,بائع_117,942224348,سوق.كوم,طابو نظامي,"كهرباء دولة, طاقة شمسية",ملحق,33.515112,36.272446,2520,متوسطة-راقية,property_images/apartment_modern.jpg,property_images/villa_interior.jpg|property_images/apartment_interior.jpg|property_images/townhouse.jpg
491,شقة في القصاع,"شقة سكنية في بناء سكني في حي القصاع - مساحة 118 م² - 3 غرف, 2 حمامات. الحالة: جيد. الملكية: طابو نظامي. الطابق: رابع. المميزات: كهرباء دولة, أثاث, مكيف, قرب مدرسة",199900,القصاع,118,3,2,شقة,جيد,"كهرباء دولة, أثاث, مكيف, قرب مدرسة",2026-02-06,بائع_207,981961784,إكار,طابو نظامي,"كهرباء دولة, طاقة شمسية",رابع,33.514042,36.27329,1694,متوسطة-راقية,property_images/bedroom.jpg,property_images/house_traditional.jpg|property_images/building_new_construction.jpg|property_images/villa_interior.jpg
492,بيت قديم في القصاع,"بيت تراثي دمشقي قديم في حي القصاع - مساحة 119 م² - 2 غرف, 2 حمامات. الحالة: جديد. الملكية: حكم محكمة. الطابق: أرضي. المميزات: طاقة شمسية, أثاث, أبواب حديدية",185200,القصاع,119,2,2,بيت قديم,جديد,"طاقة شمسية, أثاث, أبواب حديدية",2026-01-06,بائع_237,973930382,سوق.كوم,حكم محكمة,كهرباء دولة,أرضي,33.512605,36.271697,1556,متوسطة-راقية,property_images/house_traditional.jpg,property_images/villa_interior.jpg|property_images/apartment_kitchen.jpg|property_images/bedroom.jpg
493,شقة في القصاع,"شقة سكنية في بناء سكني في حي القصاع - مساحة 113 م² - 4 غرف, 1 حمامات. الحالة: كالجديد. الملكية: كاتب عدل. الطابق: ثاني. المميزات: شبابيك دبل غلاس, قرب مدرسة, مصعد, إنترنت, مكيف",257100,القصاع,113,4,1,شقة,كالجديد,"شبابيك دبل غلاس, قرب مدرسة, مصعد, إنترنت, مكيف",2025-12-29,بائع_182,973336444,دوشيش,كاتب عدل,كهرباء دولة,ثاني,33.514187,36.266119,2275,متوسطة-راقية,property_images/apartment_interior.jpg,property_images/duplex_interior.jpg|property_images/apartment_street.jpg|property_images/bedroom.jpg
494,منزل في القصاع,"منزل سكني عائلي في حي القصاع - مساحة 189 م² - 4 غرف, 2 حمامات. الحالة: مقبول. الملكية: كاتب عدل. الطابق: ملحق. المميزات: مصعد, قرب مستشفى, تدفئة مركزية, مكيف, قرب مدرسة, حديقة",246900,القصاع,189,4,2,منزل,مقبول,"مصعد, قرب مستشفى, تدفئة مركزية, مكيف, قرب مدرسة, حديقة",2025-12-01,بائع_294,980499841,بيوتنا,كاتب عدل,غير محدد,ملحق,33.512963,36.271223,1306,متوسطة-راقية,property_images/house_traditional.jpg,property_images/apartment_kitchen.jpg|property_images/townhouse.jpg|property_images/bedroom.jpg
495,مكتب في القصاع,"مكتب تجاري في حي القصاع - مساحة 77 م², 1 حمامات. الحالة: جديد. الملكية: سجل عقاري. الطابق: أول. المميزات: حديقة, قرب مستشفى",204100,القصاع,77,0,1,مكتب,جديد,"حديقة, قرب مستشفى",2026-03-23,بائع_54,952133616,ماروتا سيتي,سجل عقاري,طاقة شمسية,أول,33.511454,36.272814,2651,متوسطة-راقية,property_images/apartment_interior.jpg,property_images/villa_interior.jpg|property_images/building_needs_renovation.jpg|property_images/building_new_construction.jpg
496,بيت قديم في القصاع,"بيت تراثي دمشقي قديم في حي القصاع - مساحة 65 م² - 2 غرف, 2 حمامات. الحالة: جيد. الملكية: طابو أخضر. الطابق: أرضي. المميزات: أثاث, طاقة شمسية, بئر مياه خاص, شقة مفروشة",57700,القصاع,65,2,2,بيت قديم,جيد,"أثاث, طاقة شمسية, بئر مياه خاص, شقة مفروشة",2026-05-03,بائع_88,971530819,دوشيش,طابو أخضر,كهرباء دولة,أرضي,33.511747,36.273725,888,متوسطة-راقية,property_images/building_needs_renovation.jpg,property_images/apartment_economy.jpg|property_images/apartment_street.jpg|property_images/villa_interior.jpg
497,شقة في القصاع,"شقة سكنية في بناء سكني في حي القصاع - مساحة 153 م² - 4 غرف, 1 حمامات. الحالة: كالجديد. الملكية: سجل عقاري. الطابق: سابع. المميزات: أثاث, مكيف, شارع رئيسي, بئر مياه خاص, مرآب",314200,القصاع,153,4,1,شقة,كالجديد,"أثاث, مكيف, شارع رئيسي, بئر مياه خاص, مرآب",2026-02-15,بائع_104,994851589,إمتلاك,سجل عقاري,كهرباء دولة,سابع,33.51445,36.273032,2054,متوسطة-راقية,property_images/apartment_economy.jpg,property_images/apartment_luxury.jpg|property_images/building_needs_renovation.jpg|property_images/apartment_interior.jpg
498,منزل في القصاع,"منزل سكني عائلي في حي القصاع - مساحة 131 م² - 5 غرف, 1 حمامات. الحالة: كالجديد. الملكية: بدون أوراق. الطابق: أول. المميزات: إطلالة مفتوحة, طاقة شمسية, شقة مفروشة, حديقة, أبواب حديدية",196500,القصاع,131,5,1,منزل,كالجديد,"إطلالة مفتوحة, طاقة شمسية, شقة مفروشة, حديقة, أبواب حديدية",2026-04-12,بائع_148,988463627,إمتلاك,بدون أوراق,"كهرباء دولة, طاقة شمسية",أول,33.514601,36.273509,1500,متوسطة-راقية,property_images/house_traditional.jpg,property_images/building_new_construction.jpg|property_images/villa_modern.jpg|property_images/building_needs_renovation.jpg
499,محل تجاري في القصاع,"محل تجاري أو مكتب في حي القصاع - مساحة 89 م², 1 حمامات. الحالة: مقبول. الملكية: سجل عقاري. الطابق: أول. المميزات: بلكونة, إطلالة مفتوحة, مرآب",154100,القصاع,89,0,1,محل تجاري,مقبول,"بلكونة, إطلالة مفتوحة, مرآب",2025-11-08,بائع_292,942512668,إمتلاك,سجل عقاري,كهرباء دولة,أول,33.513703,36.27414,1731,متوسطة-راقية,property_images/building_new_construction.jpg,property_images/villa_modern.jpg|property_images/apartment_economy.jpg|property_images/apartment_kitchen.jpg
500,مكتب في القصاع,"مكتب تجاري في حي القصاع - مساحة 54 م², 1 حمامات. الحالة: كالجديد. الملكية: كاتب عدل. الطابق: أول. المميزات: بئر مياه خاص, موقف سيارات, أثاث, أبواب حديدية, مرآب, حارس أمن",92400,القصاع,54,0,1,مكتب,كالجديد,"بئر مياه خاص, موقف سيارات, أثاث, أبواب حديدية, مرآب, حارس أمن",2026-02-11,بائع_210,987272846,بيوت شام,كاتب عدل,"كهرباء دولة, طاقة شمسية",أول,33.512674,36.27051,1711,متوسطة-راقية,property_images/apartment_modern.jpg,property_images/apartment_luxury.jpg|property_images/house_traditional.jpg|property_images/villa_interior.jpg
501,شقة في القصاع,"شقة سكنية في بناء سكني في حي القصاع - مساحة 96 م² - 4 غرف, 2 حمامات. الحالة: جديد. الملكية: طابو أخضر. الطابق: أرضي. المميزات: غاز مركزي, أثاث, شارع رئيسي, تدفئة مركزية",200000,القصاع,96,4,2,شقة,جديد,"غاز مركزي, أثاث, شارع رئيسي, تدفئة مركزية",2026-04-01,بائع_168,989608306,دوشيش,طابو أخضر,كهرباء دولة,أرضي,33.511415,36.271384,2083,متوسطة-راقية,property_images/apartment_modern.jpg,property_images/villa_interior.jpg|property_images/apartment_modern.jpg|property_images/house_traditional.jpg
502,شقة في القصاع,"شقة سكنية في بناء سكني في حي القصاع - مساحة 55 م² - 1 غرف, 1 حمامات. الحالة: جيد. الملكية: طابو نظامي. الطابق: ثاني. المميزات: كهرباء دولة, بلكونة, إطلالة مفتوحة, مصعد, حارس أمن",92000,القصاع,55,1,1,شقة,جيد,"كهرباء دولة, بلكونة, إطلالة مفتوحة, مصعد, حارس أمن",2026-01-25,بائع_87,939804005,ماروتا سيتي,طابو نظامي,كهرباء دولة,ثاني,33.513002,36.270366,1673,متوسطة-راقية,property_images/apartment_economy.jpg,property_images/apartment_interior.jpg|property_images/apartment_modern.jpg|property_images/villa_interior.jpg
503,شقة في القصاع,"شقة سكنية في بناء سكني في حي القصاع - مساحة 143 م² - 2 غرف, 1 حمامات. الحالة: ممتاز. الملكية: سجل عقاري. الطابق: سابع. المميزات: قرب مدرسة, أثاث",286700,القصاع,143,2,1,شقة,ممتاز,"قرب مدرسة, أثاث",2025-12-23,بائع_53,979823880,بيوت شام,سجل عقاري,غير محدد,سابع,33.509785,36.270475,2005,متوسطة-راقية,property_images/bedroom.jpg,property_images/bedroom.jpg|property_images/villa_modern.jpg|property_images/apartment_kitchen.jpg
504,منزل في القصاع,"منزل سكني عائلي في حي القصاع - مساحة 125 م² - 5 غرف, 1 حمامات. الحالة: جيد. الملكية: طابو أخضر. الطابق: أرضي. المميزات: إنترنت, طاقة شمسية, أثاث",156500,القصاع,125,5,1,منزل,جيد,"إنترنت, طاقة شمسية, أثاث",2026-05-02,بائع_173,954812989,إمتلاك,طابو أخضر,"كهرباء دولة, طاقة شمسية",أرضي,33.514659,36.271612,1252,متوسطة-راقية,property_images/duplex_interior.jpg,property_images/bedroom.jpg|property_images/apartment_luxury.jpg|property_images/townhouse.jpg
505,شقة في القصاع,"شقة سكنية في بناء سكني في حي القصاع - مساحة 110 م² - 2 غرف, 1 حمامات. الحالة: يحتاج ترميم. الملكية: طابو أخضر. الطابق: أول. المميزات: مرآب, شقة مفروشة",82600,القصاع,110,2,1,شقة,يحتاج ترميم,"مرآب, شقة مفروشة",2025-11-26,بائع_98,956668016,دوشيش,طابو أخضر,طاقة شمسية,أول,33.514271,36.269521,751,متوسطة-راقية,property_images/apartment_interior.jpg,property_images/apartment_economy.jpg|property_images/apartment_modern.jpg|property_images/house_traditional.jpg
506,مكتب في القصاع,"مكتب تجاري في حي القصاع - مساحة 56 م², 1 حمامات. الحالة: كالجديد. الملكية: طابو نظامي. الطابق: أرضي. المميزات: بلكونة, مصعد, غاز مركزي, حديقة",127400,القصاع,56,0,1,مكتب,كالجديد,"بلكونة, مصعد, غاز مركزي, حديقة",2026-04-19,بائع_143,977146073,سوق.كوم,طابو نظامي,كهرباء دولة,أرضي,33.515721,36.269382,2275,متوسطة-راقية,property_images/apartment_modern.jpg,property_images/apartment_interior.jpg|property_images/villa_interior.jpg|property_images/building_needs_renovation.jpg
507,محل تجاري في القصاع,"محل تجاري أو مكتب في حي القصاع - مساحة 30 م² - 1 غرف, 1 حمامات. الحالة: ممتاز. الملكية: كاتب عدل. الطابق: ثاني. المميزات: قرب مستشفى, بلكونة, كهرباء دولة, حارس أمن, حديقة, غاز مركزي",60700,القصاع,30,1,1,محل تجاري,ممتاز,"قرب مستشفى, بلكونة, كهرباء دولة, حارس أمن, حديقة, غاز مركزي",2026-04-01,بائع_171,952766216,ماروتا سيتي,كاتب عدل,غير محدد,ثاني,33.516601,36.274478,2023,متوسطة-راقية,property_images/building_new_construction.jpg,property_images/villa_interior.jpg|property_images/apartment_interior.jpg|property_images/house_traditional.jpg
508,محل تجاري في القصاع,"محل تجاري أو مكتب في حي القصاع - مساحة 65 م² - 1 غرف, 1 حمامات. الحالة: ممتاز. الملكية: كاتب عدل. الطابق: أول. المميزات: مصعد, إطلالة مفتوحة, قرب مستشفى, شبابيك دبل غلاس",115100,القصاع,65,1,1,محل تجاري,ممتاز,"مصعد, إطلالة مفتوحة, قرب مستشفى, شبابيك دبل غلاس",2025-12-28,بائع_7,959122243,إكار,كاتب عدل,كهرباء دولة,أول,33.514614,36.270053,1771,متوسطة-راقية,property_images/building_new_construction.jpg,property_images/apartment_kitchen.jpg|property_images/house_traditional.jpg|property_images/villa_interior.jpg
509,بيت قديم في القصاع,"بيت تراثي دمشقي قديم في حي القصاع - مساحة 116 م² - 3 غرف, 1 حمامات. الحالة: كالجديد. الملكية: طابو نظامي. الطابق: أرضي. المميزات: موقف سيارات, تدفئة مركزية, مكيف, إنترنت, أبواب حديدية, بئر مياه خاص",187300,القصاع,116,3,1,بيت قديم,كالجديد,"موقف سيارات, تدفئة مركزية, مكيف, إنترنت, أبواب حديدية, بئر مياه خاص",2026-04-26,بائع_122,986875165,بيوت شام,طابو نظامي,"كهرباء دولة, طاقة شمسية",أرضي,33.51512,36.277519,1615,متوسطة-راقية,property_images/building_needs_renovation.jpg,property_images/apartment_street.jpg|property_images/apartment_kitchen.jpg|property_images/apartment_modern.jpg
510,شقة في القصاع,"شقة سكنية في بناء سكني في حي القصاع - مساحة 133 م² - 1 غرف, 2 حمامات. الحالة: ممتاز. الملكية: كاتب عدل. الطابق: ثالث. المميزات: مصعد, طاقة شمسية, حديقة, قرب مستشفى",204100,القصاع,133,1,2,شقة,ممتاز,"مصعد, طاقة شمسية, حديقة, قرب مستشفى",2025-11-16,بائع_128,958737600,ماروتا سيتي,كاتب عدل,"كهرباء دولة, طاقة شمسية",ثالث,33.512949,36.268462,1535,متوسطة-راقية,property_images/apartment_kitchen.jpg,property_images/apartment_luxury.jpg|property_images/apartment_interior.jpg|property_images/duplex_interior.jpg
511,شقة في القصاع,"شقة سكنية في بناء سكني في حي القصاع - مساحة 95 م² - 1 غرف, 1 حمامات. الحالة: ممتاز. الملكية: سجل عقاري. الطابق: ثاني. المميزات: موقف سيارات, أثاث, تدفئة مركزية, مكيف, إطلالة مفتوحة",148900,القصاع,95,1,1,شقة,ممتاز,"موقف سيارات, أثاث, تدفئة مركزية, مكيف, إطلالة مفتوحة",2026-03-14,بائع_121,994181961,دوشيش,سجل عقاري,كهرباء دولة,ثاني,33.511952,36.272305,1567,متوسطة-راقية,property_images/apartment_economy.jpg,property_images/building_new_construction.jpg|property_images/townhouse.jpg|property_images/bedroom.jpg
512,بيت قديم في القصاع,"بيت تراثي دمشقي قديم في حي القصاع - مساحة 71 م² - 2 غرف, 2 حمامات. الحالة: ممتاز. الملكية: حكم محكمة. الطابق: أول. المميزات: إطلالة مفتوحة, طاقة شمسية, بئر مياه خاص",109900,القصاع,71,2,2,بيت قديم,ممتاز,"إطلالة مفتوحة, طاقة شمسية, بئر مياه خاص",2026-03-15,بائع_140,991183902,بيوت شام,حكم محكمة,كهرباء دولة,أول,33.513,36.271981,1548,متوسطة-راقية,property_images/building_needs_renovation.jpg,property_images/bedroom.jpg|property_images/apartment_modern.jpg|property_images/building_needs_renovation.jpg
513,شقة في القصاع,"شقة سكنية في بناء سكني في حي القصاع - مساحة 108 م² - 4 غرف, 1 حمامات. الحالة: كالجديد. الملكية: سجل عقاري. الطابق: ملحق. المميزات: مصعد, غاز مركزي, مرآب, موقف سيارات, بئر مياه خاص",208000,القصاع,108,4,1,شقة,كالجديد,"مصعد, غاز مركزي, مرآب, موقف سيارات, بئر مياه خاص",2026-03-01,بائع_195,989420704,دوشيش,سجل عقاري,كهرباء دولة,ملحق,33.51465,36.270266,1926,متوسطة-راقية,property_images/apartment_street.jpg,property_images/villa_modern.jpg|property_images/apartment_modern.jpg|property_images/bedroom.jpg
514,شقة في القصاع,"شقة سكنية في بناء سكني في حي القصاع - مساحة 96 م² - 3 غرف, 1 حمامات. الحالة: جيد. الملكية: سجل عقاري. الطابق: ملحق. المميزات: أثاث, مكيف, شارع رئيسي, مصعد, قرب مدرسة",138400,القصاع,96,3,1,شقة,جيد,"أثاث, مكيف, شارع رئيسي, مصعد, قرب مدرسة",2026-01-22,بائع_213,980878246,بيوت شام,سجل عقاري,غير محدد,ملحق,33.510308,36.270361,1442,متوسطة-راقية,property_images/apartment_luxury.jpg,property_images/bedroom.jpg|property_images/building_new_construction.jpg|property_images/duplex_interior.jpg
515,شقة في القصاع,"شقة سكنية في بناء سكني في حي القصاع - مساحة 103 م² - 1 غرف, 2 حمامات. الحالة: ممتاز. الملكية: بدون أوراق. الطابق: ثاني. المميزات: حارس أمن, غاز مركزي",159400,القصاع,103,1,2,شقة,ممتاز,"حارس أمن, غاز مركزي",2026-03-01,بائع_179,995843575,دوشيش,بدون أوراق,كهرباء دولة,ثاني,33.513525,36.272387,1548,متوسطة-راقية,property_images/apartment_economy.jpg,property_images/duplex_interior.jpg|property_images/building_new_construction.jpg|property_images/building_needs_renovation.jpg
516,بيت في القصاع,"بيت سكني تقليدي في حي القصاع - مساحة 135 م² - 2 غرف, 2 حمامات. الحالة: ممتاز. الملكية: طابو أخضر. الطابق: خامس. المميزات: طاقة شمسية, أبواب حديدية, تدفئة مركزية",199400,القصاع,135,2,2,بيت,ممتاز,"طاقة شمسية, أبواب حديدية, تدفئة مركزية",2025-11-08,بائع_76,963734845,دوشيش,طابو أخضر,غير محدد,خامس,33.513781,36.271794,1477,متوسطة-راقية,property_images/house_traditional.jpg,property_images/apartment_luxury.jpg|property_images/bedroom.jpg|property_images/building_new_construction.jpg
517,مكتب في القصاع,"مكتب تجاري في حي القصاع - مساحة 60 م², 1 حمامات. الحالة: كالجديد. الملكية: طابو نظامي. الطابق: ثاني. المميزات: حارس أمن, موقف سيارات",115200,القصاع,60,0,1,مكتب,كالجديد,"حارس أمن, موقف سيارات",2025-11-06,بائع_42,996297995,دوشيش,طابو نظامي,غير محدد,ثاني,33.508122,36.271731,1920,متوسطة-راقية,property_images/apartment_modern.jpg,property_images/apartment_economy.jpg|property_images/villa_modern.jpg|property_images/apartment_modern.jpg
518,شقة في القصاع,"شقة سكنية في بناء سكني في حي القصاع - مساحة 169 م² - 4 غرف, 2 حمامات. الحالة: ممتاز. الملكية: حكم محكمة. الطابق: رابع. المميزات: موقف سيارات, حارس أمن, قرب مستشفى, إنترنت, مكيف",338200,القصاع,169,4,2,شقة,ممتاز,"موقف سيارات, حارس أمن, قرب مستشفى, إنترنت, مكيف",2026-01-24,بائع_158,930276578,ماروتا سيتي,حكم محكمة,غير محدد,رابع,33.514931,36.274472,2001,متوسطة-راقية,property_images/apartment_kitchen.jpg,property_images/apartment_luxury.jpg|property_images/building_needs_renovation.jpg|property_images/house_traditional.jpg
519,منزل في القصاع,"منزل سكني عائلي في حي القصاع - مساحة 163 م² - 5 غرف, 3 حمامات. الحالة: جديد. الملكية: كاتب عدل. الطابق: أول. المميزات: شارع رئيسي, بئر مياه خاص, مرآب, بلكونة, قرب مدرسة",327800,القصاع,163,5,3,منزل,جديد,"شارع رئيسي, بئر مياه خاص, مرآب, بلكونة, قرب مدرسة",2026-01-01,بائع_94,994215593,دوشيش,كاتب عدل,"كهرباء دولة, طاقة شمسية",أول,33.511765,36.271368,2011,متوسطة-راقية,property_images/townhouse.jpg,property_images/house_traditional.jpg|property_images/apartment_luxury.jpg|property_images/bedroom.jpg
520,منزل في القصاع,"منزل سكني عائلي في حي القصاع - مساحة 187 م² - 3 غرف, 1 حمامات. الحالة: كالجديد. الملكية: طابو نظامي. الطابق: أرضي. المميزات: مرآب, شبابيك دبل غلاس, حارس أمن, بلكونة",429100,القصاع,187,3,1,منزل,كالجديد,"مرآب, شبابيك دبل غلاس, حارس أمن, بلكونة",2026-02-24,بائع_33,973131107,إكار,طابو نظامي,كهرباء دولة,أرضي,33.512721,36.2711,2295,متوسطة-راقية,property_images/townhouse.jpg,property_images/apartment_luxury.jpg|property_images/townhouse.jpg|property_images/apartment_interior.jpg
521,شقة في القصاع,"شقة سكنية في بناء سكني في حي القصاع - مساحة 120 م² - 1 غرف, 1 حمامات. الحالة: جيد. الملكية: كاتب عدل. الطابق: ثالث. المميزات: مصعد, قرب مستشفى, تدفئة مركزية, حارس أمن",204700,القصاع,120,1,1,شقة,جيد,"مصعد, قرب مستشفى, تدفئة مركزية, حارس أمن",2025-12-02,بائع_267,964609530,دوشيش,كاتب عدل,"كهرباء دولة, طاقة شمسية",ثالث,33.510112,36.267408,1706,متوسطة-راقية,property_images/bedroom.jpg,property_images/apartment_street.jpg|property_images/duplex_interior.jpg|property_images/apartment_kitchen.jpg
522,بيت قديم في القصاع,"بيت تراثي دمشقي قديم في حي القصاع - مساحة 80 م² - 4 غرف, 2 حمامات. الحالة: جيد. الملكية: طابو نظامي. الطابق: ملحق. المميزات: طاقة شمسية, إنترنت, غاز مركزي, قرب مستشفى",73900,القصاع,80,4,2,بيت قديم,جيد,"طاقة شمسية, إنترنت, غاز مركزي, قرب مستشفى",2026-02-10,بائع_52,930579114,ماروتا سيتي,طابو نظامي,كهرباء دولة,ملحق,33.511984,36.271704,924,متوسطة-راقية,property_images/building_needs_renovation.jpg,property_images/villa_interior.jpg|property_images/townhouse.jpg|property_images/duplex_interior.jpg
523,بيت قديم في القصاع,"بيت تراثي دمشقي قديم في حي القصاع - مساحة 84 م² - 2 غرف, 1 حمامات. الحالة: جيد. الملكية: كاتب عدل. الطابق: ملحق. المميزات: حارس أمن, شقة مفروشة, كهرباء دولة, طاقة شمسية, إنترنت, شبابيك دبل غلاس",123200,القصاع,84,2,1,بيت قديم,جيد,"حارس أمن, شقة مفروشة, كهرباء دولة, طاقة شمسية, إنترنت, شبابيك دبل غلاس",2025-12-25,بائع_212,954103281,إمتلاك,كاتب عدل,غير محدد,ملحق,33.513653,36.272601,1467,متوسطة-راقية,property_images/building_needs_renovation.jpg,property_images/house_traditional.jpg|property_images/villa_modern.jpg|property_images/apartment_kitchen.jpg
524,مكتب في القصاع,"مكتب تجاري في حي القصاع - مساحة 67 م², 1 حمامات. الحالة: مقبول. الملكية: طابو أخضر. الطابق: أرضي. المميزات: حديقة, شبابيك دبل غلاس",80300,القصاع,67,0,1,مكتب,مقبول,"حديقة, شبابيك دبل غلاس",2025-11-30,بائع_42,974548702,دوشيش,طابو أخضر,غير محدد,أرضي,33.515078,36.271848,1199,متوسطة-راقية,property_images/apartment_interior.jpg,property_images/apartment_economy.jpg|property_images/bedroom.jpg|property_images/apartment_street.jpg
525,مكتب في القصاع,"مكتب تجاري في حي القصاع - مساحة 68 م², 1 حمامات. الحالة: مقبول. الملكية: بدون أوراق. الطابق: ثاني. المميزات: إطلالة مفتوحة, أثاث, مكيف, شقة مفروشة",61500,القصاع,68,0,1,مكتب,مقبول,"إطلالة مفتوحة, أثاث, مكيف, شقة مفروشة",2026-04-27,بائع_66,993935527,سوق.كوم,بدون أوراق,غير محدد,ثاني,33.509892,36.273636,904,متوسطة-راقية,property_images/apartment_modern.jpg,property_images/apartment_modern.jpg|property_images/apartment_interior.jpg|property_images/apartment_economy.jpg
526,شقة في القصاع,"شقة سكنية في بناء سكني في حي القصاع - مساحة 133 م² - 4 غرف, 1 حمامات. الحالة: جيد. الملكية: سجل عقاري. الطابق: ثالث. المميزات: حارس أمن, أبواب حديدية, قرب مدرسة, طاقة شمسية, قرب مستشفى",168400,القصاع,133,4,1,شقة,جيد,"حارس أمن, أبواب حديدية, قرب مدرسة, طاقة شمسية, قرب مستشفى",2025-11-07,بائع_46,943556018,إمتلاك,سجل عقاري,كهرباء دولة,ثالث,33.511261,36.274251,1266,متوسطة-راقية,property_images/apartment_luxury.jpg,property_images/apartment_economy.jpg|property_images/bedroom.jpg|property_images/townhouse.jpg
527,شقة في القصاع,"شقة سكنية في بناء سكني في حي القصاع - مساحة 78 م² - 4 غرف, 2 حمامات. الحالة: يحتاج ترميم. الملكية: طابو نظامي. الطابق: ثاني. المميزات: كهرباء دولة, أبواب حديدية, حارس أمن",118900,القصاع,78,4,2,شقة,يحتاج ترميم,"كهرباء دولة, أبواب حديدية, حارس أمن",2025-12-31,بائع_47,972334677,إكار,طابو نظامي,غير محدد,ثاني,33.511199,36.273277,1524,متوسطة-راقية,property_images/apartment_modern.jpg,property_images/apartment_kitchen.jpg|property_images/duplex_interior.jpg|property_images/apartment_interior.jpg
528,بيت عربي في القصاع,"بيت عربي بقاعة داخلية واسعة في حي القصاع - مساحة 163 م² - 5 غرف, 3 حمامات. الحالة: جيد. الملكية: حكم محكمة. الطابق: أول. المميزات: شارع رئيسي, قرب مدرسة, مرآب, طاقة شمسية, إطلالة مفتوحة",250300,القصاع,163,5,3,بيت عربي,جيد,"شارع رئيسي, قرب مدرسة, مرآب, طاقة شمسية, إطلالة مفتوحة",2026-04-13,بائع_175,954880788,سوق.كوم,حكم محكمة,"كهرباء دولة, طاقة شمسية",أول,33.511912,36.271674,1536,متوسطة-راقية,property_images/house_traditional.jpg,property_images/building_new_construction.jpg|property_images/building_needs_renovation.jpg|property_images/apartment_kitchen.jpg
529,منزل في القصاع,"منزل سكني عائلي في حي القصاع - مساحة 161 م² - 5 غرف, 3 حمامات. الحالة: كالجديد. الملكية: طابو نظامي. الطابق: ملحق. المميزات: بئر مياه خاص, تدفئة مركزية",242800,القصاع,161,5,3,منزل,كالجديد,"بئر مياه خاص, تدفئة مركزية",2026-01-17,بائع_164,976936258,إمتلاك,طابو نظامي,كهرباء دولة,ملحق,33.514482,36.270974,1508,متوسطة-راقية,property_images/house_traditional.jpg,property_images/building_new_construction.jpg|property_images/apartment_kitchen.jpg|property_images/apartment_modern.jpg
530,مكتب في القصاع,"مكتب تجاري في حي القصاع - مساحة 50 م², 1 حمامات. الحالة: كالجديد. الملكية: حكم محكمة. الطابق: ثاني. المميزات: غاز مركزي, مصعد",83300,القصاع,50,0,1,مكتب,كالجديد,"غاز مركزي, مصعد",2026-02-19,بائع_113,993813011,دوشيش,حكم محكمة,طاقة شمسية,ثاني,33.507875,36.271618,1666,متوسطة-راقية,property_images/apartment_interior.jpg,property_images/apartment_interior.jpg|property_images/building_new_construction.jpg|property_images/apartment_luxury.jpg
531,شقة في القصاع,"شقة سكنية في بناء سكني في حي القصاع - مساحة 204 م² - 1 غرف, 2 حمامات. الحالة: ممتاز. الملكية: حكم محكمة. الطابق: ثالث. المميزات: شقة مفروشة, حارس أمن, كهرباء دولة, أبواب حديدية",398800,القصاع,204,1,2,شقة,ممتاز,"شقة مفروشة, حارس أمن, كهرباء دولة, أبواب حديدية",2026-01-29,بائع_31,972260119,ماروتا سيتي,حكم محكمة,كهرباء دولة,ثالث,33.512961,36.271474,1955,متوسطة-راقية,property_images/apartment_street.jpg,property_images/apartment_interior.jpg|property_images/building_new_construction.jpg|property_images/villa_modern.jpg
532,بيت قديم في القصاع,"بيت تراثي دمشقي قديم في حي القصاع - مساحة 100 م² - 2 غرف, 1 حمامات. الحالة: مقبول. الملكية: بدون أوراق. الطابق: ملحق. المميزات: أبواب حديدية, غاز مركزي, بئر مياه خاص",85700,القصاع,100,2,1,بيت قديم,مقبول,"أبواب حديدية, غاز مركزي, بئر مياه خاص",2026-04-30,بائع_281,980453800,دوشيش,بدون أوراق,طاقة شمسية,ملحق,33.510638,36.274229,857,متوسطة-راقية,property_images/house_traditional.jpg,property_images/townhouse.jpg|property_images/duplex_interior.jpg|property_images/bedroom.jpg
533,بيت في القصاع,"بيت سكني تقليدي في حي القصاع - مساحة 131 م² - 2 غرف, 1 حمامات. الحالة: يحتاج ترميم. الملكية: كاتب عدل. الطابق: ثاني. المميزات: بئر مياه خاص, شارع رئيسي, أثاث, قرب مدرسة, غاز مركزي, حارس أمن",139900,القصاع,131,2,1,بيت,يحتاج ترميم,"بئر مياه خاص, شارع رئيسي, أثاث, قرب مدرسة, غاز مركزي, حارس أمن",2026-04-22,بائع_156,988786433,بيوتنا,كاتب عدل,كهرباء دولة,ثاني,33.513877,36.272039,1068,متوسطة-راقية,property_images/house_traditional.jpg,property_images/villa_modern.jpg|property_images/building_needs_renovation.jpg|property_images/apartment_street.jpg
534,منزل في الشعلان,"منزل سكني عائلي في حي الشعلان - مساحة 190 م² - 3 غرف, 1 حمامات. الحالة: ممتاز. الملكية: سجل عقاري. الطابق: ملحق. المميزات: أثاث, مصعد, إنترنت",323500,الشعلان,190,3,1,منزل,ممتاز,"أثاث, مصعد, إنترنت",2026-03-29,بائع_193,984812449,ماروتا سيتي,سجل عقاري,طاقة شمسية,ملحق,33.508292,36.286853,1703,متوسطة-راقية,property_images/townhouse.jpg,property_images/building_needs_renovation.jpg|property_images/building_new_construction.jpg|property_images/duplex_interior.jpg
535,شقة في الشعلان,"شقة سكنية في بناء سكني في حي الشعلان - مساحة 123 م² - 4 غرف, 1 حمامات. الحالة: جديد. الملكية: سجل عقاري. الطابق: خامس. المميزات: حارس أمن, شقة مفروشة",310500,الشعلان,123,4,1,شقة,جديد,"حارس أمن, شقة مفروشة",2025-11-26,بائع_207,961135644,سوق.كوم,سجل عقاري,كهرباء دولة,خامس,33.506522,36.285065,2524,متوسطة-راقية,property_images/apartment_modern.jpg,property_images/villa_interior.jpg|property_images/townhouse.jpg|property_images/building_new_construction.jpg
536,شقة في الشعلان,"شقة سكنية في بناء سكني في حي الشعلان - مساحة 125 م² - 2 غرف, 2 حمامات. الحالة: جيد. الملكية: حكم محكمة. الطابق: رابع. المميزات: شبابيك دبل غلاس, غاز مركزي",181900,الشعلان,125,2,2,شقة,جيد,"شبابيك دبل غلاس, غاز مركزي",2026-05-03,بائع_62,944186651,سوق.كوم,حكم محكمة,غير محدد,رابع,33.509347,36.288488,1455,متوسطة-راقية,property_images/apartment_modern.jpg,property_images/apartment_modern.jpg|property_images/duplex_interior.jpg|property_images/building_needs_renovation.jpg
537,منزل في الشعلان,"منزل سكني عائلي في حي الشعلان - مساحة 149 م² - 2 غرف, 3 حمامات. الحالة: جيد. الملكية: سجل عقاري. الطابق: أول. المميزات: قرب مستشفى, أبواب حديدية, كهرباء دولة, حارس أمن, بلكونة, غاز مركزي",265500,الشعلان,149,2,3,منزل,جيد,"قرب مستشفى, أبواب حديدية, كهرباء دولة, حارس أمن, بلكونة, غاز مركزي",2026-02-18,بائع_293,946204271,بيوت شام,سجل عقاري,غير محدد,أول,33.505798,36.286343,1782,متوسطة-راقية,property_images/duplex_interior.jpg,property_images/duplex_interior.jpg|property_images/villa_modern.jpg|property_images/building_needs_renovation.jpg
538,شقة في الشعلان,"شقة سكنية في بناء سكني في حي الشعلان - مساحة 116 م² - 2 غرف, 2 حمامات. الحالة: يحتاج ترميم. الملكية: كاتب عدل. الطابق: ملحق. المميزات: غاز مركزي, قرب مدرسة",80400,الشعلان,116,2,2,شقة,يحتاج ترميم,"غاز مركزي, قرب مدرسة",2026-04-19,بائع_266,998848420,ماروتا سيتي,كاتب عدل,غير محدد,ملحق,33.508648,36.291323,693,متوسطة-راقية,property_images/apartment_kitchen.jpg,property_images/duplex_interior.jpg|property_images/apartment_economy.jpg|property_images/apartment_street.jpg
539,بيت عربي في الشعلان,"بيت عربي بقاعة داخلية واسعة في حي الشعلان - مساحة 181 م² - 2 غرف, 1 حمامات. الحالة: كالجديد. الملكية: كاتب عدل. الطابق: أرضي. المميزات: بلكونة, مصعد, قرب مدرسة, شبابيك دبل غلاس, حديقة, حارس أمن",300100,الشعلان,181,2,1,بيت عربي,كالجديد,"بلكونة, مصعد, قرب مدرسة, شبابيك دبل غلاس, حديقة, حارس أمن",2026-03-25,بائع_45,962992810,ماروتا سيتي,كاتب عدل,"كهرباء دولة, طاقة شمسية",أرضي,33.50648,36.286767,1658,متوسطة-راقية,property_images/house_traditional.jpg,property_images/villa_modern.jpg|property_images/apartment_kitchen.jpg|property_images/apartment_interior.jpg
540,شقة في الشعلان,"شقة سكنية في بناء سكني في حي الشعلان - مساحة 106 م² - 3 غرف, 1 حمامات. الحالة: يحتاج ترميم. الملكية: سجل عقاري. الطابق: رابع. المميزات: مصعد, طاقة شمسية, بئر مياه خاص, تدفئة مركزية, شقة مفروشة",103100,الشعلان,106,3,1,شقة,يحتاج ترميم,"مصعد, طاقة شمسية, بئر مياه خاص, تدفئة مركزية, شقة مفروشة",2025-12-09,بائع_252,970648055,بيوت شام,سجل عقاري,غير محدد,رابع,33.511563,36.289115,973,متوسطة-راقية,property_images/apartment_economy.jpg,property_images/apartment_interior.jpg|property_images/villa_modern.jpg|property_images/apartment_modern.jpg
541,بيت في الشعلان,"بيت سكني تقليدي في حي الشعلان - مساحة 76 م² - 3 غرف, 1 حمامات. الحالة: جيد. الملكية: حكم محكمة. الطابق: رابع. المميزات: تدفئة مركزية, أثاث, مكيف",97700,الشعلان,76,3,1,بيت,جيد,"تدفئة مركزية, أثاث, مكيف",2026-04-01,بائع_283,957720529,بيوت شام,حكم محكمة,طاقة شمسية,رابع,33.509996,36.29028,1286,متوسطة-راقية,property_images/building_needs_renovation.jpg,property_images/villa_interior.jpg|property_images/apartment_street.jpg|property_images/bedroom.jpg
542,شقة في الشعلان,"شقة سكنية في بناء سكني في حي الشعلان - مساحة 175 م² - 3 غرف, 2 حمامات. الحالة: جيد. الملكية: سجل عقاري. الطابق: رابع. المميزات: شارع رئيسي, بلكونة, غاز مركزي, شبابيك دبل غلاس, موقف سيارات",200000,الشعلان,175,3,2,شقة,جيد,"شارع رئيسي, بلكونة, غاز مركزي, شبابيك دبل غلاس, موقف سيارات",2026-03-30,بائع_275,956173985,إمتلاك,سجل عقاري,غير محدد,رابع,33.507378,36.285485,1143,متوسطة-راقية,property_images/apartment_luxury.jpg,property_images/building_new_construction.jpg|property_images/townhouse.jpg|property_images/apartment_interior.jpg
543,بيت قديم في الشعلان,"بيت تراثي دمشقي قديم في حي الشعلان - مساحة 91 م² - 2 غرف, 2 حمامات. الحالة: يحتاج ترميم. الملكية: حكم محكمة. الطابق: أول. المميزات: شارع رئيسي, شقة مفروشة, بلكونة, مرآب, مكيف, حديقة",77700,الشعلان,91,2,2,بيت قديم,يحتاج ترميم,"شارع رئيسي, شقة مفروشة, بلكونة, مرآب, مكيف, حديقة",2026-03-03,بائع_40,964230674,إكار,حكم محكمة,كهرباء دولة,أول,33.510975,36.287848,854,متوسطة-راقية,property_images/building_needs_renovation.jpg,property_images/apartment_economy.jpg|property_images/bedroom.jpg|property_images/apartment_interior.jpg
544,شقة في الشعلان,"شقة سكنية في بناء سكني في حي الشعلان - مساحة 108 م² - 1 غرف, 2 حمامات. الحالة: جيد. الملكية: طابو أخضر. الطابق: أرضي. المميزات: كهرباء دولة, مكيف, طاقة شمسية, شارع رئيسي",168300,الشعلان,108,1,2,شقة,جيد,"كهرباء دولة, مكيف, طاقة شمسية, شارع رئيسي",2026-03-10,بائع_194,943920755,سوق.كوم,طابو أخضر,كهرباء دولة,أرضي,33.50733,36.292179,1558,متوسطة-راقية,property_images/apartment_economy.jpg,property_images/apartment_luxury.jpg|property_images/house_traditional.jpg|property_images/villa_interior.jpg
545,شقة في الشعلان,"شقة سكنية في بناء سكني في حي الشعلان - مساحة 63 م² - 4 غرف, 1 حمامات. الحالة: جيد. الملكية: طابو نظامي. الطابق: أرضي. المميزات: إنترنت, قرب مستشفى, بئر مياه خاص, قرب مدرسة, كهرباء دولة, حارس أمن",98800,الشعلان,63,4,1,شقة,جيد,"إنترنت, قرب مستشفى, بئر مياه خاص, قرب مدرسة, كهرباء دولة, حارس أمن",2026-01-26,بائع_93,974945241,إمتلاك,طابو نظامي,كهرباء دولة,أرضي,33.513047,36.288014,1568,متوسطة-راقية,property_images/bedroom.jpg,property_images/villa_modern.jpg|property_images/townhouse.jpg|property_images/apartment_street.jpg
546,بيت في الشعلان,"بيت سكني تقليدي في حي الشعلان - مساحة 104 م² - 2 غرف, 2 حمامات. الحالة: مقبول. الملكية: حكم محكمة. الطابق: ثاني. المميزات: مكيف, كهرباء دولة, مصعد, شقة مفروشة, شارع رئيسي, قرب مدرسة",102300,الشعلان,104,2,2,بيت,مقبول,"مكيف, كهرباء دولة, مصعد, شقة مفروشة, شارع رئيسي, قرب مدرسة",2026-04-22,بائع_190,961811160,إكار,حكم محكمة,كهرباء دولة,ثاني,33.508639,36.290746,984,متوسطة-راقية,property_images/building_needs_renovation.jpg,property_images/villa_modern.jpg|property_images/apartment_luxury.jpg|property_images/apartment_interior.jpg
547,منزل في الشعلان,"منزل سكني عائلي في حي الشعلان - مساحة 80 م² - 4 غرف, 2 حمامات. الحالة: جيد. الملكية: سجل عقاري. الطابق: ملحق. المميزات: بئر مياه خاص, كهرباء دولة, مرآب, شقة مفروشة, طاقة شمسية, شارع رئيسي",143500,الشعلان,80,4,2,منزل,جيد,"بئر مياه خاص, كهرباء دولة, مرآب, شقة مفروشة, طاقة شمسية, شارع رئيسي",2026-01-21,بائع_161,941765506,سوق.كوم,سجل عقاري,غير محدد,ملحق,33.506152,36.287467,1794,متوسطة-راقية,property_images/duplex_interior.jpg,property_images/apartment_luxury.jpg|property_images/apartment_interior.jpg|property_images/apartment_kitchen.jpg
548,شقة في الشعلان,"شقة سكنية في بناء سكني في حي الشعلان - مساحة 104 م² - 1 غرف, 1 حمامات. الحالة: كالجديد. الملكية: طابو أخضر. الطابق: ملحق. المميزات: قرب مدرسة, أبواب حديدية, مصعد, مرآب",215200,الشعلان,104,1,1,شقة,كالجديد,"قرب مدرسة, أبواب حديدية, مصعد, مرآب",2025-12-29,بائع_264,998831782,سوق.كوم,طابو أخضر,طاقة شمسية,ملحق,33.505804,36.288924,2069,متوسطة-راقية,property_images/apartment_kitchen.jpg,property_images/building_needs_renovation.jpg|property_images/apartment_street.jpg|property_images/villa_interior.jpg
549,منزل في الشعلان,"منزل سكني عائلي في حي الشعلان - مساحة 251 م² - 2 غرف, 3 حمامات. الحالة: جيد. الملكية: بدون أوراق. الطابق: ملحق. المميزات: قرب مدرسة, إنترنت, طاقة شمسية, شقة مفروشة, تدفئة مركزية",193700,الشعلان,251,2,3,منزل,جيد,"قرب مدرسة, إنترنت, طاقة شمسية, شقة مفروشة, تدفئة مركزية",2025-12-22,بائع_116,952178771,بيوت شام,بدون أوراق,"كهرباء دولة, طاقة شمسية",ملحق,33.509379,36.286676,772,متوسطة-راقية,property_images/duplex_interior.jpg,property_images/villa_modern.jpg|property_images/apartment_kitchen.jpg|property_images/townhouse.jpg
550,محل تجاري في الشعلان,"محل تجاري أو مكتب في حي الشعلان - مساحة 70 م² - 1 غرف, 1 حمامات. الحالة: جيد. الملكية: بدون أوراق. الطابق: ثاني. المميزات: بلكونة, إنترنت, حارس أمن, حديقة, طاقة شمسية",90800,الشعلان,70,1,1,محل تجاري,جيد,"بلكونة, إنترنت, حارس أمن, حديقة, طاقة شمسية",2026-02-20,بائع_154,991407804,بيوت شام,بدون أوراق,غير محدد,ثاني,33.507717,36.288976,1297,متوسطة-راقية,property_images/building_new_construction.jpg,property_images/apartment_interior.jpg|property_images/bedroom.jpg|property_images/duplex_interior.jpg
551,شقة في الشعلان,"شقة سكنية في بناء سكني في حي الشعلان - مساحة 183 م² - 2 غرف, 2 حمامات. الحالة: جيد. الملكية: حكم محكمة. الطابق: سابع. المميزات: تدفئة مركزية, شبابيك دبل غلاس, أبواب حديدية, شارع رئيسي, إنترنت, مصعد",253300,الشعلان,183,2,2,شقة,جيد,"تدفئة مركزية, شبابيك دبل غلاس, أبواب حديدية, شارع رئيسي, إنترنت, مصعد",2026-05-04,بائع_180,953521598,بيوت شام,حكم محكمة,كهرباء دولة,سابع,33.51044,36.285413,1384,متوسطة-راقية,property_images/apartment_luxury.jpg,property_images/duplex_interior.jpg|property_images/bedroom.jpg|property_images/apartment_luxury.jpg
552,شقة في الشعلان,"شقة سكنية في بناء سكني في حي الشعلان - مساحة 86 م² - 2 غرف, 2 حمامات. الحالة: ممتاز. الملكية: طابو أخضر. الطابق: ثاني. المميزات: أبواب حديدية, مصعد",158300,الشعلان,86,2,2,شقة,ممتاز,"أبواب حديدية, مصعد",2026-01-05,بائع_203,977413823,بيوت شام,طابو أخضر,طاقة شمسية,ثاني,33.511968,36.288711,1841,متوسطة-راقية,property_images/apartment_economy.jpg,property_images/building_new_construction.jpg|property_images/villa_modern.jpg|property_images/apartment_interior.jpg
553,منزل في الشعلان,"منزل سكني عائلي في حي الشعلان - مساحة 145 م² - 2 غرف, 2 حمامات. الحالة: كالجديد. الملكية: كاتب عدل. الطابق: أول. المميزات: بلكونة, مكيف, إنترنت, مرآب, مصعد",242400,الشعلان,145,2,2,منزل,كالجديد,"بلكونة, مكيف, إنترنت, مرآب, مصعد",2026-04-07,بائع_98,966142211,بيوتنا,كاتب عدل,غير محدد,أول,33.506499,36.289209,1672,متوسطة-راقية,property_images/house_traditional.jpg,property_images/duplex_interior.jpg|property_images/apartment_luxury.jpg|property_images/building_new_construction.jpg
554,شقة في الشعلان,"شقة سكنية في بناء سكني في حي الشعلان - مساحة 150 م² - 2 غرف, 1 حمامات. الحالة: جيد. الملكية: بدون أوراق. الطابق: ثاني. المميزات: كهرباء دولة, حارس أمن, مرآب, أبواب حديدية, قرب مدرسة",153000,الشعلان,150,2,1,شقة,جيد,"كهرباء دولة, حارس أمن, مرآب, أبواب حديدية, قرب مدرسة",2026-01-23,بائع_257,979237801,سوق.كوم,بدون أوراق,كهرباء دولة,ثاني,33.50806,36.288532,1020,متوسطة-راقية,property_images/bedroom.jpg,property_images/townhouse.jpg|property_images/villa_modern.jpg|property_images/duplex_interior.jpg
555,مكتب في الشعلان,"مكتب تجاري في حي الشعلان - مساحة 46 م², 1 حمامات. الحالة: مقبول. الملكية: طابو أخضر. الطابق: أول. المميزات: مصعد, طاقة شمسية, تدفئة مركزية, حديقة, مرآب, شارع رئيسي",65400,الشعلان,46,0,1,مكتب,مقبول,"مصعد, طاقة شمسية, تدفئة مركزية, حديقة, مرآب, شارع رئيسي",2026-04-14,بائع_220,961747614,بيوتنا,طابو أخضر,"كهرباء دولة, طاقة شمسية",أول,33.513199,36.287506,1422,متوسطة-راقية,property_images/apartment_modern.jpg,property_images/bedroom.jpg|property_images/building_new_construction.jpg|property_images/apartment_kitchen.jpg
556,بيت قديم في الشعلان,"بيت تراثي دمشقي قديم في حي الشعلان - مساحة 87 م² - 2 غرف, 2 حمامات. الحالة: كالجديد. الملكية: طابو نظامي. الطابق: ملحق. المميزات: مرآب, أثاث, أبواب حديدية",104700,الشعلان,87,2,2,بيت قديم,كالجديد,"مرآب, أثاث, أبواب حديدية",2025-12-28,بائع_93,954996398,إكار,طابو نظامي,طاقة شمسية,ملحق,33.510488,36.287638,1203,متوسطة-راقية,property_images/building_needs_renovation.jpg,property_images/apartment_interior.jpg|property_images/villa_interior.jpg|property_images/apartment_luxury.jpg
557,بيت في الشعلان,"بيت سكني تقليدي في حي الشعلان - مساحة 90 م² - 2 غرف, 1 حمامات. الحالة: كالجديد. الملكية: طابو أخضر. الطابق: ثالث. المميزات: أثاث, مكيف, مرآب, مصعد",179300,الشعلان,90,2,1,بيت,كالجديد,"أثاث, مكيف, مرآب, مصعد",2026-01-21,بائع_269,969834169,إمتلاك,طابو أخضر,"كهرباء دولة, طاقة شمسية",ثالث,33.511839,36.286799,1992,متوسطة-راقية,property_images/house_traditional.jpg,property_images/building_needs_renovation.jpg|property_images/apartment_interior.jpg|property_images/bedroom.jpg
558,مكتب في الشعلان,"مكتب تجاري في حي الشعلان - مساحة 25 م², 1 حمامات. الحالة: كالجديد. الملكية: سجل عقاري. الطابق: أول. المميزات: مرآب, تدفئة مركزية, بئر مياه خاص, حارس أمن, كهرباء دولة, إنترنت",58300,الشعلان,25,0,1,مكتب,كالجديد,"مرآب, تدفئة مركزية, بئر مياه خاص, حارس أمن, كهرباء دولة, إنترنت",2026-03-03,بائع_164,936290580,سوق.كوم,سجل عقاري,غير محدد,أول,33.507631,36.289581,2332,متوسطة-راقية,property_images/apartment_interior.jpg,property_images/apartment_street.jpg|property_images/apartment_luxury.jpg|property_images/house_traditional.jpg
559,شقة في الشعلان,"شقة سكنية في بناء سكني في حي الشعلان - مساحة 55 م² - 1 غرف, 2 حمامات. الحالة: جيد. الملكية: طابو نظامي. الطابق: رابع. المميزات: إطلالة مفتوحة, حارس أمن, مرآب, بلكونة",98200,الشعلان,55,1,2,شقة,جيد,"إطلالة مفتوحة, حارس أمن, مرآب, بلكونة",2026-02-17,بائع_58,942801442,سوق.كوم,طابو نظامي,غير محدد,رابع,33.506578,36.289462,1785,متوسطة-راقية,property_images/apartment_modern.jpg,property_images/apartment_kitchen.jpg|property_images/apartment_interior.jpg|property_images/bedroom.jpg
560,بيت قديم في الشعلان,"بيت تراثي دمشقي قديم في حي الشعلان - مساحة 100 م² - 3 غرف, 2 حمامات. الحالة: مقبول. الملكية: طابو أخضر. الطابق: ملحق. المميزات: شقة مفروشة, إطلالة مفتوحة, إنترنت, طاقة شمسية, كهرباء دولة, أثاث",79200,الشعلان,100,3,2,بيت قديم,مقبول,"شقة مفروشة, إطلالة مفتوحة, إنترنت, طاقة شمسية, كهرباء دولة, أثاث",2026-04-02,بائع_62,935715054,إمتلاك,طابو أخضر,كهرباء دولة,ملحق,33.508186,36.289373,792,متوسطة-راقية,property_images/building_needs_renovation.jpg,property_images/villa_interior.jpg|property_images/townhouse.jpg|property_images/apartment_luxury.jpg
561,بيت عربي في الشعلان,"بيت عربي بقاعة داخلية واسعة في حي الشعلان - مساحة 185 م² - 2 غرف, 1 حمامات. الحالة: كالجديد. الملكية: سجل عقاري. الطابق: أرضي. المميزات: إطلالة مفتوحة, حديقة, بئر مياه خاص, أبواب حديدية, أثاث, مكيف",327800,الشعلان,185,2,1,بيت عربي,كالجديد,"إطلالة مفتوحة, حديقة, بئر مياه خاص, أبواب حديدية, أثاث, مكيف",2026-03-02,بائع_287,974483791,دوشيش,سجل عقاري,كهرباء دولة,أرضي,33.512953,36.284872,1772,متوسطة-راقية,property_images/duplex_interior.jpg,property_images/apartment_interior.jpg|property_images/villa_interior.jpg|property_images/apartment_luxury.jpg
562,بيت في الشعلان,"بيت سكني تقليدي في حي الشعلان - مساحة 158 م² - 2 غرف, 2 حمامات. الحالة: كالجديد. الملكية: سجل عقاري. الطابق: أرضي. المميزات: شقة مفروشة, مصعد, بلكونة, كهرباء دولة, مكيف, بئر مياه خاص",241400,الشعلان,158,2,2,بيت,كالجديد,"شقة مفروشة, مصعد, بلكونة, كهرباء دولة, مكيف, بئر مياه خاص",2025-11-09,بائع_98,980619072,إمتلاك,سجل عقاري,طاقة شمسية,أرضي,33.507202,36.285339,1528,متوسطة-راقية,property_images/house_traditional.jpg,property_images/building_needs_renovation.jpg|property_images/duplex_interior.jpg|property_images/building_new_construction.jpg
563,منزل في الشعلان,"منزل سكني عائلي في حي الشعلان - مساحة 151 م² - 5 غرف, 3 حمامات. الحالة: جيد. الملكية: طابو أخضر. الطابق: أرضي. المميزات: قرب مدرسة, غاز مركزي, إطلالة مفتوحة, كهرباء دولة, أثاث",257500,الشعلان,151,5,3,منزل,جيد,"قرب مدرسة, غاز مركزي, إطلالة مفتوحة, كهرباء دولة, أثاث",2025-12-05,بائع_5,995577564,إكار,طابو أخضر,كهرباء دولة,أرضي,33.508745,36.291022,1705,متوسطة-راقية,property_images/duplex_interior.jpg,property_images/apartment_modern.jpg|property_images/duplex_interior.jpg|property_images/apartment_economy.jpg
564,بيت قديم في الشعلان,"بيت تراثي دمشقي قديم في حي الشعلان - مساحة 50 م² - 2 غرف, 2 حمامات. الحالة: جيد. الملكية: طابو نظامي. الطابق: أرضي. المميزات: قرب مدرسة, حارس أمن, بلكونة, طاقة شمسية",56600,الشعلان,50,2,2,بيت قديم,جيد,"قرب مدرسة, حارس أمن, بلكونة, طاقة شمسية",2025-11-23,بائع_76,965239430,بيوت شام,طابو نظامي,"كهرباء دولة, طاقة شمسية",أرضي,33.506495,36.288727,1132,متوسطة-راقية,property_images/building_needs_renovation.jpg,property_images/apartment_modern.jpg|property_images/townhouse.jpg|property_images/duplex_interior.jpg
565,محل تجاري في الشعلان,"محل تجاري أو مكتب في حي الشعلان - مساحة 82 م², 1 حمامات. الحالة: جديد. الملكية: بدون أوراق. الطابق: ثاني. المميزات: شارع رئيسي, إنترنت",129200,الشعلان,82,0,1,محل تجاري,جديد,"شارع رئيسي, إنترنت",2026-04-14,بائع_282,963857155,بيوتنا,بدون أوراق,غير محدد,ثاني,33.503792,36.288398,1576,متوسطة-راقية,property_images/building_new_construction.jpg,property_images/apartment_luxury.jpg|property_images/building_needs_renovation.jpg|property_images/house_traditional.jpg
566,منزل في الشعلان,"منزل سكني عائلي في حي الشعلان - مساحة 179 م² - 2 غرف, 3 حمامات. الحالة: جيد. الملكية: طابو نظامي. الطابق: ملحق. المميزات: إنترنت, طاقة شمسية",278200,الشعلان,179,2,3,منزل,جيد,"إنترنت, طاقة شمسية",2026-05-01,بائع_276,943857703,إمتلاك,طابو نظامي,طاقة شمسية,ملحق,33.511472,36.285858,1554,متوسطة-راقية,property_images/house_traditional.jpg,property_images/duplex_interior.jpg|property_images/apartment_street.jpg|property_images/townhouse.jpg
567,بيت قديم في الشعلان,"بيت تراثي دمشقي قديم في حي الشعلان - مساحة 123 م² - 4 غرف, 1 حمامات. الحالة: يحتاج ترميم. الملكية: طابو نظامي. الطابق: أرضي. المميزات: طاقة شمسية, حديقة, كهرباء دولة, أثاث, غاز مركزي",125100,الشعلان,123,4,1,بيت قديم,يحتاج ترميم,"طاقة شمسية, حديقة, كهرباء دولة, أثاث, غاز مركزي",2026-01-14,بائع_189,948602275,سوق.كوم,طابو نظامي,كهرباء دولة,أرضي,33.505443,36.288639,1017,متوسطة-راقية,property_images/house_traditional.jpg,property_images/apartment_street.jpg|property_images/building_new_construction.jpg|property_images/villa_modern.jpg
568,منزل في الشعلان,"منزل سكني عائلي في حي الشعلان - مساحة 137 م² - 3 غرف, 1 حمامات. الحالة: جيد. الملكية: كاتب عدل. الطابق: أرضي. المميزات: أبواب حديدية, بلكونة, بئر مياه خاص, مصعد, قرب مستشفى, إطلالة مفتوحة",184300,الشعلان,137,3,1,منزل,جيد,"أبواب حديدية, بلكونة, بئر مياه خاص, مصعد, قرب مستشفى, إطلالة مفتوحة",2026-03-18,بائع_36,948175548,دوشيش,كاتب عدل,غير محدد,أرضي,33.509695,36.287026,1345,متوسطة-راقية,property_images/townhouse.jpg,property_images/apartment_luxury.jpg|property_images/apartment_street.jpg|property_images/townhouse.jpg
569,شقة في الشعلان,"شقة سكنية في بناء سكني في حي الشعلان - مساحة 96 م² - 1 غرف, 1 حمامات. الحالة: يحتاج ترميم. الملكية: بدون أوراق. الطابق: سادس. المميزات: إطلالة مفتوحة, حارس أمن",78400,الشعلان,96,1,1,شقة,يحتاج ترميم,"إطلالة مفتوحة, حارس أمن",2026-05-02,بائع_23,946360406,ماروتا سيتي,بدون أوراق,"كهرباء دولة, طاقة شمسية",سادس,33.506826,36.285828,817,متوسطة-راقية,property_images/apartment_economy.jpg,property_images/villa_modern.jpg|property_images/apartment_luxury.jpg|property_images/house_traditional.jpg
570,شقة في الشعلان,"شقة سكنية في بناء سكني في حي الشعلان - مساحة 143 م² - 1 غرف, 1 حمامات. الحالة: كالجديد. الملكية: حكم محكمة. الطابق: أول. المميزات: قرب مدرسة, حديقة",193000,الشعلان,143,1,1,شقة,كالجديد,"قرب مدرسة, حديقة",2025-12-12,بائع_228,950422316,بيوت شام,حكم محكمة,كهرباء دولة,أول,33.510333,36.288925,1350,متوسطة-راقية,property_images/apartment_kitchen.jpg,property_images/duplex_interior.jpg|property_images/building_new_construction.jpg|property_images/apartment_interior.jpg
571,منزل في الشعلان,"منزل سكني عائلي في حي الشعلان - مساحة 82 م² - 4 غرف, 3 حمامات. الحالة: كالجديد. الملكية: سجل عقاري. الطابق: ملحق. المميزات: حارس أمن, مصعد, تدفئة مركزية, شارع رئيسي, بئر مياه خاص, قرب مدرسة",118200,الشعلان,82,4,3,منزل,كالجديد,"حارس أمن, مصعد, تدفئة مركزية, شارع رئيسي, بئر مياه خاص, قرب مدرسة",2026-05-05,بائع_115,933337686,دوشيش,سجل عقاري,غير محدد,ملحق,33.511388,36.286038,1441,متوسطة-راقية,property_images/house_traditional.jpg,property_images/building_needs_renovation.jpg|property_images/apartment_modern.jpg|property_images/townhouse.jpg
572,شقة في الشعلان,"شقة سكنية في بناء سكني في حي الشعلان - مساحة 103 م² - 4 غرف, 1 حمامات. الحالة: ممتاز. الملكية: طابو نظامي. الطابق: خامس. المميزات: بلكونة, حارس أمن, طاقة شمسية, إطلالة مفتوحة, بئر مياه خاص",189300,الشعلان,103,4,1,شقة,ممتاز,"بلكونة, حارس أمن, طاقة شمسية, إطلالة مفتوحة, بئر مياه خاص",2026-02-02,بائع_44,935733870,بيوتنا,طابو نظامي,"كهرباء دولة, طاقة شمسية",خامس,33.510567,36.287497,1838,متوسطة-راقية,property_images/apartment_interior.jpg,property_images/duplex_interior.jpg|property_images/house_traditional.jpg|property_images/apartment_kitchen.jpg
573,شقة في الشعلان,"شقة سكنية في بناء سكني في حي الشعلان - مساحة 99 م² - 4 غرف, 1 حمامات. الحالة: جيد. الملكية: حكم محكمة. الطابق: رابع. المميزات: إطلالة مفتوحة, بئر مياه خاص, إنترنت, حارس أمن",183700,الشعلان,99,4,1,شقة,جيد,"إطلالة مفتوحة, بئر مياه خاص, إنترنت, حارس أمن",2026-02-27,بائع_40,930255863,ماروتا سيتي,حكم محكمة,غير محدد,رابع,33.512478,36.289958,1856,متوسطة-راقية,property_images/apartment_interior.jpg,property_images/apartment_street.jpg|property_images/villa_interior.jpg|property_images/villa_modern.jpg
574,بيت في الشعلان,"بيت سكني تقليدي في حي الشعلان - مساحة 112 م² - 3 غرف, 2 حمامات. الحالة: ممتاز. الملكية: سجل عقاري. الطابق: سادس. المميزات: حارس أمن, قرب مستشفى",127300,الشعلان,112,3,2,بيت,ممتاز,"حارس أمن, قرب مستشفى",2026-04-12,بائع_166,946290706,ماروتا سيتي,سجل عقاري,طاقة شمسية,سادس,33.507339,36.289045,1137,متوسطة-راقية,property_images/house_traditional.jpg,property_images/building_needs_renovation.jpg|property_images/villa_interior.jpg|property_images/apartment_modern.jpg
575,شقة في الشعلان,"شقة سكنية في بناء سكني في حي الشعلان - مساحة 134 م² - 4 غرف, 2 حمامات. الحالة: ممتاز. الملكية: سجل عقاري. الطابق: سادس. المميزات: شارع رئيسي, طاقة شمسية, غاز مركزي",275400,الشعلان,134,4,2,شقة,ممتاز,"شارع رئيسي, طاقة شمسية, غاز مركزي",2025-12-30,بائع_273,998961304,بيوتنا,سجل عقاري,كهرباء دولة,سادس,33.510301,36.284994,2055,متوسطة-راقية,property_images/apartment_street.jpg,property_images/villa_modern.jpg|property_images/duplex_interior.jpg|property_images/townhouse.jpg
576,شقة في الشعلان,"شقة سكنية في بناء سكني في حي الشعلان - مساحة 156 م² - 2 غرف, 1 حمامات. الحالة: جيد. الملكية: سجل عقاري. الطابق: أرضي. المميزات: إنترنت, مصعد, أثاث",179100,الشعلان,156,2,1,شقة,جيد,"إنترنت, مصعد, أثاث",2026-04-01,بائع_57,937466317,بيوت شام,سجل عقاري,كهرباء دولة,أرضي,33.508232,36.2885,1148,متوسطة-راقية,property_images/apartment_modern.jpg,property_images/apartment_kitchen.jpg|property_images/apartment_street.jpg|property_images/building_new_construction.jpg
577,محل تجاري في الشعلان,"محل تجاري أو مكتب في حي الشعلان - مساحة 109 م² - 1 غرف, 1 حمامات. الحالة: مقبول. الملكية: كاتب عدل. الطابق: أرضي. المميزات: قرب مدرسة, مرآب, طاقة شمسية",224900,الشعلان,109,1,1,محل تجاري,مقبول,"قرب مدرسة, مرآب, طاقة شمسية",2026-03-31,بائع_61,948495796,إمتلاك,كاتب عدل,طاقة شمسية,أرضي,33.510213,36.287634,2063,متوسطة-راقية,property_images/building_new_construction.jpg,property_images/house_traditional.jpg|property_images/townhouse.jpg|property_images/apartment_modern.jpg
578,شقة في الشعلان,"شقة سكنية في بناء سكني في حي الشعلان - مساحة 138 م² - 1 غرف, 1 حمامات. الحالة: يحتاج ترميم. الملكية: سجل عقاري. الطابق: ثاني. المميزات: إطلالة مفتوحة, بلكونة, مصعد, مكيف, إنترنت",169400,الشعلان,138,1,1,شقة,يحتاج ترميم,"إطلالة مفتوحة, بلكونة, مصعد, مكيف, إنترنت",2025-12-11,بائع_214,949902598,بيوتنا,سجل عقاري,"كهرباء دولة, طاقة شمسية",ثاني,33.508359,36.29159,1228,متوسطة-راقية,property_images/bedroom.jpg,property_images/building_needs_renovation.jpg|property_images/bedroom.jpg|property_images/apartment_kitchen.jpg
579,منزل في الشعلان,"منزل سكني عائلي في حي الشعلان - مساحة 170 م² - 4 غرف, 2 حمامات. الحالة: كالجديد. الملكية: سجل عقاري. الطابق: أرضي. المميزات: حديقة, شبابيك دبل غلاس, مصعد, بئر مياه خاص, حارس أمن",313000,الشعلان,170,4,2,منزل,كالجديد,"حديقة, شبابيك دبل غلاس, مصعد, بئر مياه خاص, حارس أمن",2025-12-02,بائع_89,994268137,سوق.كوم,سجل عقاري,كهرباء دولة,أرضي,33.510332,36.288843,1841,متوسطة-راقية,property_images/house_traditional.jpg,property_images/villa_modern.jpg|property_images/townhouse.jpg|property_images/apartment_kitchen.jpg
580,شقة في الشعلان,"شقة سكنية في بناء سكني في حي الشعلان - مساحة 149 م² - 4 غرف, 2 حمامات. الحالة: ممتاز. الملكية: بدون أوراق. الطابق: أول. المميزات: شقة مفروشة, بئر مياه خاص, طاقة شمسية, مرآب, بلكونة, كهرباء دولة",162600,الشعلان,149,4,2,شقة,ممتاز,"شقة مفروشة, بئر مياه خاص, طاقة شمسية, مرآب, بلكونة, كهرباء دولة",2026-04-03,بائع_109,981749114,سوق.كوم,بدون أوراق,كهرباء دولة,أول,33.507883,36.2858,1091,متوسطة-راقية,property_images/apartment_modern.jpg,property_images/apartment_luxury.jpg|property_images/bedroom.jpg|property_images/apartment_economy.jpg
581,شقة في الشعلان,"شقة سكنية في بناء سكني في حي الشعلان - مساحة 135 م² - 1 غرف, 2 حمامات. الحالة: كالجديد. الملكية: حكم محكمة. الطابق: خامس. المميزات: حديقة, غاز مركزي, إطلالة مفتوحة, بلكونة, تدفئة مركزية",275200,الشعلان,135,1,2,شقة,كالجديد,"حديقة, غاز مركزي, إطلالة مفتوحة, بلكونة, تدفئة مركزية",2026-04-08,بائع_54,939480320,إكار,حكم محكمة,طاقة شمسية,خامس,33.509916,36.291349,2039,متوسطة-راقية,property_images/apartment_street.jpg,property_images/townhouse.jpg|property_images/building_new_construction.jpg|property_images/bedroom.jpg
582,بيت عربي في الشعلان,"بيت عربي بقاعة داخلية واسعة في حي الشعلان - مساحة 179 م² - 3 غرف, 3 حمامات. الحالة: ممتاز. الملكية: طابو نظامي. الطابق: ملحق. المميزات: موقف سيارات, أثاث",307400,الشعلان,179,3,3,بيت عربي,ممتاز,"موقف سيارات, أثاث",2026-03-18,بائع_283,955769399,سوق.كوم,طابو نظامي,كهرباء دولة,ملحق,33.506817,36.287226,1717,متوسطة-راقية,property_images/house_traditional.jpg,property_images/duplex_interior.jpg|property_images/villa_modern.jpg|property_images/apartment_modern.jpg
583,شقة في الشعلان,"شقة سكنية في بناء سكني في حي الشعلان - مساحة 144 م² - 1 غرف, 2 حمامات. الحالة: جديد. الملكية: حكم محكمة. الطابق: أول. المميزات: تدفئة مركزية, حديقة",324200,الشعلان,144,1,2,شقة,جديد,"تدفئة مركزية, حديقة",2026-02-03,بائع_145,980624514,بيوتنا,حكم محكمة,طاقة شمسية,أول,33.508412,36.287857,2251,متوسطة-راقية,property_images/apartment_luxury.jpg,property_images/apartment_modern.jpg|property_images/apartment_interior.jpg|property_images/apartment_luxury.jpg
584,شقة في الشعلان,"شقة سكنية في بناء سكني في حي الشعلان - مساحة 66 م² - 2 غرف, 1 حمامات. الحالة: ممتاز. الملكية: سجل عقاري. الطابق: ثاني. المميزات: مرآب, شقة مفروشة, حارس أمن, إطلالة مفتوحة",97900,الشعلان,66,2,1,شقة,ممتاز,"مرآب, شقة مفروشة, حارس أمن, إطلالة مفتوحة",2026-01-03,بائع_20,967269054,بيوتنا,سجل عقاري,كهرباء دولة,ثاني,33.510781,36.28915,1483,متوسطة-راقية,property_images/apartment_modern.jpg,property_images/villa_interior.jpg|property_images/building_new_construction.jpg|property_images/apartment_modern.jpg
585,بيت قديم في الشعلان,"بيت تراثي دمشقي قديم في حي الشعلان - مساحة 117 م² - 4 غرف, 1 حمامات. الحالة: جديد. الملكية: حكم محكمة. الطابق: ملحق. المميزات: شارع رئيسي, مكيف, بلكونة",170200,الشعلان,117,4,1,بيت قديم,جديد,"شارع رئيسي, مكيف, بلكونة",2025-11-20,بائع_268,973569217,ماروتا سيتي,حكم محكمة,كهرباء دولة,ملحق,33.509014,36.286679,1455,متوسطة-راقية,property_images/house_traditional.jpg,property_images/apartment_luxury.jpg|property_images/apartment_interior.jpg|property_images/apartment_street.jpg
586,شقة في الشعلان,"شقة سكنية في بناء سكني في حي الشعلان - مساحة 144 م² - 4 غرف, 1 حمامات. الحالة: ممتاز. الملكية: حكم محكمة. الطابق: أول. المميزات: طاقة شمسية, أثاث, موقف سيارات, مكيف, أبواب حديدية",250100,الشعلان,144,4,1,شقة,ممتاز,"طاقة شمسية, أثاث, موقف سيارات, مكيف, أبواب حديدية",2026-02-15,بائع_281,941623147,سوق.كوم,حكم محكمة,طاقة شمسية,أول,33.509984,36.286948,1737,متوسطة-راقية,property_images/apartment_economy.jpg,property_images/apartment_luxury.jpg|property_images/villa_interior.jpg|property_images/apartment_economy.jpg
587,منزل في الشعلان,"منزل سكني عائلي في حي الشعلان - مساحة 80 م² - 2 غرف, 2 حمامات. الحالة: كالجديد. الملكية: طابو نظامي. الطابق: أول. المميزات: إنترنت, شارع رئيسي, موقف سيارات, قرب مستشفى, بلكونة, شبابيك دبل غلاس",171700,الشعلان,80,2,2,منزل,كالجديد,"إنترنت, شارع رئيسي, موقف سيارات, قرب مستشفى, بلكونة, شبابيك دبل غلاس",2026-01-12,بائع_72,945696360,دوشيش,طابو نظامي,غير محدد,أول,33.508042,36.286274,2146,متوسطة-راقية,property_images/townhouse.jpg,property_images/apartment_luxury.jpg|property_images/apartment_economy.jpg|property_images/building_needs_renovation.jpg
588,شقة في الشعلان,"شقة سكنية في بناء سكني في حي الشعلان - مساحة 144 م² - 2 غرف, 2 حمامات. الحالة: مقبول. الملكية: سجل عقاري. الطابق: أول. المميزات: شقة مفروشة, إطلالة مفتوحة, حديقة, إنترنت",165400,الشعلان,144,2,2,شقة,مقبول,"شقة مفروشة, إطلالة مفتوحة, حديقة, إنترنت",2026-02-27,بائع_22,937877039,ماروتا سيتي,سجل عقاري,غير محدد,أول,33.51112,36.289234,1149,متوسطة-راقية,property_images/apartment_kitchen.jpg,property_images/bedroom.jpg|property_images/building_new_construction.jpg|property_images/house_traditional.jpg
589,شقة في الشعلان,"شقة سكنية في بناء سكني في حي الشعلان - مساحة 143 م² - 1 غرف, 2 حمامات. الحالة: مقبول. الملكية: طابو أخضر. الطابق: سادس. المميزات: بلكونة, قرب مستشفى, غاز مركزي, موقف سيارات, طاقة شمسية",135400,الشعلان,143,1,2,شقة,مقبول,"بلكونة, قرب مستشفى, غاز مركزي, موقف سيارات, طاقة شمسية",2026-02-05,بائع_239,989773693,إكار,طابو أخضر,غير محدد,سادس,33.511424,36.288523,947,متوسطة-راقية,property_images/apartment_modern.jpg,property_images/apartment_street.jpg|property_images/villa_interior.jpg|property_images/duplex_interior.jpg
590,محل تجاري في الشعلان,"محل تجاري أو مكتب في حي الشعلان - مساحة 50 م², 1 حمامات. الحالة: جيد. الملكية: طابو أخضر. الطابق: أول. المميزات: أثاث, غاز مركزي, حديقة, موقف سيارات, قرب مستشفى",89500,الشعلان,50,0,1,محل تجاري,جيد,"أثاث, غاز مركزي, حديقة, موقف سيارات, قرب مستشفى",2025-11-07,بائع_244,944391897,دوشيش,طابو أخضر,غير محدد,أول,33.505448,36.288817,1790,متوسطة-راقية,property_images/building_new_construction.jpg,property_images/house_traditional.jpg|property_images/duplex_interior.jpg|property_images/bedroom.jpg
591,شقة في الشعلان,"شقة سكنية في بناء سكني في حي الشعلان - مساحة 83 م² - 2 غرف, 2 حمامات. الحالة: كالجديد. الملكية: سجل عقاري. الطابق: سابع. المميزات: تدفئة مركزية, إطلالة مفتوحة, غاز مركزي, شارع رئيسي, إنترنت, مرآب",105900,الشعلان,83,2,2,شقة,كالجديد,"تدفئة مركزية, إطلالة مفتوحة, غاز مركزي, شارع رئيسي, إنترنت, مرآب",2026-04-30,بائع_217,964364315,إمتلاك,سجل عقاري,"كهرباء دولة, طاقة شمسية",سابع,33.505955,36.290225,1276,متوسطة-راقية,property_images/apartment_modern.jpg,property_images/house_traditional.jpg|property_images/apartment_modern.jpg|property_images/apartment_street.jpg
592,شقة في الشعلان,"شقة سكنية في بناء سكني في حي الشعلان - مساحة 97 م² - 1 غرف, 2 حمامات. الحالة: كالجديد. الملكية: طابو نظامي. الطابق: أرضي. المميزات: مرآب, شقة مفروشة, أثاث, كهرباء دولة, بلكونة",235100,الشعلان,97,1,2,شقة,كالجديد,"مرآب, شقة مفروشة, أثاث, كهرباء دولة, بلكونة",2026-02-07,بائع_153,951308252,بيوت شام,طابو نظامي,كهرباء دولة,أرضي,33.507928,36.284585,2424,متوسطة-راقية,property_images/bedroom.jpg,property_images/duplex_interior.jpg|property_images/building_new_construction.jpg|property_images/building_needs_renovation.jpg
593,مكتب في الشعلان,"مكتب تجاري في حي الشعلان - مساحة 32 م², 1 حمامات. الحالة: جيد. الملكية: سجل عقاري. الطابق: أرضي. المميزات: إنترنت, قرب مستشفى, غاز مركزي, مصعد, أثاث",63400,الشعلان,32,0,1,مكتب,جيد,"إنترنت, قرب مستشفى, غاز مركزي, مصعد, أثاث",2026-03-29,بائع_166,970114875,بيوتنا,سجل عقاري,غير محدد,أرضي,33.508688,36.286903,1981,متوسطة-راقية,property_images/apartment_modern.jpg,property_images/house_traditional.jpg|property_images/apartment_modern.jpg|property_images/townhouse.jpg
594,محل تجاري في الشعلان,"محل تجاري أو مكتب في حي الشعلان - مساحة 64 م² - 1 غرف, 1 حمامات. الحالة: يحتاج ترميم. الملكية: سجل عقاري. الطابق: ثاني. المميزات: كهرباء دولة, شقة مفروشة, مصعد, شبابيك دبل غلاس, مكيف",84300,الشعلان,64,1,1,محل تجاري,يحتاج ترميم,"كهرباء دولة, شقة مفروشة, مصعد, شبابيك دبل غلاس, مكيف",2026-04-11,بائع_19,957881931,بيوتنا,سجل عقاري,كهرباء دولة,ثاني,33.511235,36.290897,1317,متوسطة-راقية,property_images/building_new_construction.jpg,property_images/building_new_construction.jpg|property_images/townhouse.jpg|property_images/duplex_interior.jpg
595,منزل في الشعلان,"منزل سكني عائلي في حي الشعلان - مساحة 143 م² - 5 غرف, 1 حمامات. الحالة: جيد. الملكية: طابو أخضر. الطابق: أول. المميزات: أثاث, شارع رئيسي, قرب مستشفى, مصعد",150100,الشعلان,143,5,1,منزل,جيد,"أثاث, شارع رئيسي, قرب مستشفى, مصعد",2026-02-16,بائع_258,945833287,دوشيش,طابو أخضر,طاقة شمسية,أول,33.508173,36.288521,1050,متوسطة-راقية,property_images/townhouse.jpg,property_images/villa_modern.jpg|property_images/apartment_kitchen.jpg|property_images/townhouse.jpg
596,بيت في الشعلان,"بيت سكني تقليدي في حي الشعلان - مساحة 81 م² - 2 غرف, 2 حمامات. الحالة: جيد. الملكية: سجل عقاري. الطابق: ثاني. المميزات: حديقة, حارس أمن, بلكونة, شبابيك دبل غلاس, مرآب, إنترنت",79900,الشعلان,81,2,2,بيت,جيد,"حديقة, حارس أمن, بلكونة, شبابيك دبل غلاس, مرآب, إنترنت",2026-01-14,بائع_196,966986142,إمتلاك,سجل عقاري,"كهرباء دولة, طاقة شمسية",ثاني,33.509688,36.287903,986,متوسطة-راقية,property_images/house_traditional.jpg,property_images/building_needs_renovation.jpg|property_images/villa_modern.jpg|property_images/house_traditional.jpg
597,بيت قديم في الشعلان,"بيت تراثي دمشقي قديم في حي الشعلان - مساحة 101 م² - 4 غرف, 1 حمامات. الحالة: ممتاز. الملكية: طابو نظامي. الطابق: ملحق. المميزات: حارس أمن, موقف سيارات",107700,الشعلان,101,4,1,بيت قديم,ممتاز,"حارس أمن, موقف سيارات",2026-04-09,بائع_255,999204545,إمتلاك,طابو نظامي,كهرباء دولة,ملحق,33.508539,36.286152,1066,متوسطة-راقية,property_images/building_needs_renovation.jpg,property_images/apartment_street.jpg|property_images/house_traditional.jpg|property_images/apartment_interior.jpg
598,منزل في الشعلان,"منزل سكني عائلي في حي الشعلان - مساحة 200 م² - 4 غرف, 2 حمامات. الحالة: جيد. الملكية: طابو أخضر. الطابق: أول. المميزات: طاقة شمسية, شبابيك دبل غلاس, قرب مدرسة",347700,الشعلان,200,4,2,منزل,جيد,"طاقة شمسية, شبابيك دبل غلاس, قرب مدرسة",2026-04-04,بائع_180,989532993,ماروتا سيتي,طابو أخضر,كهرباء دولة,أول,33.505308,36.286141,1738,متوسطة-راقية,property_images/duplex_interior.jpg,property_images/bedroom.jpg|property_images/building_new_construction.jpg|property_images/apartment_interior.jpg
599,بيت في الشعلان,"بيت سكني تقليدي في حي الشعلان - مساحة 65 م² - 2 غرف, 1 حمامات. الحالة: مقبول. الملكية: سجل عقاري. الطابق: أرضي. المميزات: بئر مياه خاص, كهرباء دولة, إطلالة مفتوحة, شارع رئيسي, مرآب, طاقة شمسية",59800,الشعلان,65,2,1,بيت,مقبول,"بئر مياه خاص, كهرباء دولة, إطلالة مفتوحة, شارع رئيسي, مرآب, طاقة شمسية",2026-05-02,بائع_14,949928909,بيوت شام,سجل عقاري,غير محدد,أرضي,33.508833,36.285101,920,متوسطة-راقية,property_images/house_traditional.jpg,property_images/apartment_luxury.jpg|property_images/villa_modern.jpg|property_images/duplex_interior.jpg
600,محل تجاري في الشعلان,"محل تجاري أو مكتب في حي الشعلان - مساحة 36 م² - 1 غرف, 1 حمامات. الحالة: جيد. الملكية: حكم محكمة. الطابق: ثاني. المميزات: قرب مستشفى, مرآب, طاقة شمسية",47500,الشعلان,36,1,1,محل تجاري,جيد,"قرب مستشفى, مرآب, طاقة شمسية",2025-11-22,بائع_202,936940257,إكار,حكم محكمة,طاقة شمسية,ثاني,33.509415,36.288139,1319,متوسطة-راقية,property_images/building_new_construction.jpg,property_images/apartment_luxury.jpg|property_images/bedroom.jpg|property_images/building_needs_renovation.jpg
601,منزل في الشعلان,"منزل سكني عائلي في حي الشعلان - مساحة 127 م² - 3 غرف, 2 حمامات. الحالة: يحتاج ترميم. الملكية: سجل عقاري. الطابق: أرضي. المميزات: شقة مفروشة, بلكونة, مرآب, طاقة شمسية",130000,الشعلان,127,3,2,منزل,يحتاج ترميم,"شقة مفروشة, بلكونة, مرآب, طاقة شمسية",2026-04-05,بائع_296,980983981,ماروتا سيتي,سجل عقاري,طاقة شمسية,أرضي,33.507907,36.287457,1024,متوسطة-راقية,property_images/house_traditional.jpg,property_images/building_needs_renovation.jpg|property_images/townhouse.jpg|property_images/apartment_kitchen.jpg
602,بيت في الشعلان,"بيت سكني تقليدي في حي الشعلان - مساحة 160 م² - 2 غرف, 1 حمامات. الحالة: ممتاز. الملكية: حكم محكمة. الطابق: سادس. المميزات: موقف سيارات, مصعد",276800,الشعلان,160,2,1,بيت,ممتاز,"موقف سيارات, مصعد",2026-03-27,بائع_15,999182598,إكار,حكم محكمة,كهرباء دولة,سادس,33.506401,36.289659,1730,متوسطة-راقية,property_images/house_traditional.jpg,property_images/building_needs_renovation.jpg|property_images/house_traditional.jpg|property_images/apartment_luxury.jpg
603,شقة في الشعلان,"شقة سكنية في بناء سكني في حي الشعلان - مساحة 148 م² - 4 غرف, 2 حمامات. الحالة: جيد. الملكية: طابو أخضر. الطابق: ثالث. المميزات: طاقة شمسية, شارع رئيسي, بئر مياه خاص",171600,الشعلان,148,4,2,شقة,جيد,"طاقة شمسية, شارع رئيسي, بئر مياه خاص",2026-01-29,بائع_134,936388321,سوق.كوم,طابو أخضر,"كهرباء دولة, طاقة شمسية",ثالث,33.510638,36.291076,1159,متوسطة-راقية,property_images/apartment_modern.jpg,property_images/apartment_modern.jpg|property_images/apartment_economy.jpg|property_images/townhouse.jpg
604,مكتب في الشعلان,"مكتب تجاري في حي الشعلان - مساحة 32 م², 1 حمامات. الحالة: جيد. الملكية: حكم محكمة. الطابق: أرضي. المميزات: شبابيك دبل غلاس, إطلالة مفتوحة",41200,الشعلان,32,0,1,مكتب,جيد,"شبابيك دبل غلاس, إطلالة مفتوحة",2026-03-20,بائع_48,939618253,ماروتا سيتي,حكم محكمة,"كهرباء دولة, طاقة شمسية",أرضي,33.511035,36.288543,1288,متوسطة-راقية,property_images/apartment_modern.jpg,property_images/apartment_modern.jpg|property_images/apartment_kitchen.jpg|property_images/house_traditional.jpg
605,شقة في الشعلان,"شقة سكنية في بناء سكني في حي الشعلان - مساحة 139 م² - 4 غرف, 1 حمامات. الحالة: مقبول. الملكية: سجل عقاري. الطابق: سادس. المميزات: موقف سيارات, أبواب حديدية, شارع رئيسي, أثاث, مرآب",185500,الشعلان,139,4,1,شقة,مقبول,"موقف سيارات, أبواب حديدية, شارع رئيسي, أثاث, مرآب",2026-01-10,بائع_83,953413267,سوق.كوم,سجل عقاري,غير محدد,سادس,33.509781,36.285347,1335,متوسطة-راقية,property_images/apartment_interior.jpg,property_images/house_traditional.jpg|property_images/apartment_kitchen.jpg|property_images/townhouse.jpg
606,محل تجاري في الشعلان,"محل تجاري أو مكتب في حي الشعلان - مساحة 86 م², 1 حمامات. الحالة: جيد. الملكية: حكم محكمة. الطابق: أرضي. المميزات: إنترنت, أبواب حديدية, قرب مدرسة, مصعد",176300,الشعلان,86,0,1,محل تجاري,جيد,"إنترنت, أبواب حديدية, قرب مدرسة, مصعد",2026-04-04,بائع_99,933661988,سوق.كوم,حكم محكمة,"كهرباء دولة, طاقة شمسية",أرضي,33.508541,36.287913,2050,متوسطة-راقية,property_images/building_new_construction.jpg,property_images/apartment_interior.jpg|property_images/townhouse.jpg|property_images/duplex_interior.jpg
607,منزل في الشعلان,"منزل سكني عائلي في حي الشعلان - مساحة 91 م² - 4 غرف, 1 حمامات. الحالة: مقبول. الملكية: طابو نظامي. الطابق: أرضي. المميزات: مصعد, حديقة, مكيف",125100,الشعلان,91,4,1,منزل,مقبول,"مصعد, حديقة, مكيف",2026-04-03,بائع_138,965604967,بيوتنا,طابو نظامي,كهرباء دولة,أرضي,33.510144,36.287876,1375,متوسطة-راقية,property_images/townhouse.jpg,property_images/villa_interior.jpg|property_images/townhouse.jpg|property_images/apartment_luxury.jpg
608,مكتب في الشعلان,"مكتب تجاري في حي الشعلان - مساحة 77 م², 1 حمامات. الحالة: ممتاز. الملكية: حكم محكمة. الطابق: أول. المميزات: أبواب حديدية, مرآب, شقة مفروشة, غاز مركزي, أثاث",126300,الشعلان,77,0,1,مكتب,ممتاز,"أبواب حديدية, مرآب, شقة مفروشة, غاز مركزي, أثاث",2026-02-23,بائع_202,943711999,ماروتا سيتي,حكم محكمة,كهرباء دولة,أول,33.510129,36.285961,1640,متوسطة-راقية,property_images/apartment_modern.jpg,property_images/bedroom.jpg|property_images/house_traditional.jpg|property_images/apartment_luxury.jpg
609,بيت عربي في الشعلان,"بيت عربي بقاعة داخلية واسعة في حي الشعلان - مساحة 178 م² - 5 غرف, 2 حمامات. الحالة: ممتاز. الملكية: كاتب عدل. الطابق: ملحق. المميزات: مرآب, إطلالة مفتوحة, كهرباء دولة, حديقة, حارس أمن",247200,الشعلان,178,5,2,بيت عربي,ممتاز,"مرآب, إطلالة مفتوحة, كهرباء دولة, حديقة, حارس أمن",2026-02-04,بائع_192,938571233,بيوتنا,كاتب عدل,"كهرباء دولة, طاقة شمسية",ملحق,33.509451,36.287261,1389,متوسطة-راقية,property_images/house_traditional.jpg,property_images/townhouse.jpg|property_images/apartment_luxury.jpg|property_images/bedroom.jpg
610,محل تجاري في الشعلان,"محل تجاري أو مكتب في حي الشعلان - مساحة 56 م² - 1 غرف, 1 حمامات. الحالة: يحتاج ترميم. الملكية: طابو نظامي. الطابق: أرضي. المميزات: شارع رئيسي, شقة مفروشة, إنترنت, غاز مركزي, مصعد, حارس أمن",82100,الشعلان,56,1,1,محل تجاري,يحتاج ترميم,"شارع رئيسي, شقة مفروشة, إنترنت, غاز مركزي, مصعد, حارس أمن",2026-03-19,بائع_184,961176168,بيوتنا,طابو نظامي,غير محدد,أرضي,33.508126,36.284787,1466,متوسطة-راقية,property_images/building_new_construction.jpg,property_images/apartment_modern.jpg|property_images/apartment_economy.jpg|property_images/apartment_interior.jpg
611,بيت في الشعلان,"بيت سكني تقليدي في حي الشعلان - مساحة 162 م² - 1 غرف, 1 حمامات. الحالة: ممتاز. الملكية: كاتب عدل. الطابق: خامس. المميزات: مصعد, حديقة, أثاث, شبابيك دبل غلاس",282100,الشعلان,162,1,1,بيت,ممتاز,"مصعد, حديقة, أثاث, شبابيك دبل غلاس",2026-01-27,بائع_146,957652874,بيوتنا,كاتب عدل,غير محدد,خامس,33.506415,36.289379,1741,متوسطة-راقية,property_images/house_traditional.jpg,property_images/house_traditional.jpg|property_images/villa_interior.jpg|property_images/apartment_modern.jpg
612,شقة في الشعلان,"شقة سكنية في بناء سكني في حي الشعلان - مساحة 102 م² - 1 غرف, 2 حمامات. الحالة: ممتاز. الملكية: حكم محكمة. الطابق: سابع. المميزات: حديقة, شارع رئيسي, أثاث, قرب مستشفى, تدفئة مركزية",171900,الشعلان,102,1,2,شقة,ممتاز,"حديقة, شارع رئيسي, أثاث, قرب مستشفى, تدفئة مركزية",2026-01-18,بائع_62,945574779,بيوتنا,حكم محكمة,كهرباء دولة,سابع,33.509588,36.287531,1685,متوسطة-راقية,property_images/apartment_luxury.jpg,property_images/apartment_modern.jpg|property_images/apartment_kitchen.jpg|property_images/villa_modern.jpg
613,بيت في الشعلان,"بيت سكني تقليدي في حي الشعلان - مساحة 86 م² - 1 غرف, 2 حمامات. الحالة: جيد. الملكية: طابو نظامي. الطابق: أرضي. المميزات: شارع رئيسي, قرب مستشفى",95000,الشعلان,86,1,2,بيت,جيد,"شارع رئيسي, قرب مستشفى",2026-01-22,بائع_19,998653138,سوق.كوم,طابو نظامي,طاقة شمسية,أرضي,33.507168,36.286336,1105,متوسطة-راقية,property_images/building_needs_renovation.jpg,property_images/apartment_kitchen.jpg|property_images/house_traditional.jpg|property_images/villa_interior.jpg
614,شقة في الشعلان,"شقة سكنية في بناء سكني في حي الشعلان - مساحة 117 م² - 4 غرف, 2 حمامات. الحالة: جديد. الملكية: سجل عقاري. الطابق: ملحق. المميزات: حديقة, إنترنت, غاز مركزي, موقف سيارات",192000,الشعلان,117,4,2,شقة,جديد,"حديقة, إنترنت, غاز مركزي, موقف سيارات",2026-04-23,بائع_202,968830288,دوشيش,سجل عقاري,غير محدد,ملحق,33.510364,36.290974,1641,متوسطة-راقية,property_images/apartment_street.jpg,property_images/apartment_kitchen.jpg|property_images/townhouse.jpg|property_images/apartment_modern.jpg
615,منزل في الشعلان,"منزل سكني عائلي في حي الشعلان - مساحة 133 م² - 4 غرف, 3 حمامات. الحالة: جيد. الملكية: بدون أوراق. الطابق: أرضي. المميزات: مصعد, طاقة شمسية",148800,الشعلان,133,4,3,منزل,جيد,"مصعد, طاقة شمسية",2026-02-12,بائع_224,958278458,سوق.كوم,بدون أوراق,طاقة شمسية,أرضي,33.509999,36.288944,1119,متوسطة-راقية,property_images/house_traditional.jpg,property_images/villa_interior.jpg|property_images/villa_modern.jpg|property_images/apartment_street.jpg
616,شقة في الشعلان,"شقة سكنية في بناء سكني في حي الشعلان - مساحة 122 م² - 1 غرف, 1 حمامات. الحالة: يحتاج ترميم. الملكية: سجل عقاري. الطابق: أول. المميزات: تدفئة مركزية, حارس أمن, شارع رئيسي, بئر مياه خاص",146000,الشعلان,122,1,1,شقة,يحتاج ترميم,"تدفئة مركزية, حارس أمن, شارع رئيسي, بئر مياه خاص",2026-01-28,بائع_139,951244455,إكار,سجل عقاري,كهرباء دولة,أول,33.509964,36.285525,1197,متوسطة-راقية,property_images/apartment_street.jpg,property_images/townhouse.jpg|property_images/duplex_interior.jpg|property_images/apartment_modern.jpg
617,منزل في مشروع دمر,"منزل سكني عائلي في حي مشروع دمر - مساحة 199 م² - 5 غرف, 3 حمامات. الحالة: كالجديد. الملكية: كاتب عدل. الطابق: ملحق. المميزات: حارس أمن, شقة مفروشة, إطلالة مفتوحة, طاقة شمسية, أبواب حديدية",291100,مشروع دمر,199,5,3,منزل,كالجديد,"حارس أمن, شقة مفروشة, إطلالة مفتوحة, طاقة شمسية, أبواب حديدية",2026-01-02,بائع_116,941376626,ماروتا سيتي,كاتب عدل,"كهرباء دولة, طاقة شمسية",ملحق,33.500473,36.315076,1463,متوسطة,property_images/duplex_interior.jpg,property_images/bedroom.jpg|property_images/apartment_street.jpg|property_images/townhouse.jpg
618,شقة في مشروع دمر,"شقة سكنية في بناء سكني في حي مشروع دمر - مساحة 143 م² - 2 غرف, 1 حمامات. الحالة: جديد. الملكية: حكم محكمة. الطابق: أرضي. المميزات: موقف سيارات, أبواب حديدية",197800,مشروع دمر,143,2,1,شقة,جديد,"موقف سيارات, أبواب حديدية",2026-01-06,بائع_198,954611333,سوق.كوم,حكم محكمة,كهرباء دولة,أرضي,33.504146,36.319728,1383,متوسطة,property_images/apartment_street.jpg,property_images/apartment_interior.jpg|property_images/house_traditional.jpg|property_images/townhouse.jpg
619,شقة في مشروع دمر,"شقة سكنية في بناء سكني في حي مشروع دمر - مساحة 92 م² - 3 غرف, 2 حمامات. الحالة: مقبول. الملكية: كاتب عدل. الطابق: ثالث. المميزات: شارع رئيسي, مكيف, شقة مفروشة, حارس أمن, إطلالة مفتوحة",63800,مشروع دمر,92,3,2,شقة,مقبول,"شارع رئيسي, مكيف, شقة مفروشة, حارس أمن, إطلالة مفتوحة",2026-01-10,بائع_263,955917911,دوشيش,كاتب عدل,غير محدد,ثالث,33.502608,36.316443,693,متوسطة,property_images/apartment_kitchen.jpg,property_images/bedroom.jpg|property_images/house_traditional.jpg|property_images/apartment_interior.jpg
620,شقة في مشروع دمر,"شقة سكنية في بناء سكني في حي مشروع دمر - مساحة 111 م² - 3 غرف, 1 حمامات. الحالة: ممتاز. الملكية: طابو أخضر. الطابق: ثالث. المميزات: شبابيك دبل غلاس, حارس أمن, إطلالة مفتوحة",178000,مشروع دمر,111,3,1,شقة,ممتاز,"شبابيك دبل غلاس, حارس أمن, إطلالة مفتوحة",2026-02-26,بائع_15,990794037,إكار,طابو أخضر,كهرباء دولة,ثالث,33.499323,36.316386,1604,متوسطة,property_images/apartment_luxury.jpg,property_images/bedroom.jpg|property_images/apartment_modern.jpg|property_images/apartment_economy.jpg
621,منزل في مشروع دمر,"منزل سكني عائلي في حي مشروع دمر - مساحة 132 م² - 2 غرف, 2 حمامات. الحالة: ممتاز. الملكية: بدون أوراق. الطابق: ملحق. المميزات: أثاث, مكيف, غاز مركزي, شقة مفروشة, مرآب",155200,مشروع دمر,132,2,2,منزل,ممتاز,"أثاث, مكيف, غاز مركزي, شقة مفروشة, مرآب",2026-01-31,بائع_51,936780129,دوشيش,بدون أوراق,كهرباء دولة,ملحق,33.505985,36.313467,1176,متوسطة,property_images/townhouse.jpg,property_images/villa_interior.jpg|property_images/duplex_interior.jpg|property_images/apartment_modern.jpg
622,بيت قديم في مشروع دمر,"بيت تراثي دمشقي قديم في حي مشروع دمر - مساحة 80 م² - 3 غرف, 1 حمامات. الحالة: ممتاز. الملكية: طابو نظامي. الطابق: ملحق. المميزات: كهرباء دولة, شقة مفروشة, أبواب حديدية, إطلالة مفتوحة, مرآب, حارس أمن",87800,مشروع دمر,80,3,1,بيت قديم,ممتاز,"كهرباء دولة, شقة مفروشة, أبواب حديدية, إطلالة مفتوحة, مرآب, حارس أمن",2026-04-07,بائع_113,944155718,سوق.كوم,طابو نظامي,"كهرباء دولة, طاقة شمسية",ملحق,33.501226,36.314909,1098,متوسطة,property_images/building_needs_renovation.jpg,property_images/apartment_modern.jpg|property_images/building_needs_renovation.jpg|property_images/apartment_street.jpg
623,منزل في مشروع دمر,"منزل سكني عائلي في حي مشروع دمر - مساحة 161 م² - 4 غرف, 1 حمامات. الحالة: كالجديد. الملكية: سجل عقاري. الطابق: أول. المميزات: غاز مركزي, شارع رئيسي, إطلالة مفتوحة, حارس أمن, طاقة شمسية, كهرباء دولة",129200,مشروع دمر,161,4,1,منزل,كالجديد,"غاز مركزي, شارع رئيسي, إطلالة مفتوحة, حارس أمن, طاقة شمسية, كهرباء دولة",2026-02-06,بائع_148,966869531,سوق.كوم,سجل عقاري,كهرباء دولة,أول,33.501972,36.313621,802,متوسطة,property_images/house_traditional.jpg,property_images/duplex_interior.jpg|property_images/building_new_construction.jpg|property_images/villa_modern.jpg
624,شقة في مشروع دمر,"شقة سكنية في بناء سكني في حي مشروع دمر - مساحة 102 م² - 4 غرف, 2 حمامات. الحالة: جيد. الملكية: حكم محكمة. الطابق: ثاني. المميزات: بلكونة, حديقة, موقف سيارات",140000,مشروع دمر,102,4,2,شقة,جيد,"بلكونة, حديقة, موقف سيارات",2026-03-30,بائع_7,990548709,بيوت شام,حكم محكمة,كهرباء دولة,ثاني,33.499487,36.316626,1373,متوسطة,property_images/apartment_modern.jpg,property_images/apartment_interior.jpg|property_images/apartment_luxury.jpg|property_images/building_needs_renovation.jpg
625,شقة في مشروع دمر,"شقة سكنية في بناء سكني في حي مشروع دمر - مساحة 110 م² - 2 غرف, 1 حمامات. الحالة: يحتاج ترميم. الملكية: كاتب عدل. الطابق: سابع. المميزات: إنترنت, أبواب حديدية, قرب مستشفى, مصعد, إطلالة مفتوحة, طاقة شمسية",81300,مشروع دمر,110,2,1,شقة,يحتاج ترميم,"إنترنت, أبواب حديدية, قرب مستشفى, مصعد, إطلالة مفتوحة, طاقة شمسية",2025-12-11,بائع_149,959650784,إكار,كاتب عدل,كهرباء دولة,سابع,33.503581,36.31568,739,متوسطة,property_images/apartment_street.jpg,property_images/apartment_street.jpg|property_images/apartment_modern.jpg|property_images/house_traditional.jpg
626,شقة في مشروع دمر,"شقة سكنية في بناء سكني في حي مشروع دمر - مساحة 139 م² - 3 غرف, 2 حمامات. الحالة: كالجديد. الملكية: طابو أخضر. الطابق: رابع. المميزات: أبواب حديدية, إنترنت, قرب مدرسة, كهرباء دولة, شارع رئيسي",227600,مشروع دمر,139,3,2,شقة,كالجديد,"أبواب حديدية, إنترنت, قرب مدرسة, كهرباء دولة, شارع رئيسي",2026-02-04,بائع_155,972642985,ماروتا سيتي,طابو أخضر,"كهرباء دولة, طاقة شمسية",رابع,33.501337,36.313776,1637,متوسطة,property_images/apartment_interior.jpg,property_images/apartment_modern.jpg|property_images/apartment_street.jpg|property_images/apartment_interior.jpg
627,بيت في مشروع دمر,"بيت سكني تقليدي في حي مشروع دمر - مساحة 77 م² - 2 غرف, 1 حمامات. الحالة: مقبول. الملكية: كاتب عدل. الطابق: ثالث. المميزات: شقة مفروشة, مصعد, مكيف, مرآب",51800,مشروع دمر,77,2,1,بيت,مقبول,"شقة مفروشة, مصعد, مكيف, مرآب",2025-12-29,بائع_16,961705640,إمتلاك,كاتب عدل,طاقة شمسية,ثالث,33.507898,36.317489,673,متوسطة,property_images/house_traditional.jpg,property_images/building_new_construction.jpg|property_images/apartment_kitchen.jpg|property_images/bedroom.jpg
628,بيت قديم في مشروع دمر,"بيت تراثي دمشقي قديم في حي مشروع دمر - مساحة 52 م² - 2 غرف, 1 حمامات. الحالة: ممتاز. الملكية: طابو نظامي. الطابق: ملحق. المميزات: شارع رئيسي, حارس أمن, كهرباء دولة, قرب مدرسة, شبابيك دبل غلاس",37000,مشروع دمر,52,2,1,بيت قديم,ممتاز,"شارع رئيسي, حارس أمن, كهرباء دولة, قرب مدرسة, شبابيك دبل غلاس",2026-02-05,بائع_170,980717766,دوشيش,طابو نظامي,كهرباء دولة,ملحق,33.502964,36.316095,712,متوسطة,property_images/building_needs_renovation.jpg,property_images/house_traditional.jpg|property_images/villa_interior.jpg|property_images/apartment_interior.jpg
629,مكتب في مشروع دمر,"مكتب تجاري في حي مشروع دمر - مساحة 65 م², 1 حمامات. الحالة: ممتاز. الملكية: طابو أخضر. الطابق: أرضي. المميزات: حارس أمن, مرآب, شبابيك دبل غلاس, إنترنت, بئر مياه خاص, شارع رئيسي",85800,مشروع دمر,65,0,1,مكتب,ممتاز,"حارس أمن, مرآب, شبابيك دبل غلاس, إنترنت, بئر مياه خاص, شارع رئيسي",2026-01-06,بائع_77,996403858,إكار,طابو أخضر,كهرباء دولة,أرضي,33.501749,36.315656,1320,متوسطة,property_images/apartment_modern.jpg,property_images/house_traditional.jpg|property_images/apartment_luxury.jpg|property_images/apartment_street.jpg
630,منزل في مشروع دمر,"منزل سكني عائلي في حي مشروع دمر - مساحة 163 م² - 2 غرف, 2 حمامات. الحالة: كالجديد. الملكية: سجل عقاري. الطابق: أرضي. المميزات: شبابيك دبل غلاس, تدفئة مركزية",119300,مشروع دمر,163,2,2,منزل,كالجديد,"شبابيك دبل غلاس, تدفئة مركزية",2026-04-22,بائع_251,969105337,دوشيش,سجل عقاري,كهرباء دولة,أرضي,33.50154,36.313297,732,متوسطة,property_images/duplex_interior.jpg,property_images/apartment_street.jpg|property_images/duplex_interior.jpg|property_images/apartment_modern.jpg
631,شقة في مشروع دمر,"شقة سكنية في بناء سكني في حي مشروع دمر - مساحة 126 م² - 2 غرف, 2 حمامات. الحالة: مقبول. الملكية: طابو أخضر. الطابق: رابع. المميزات: شقة مفروشة, قرب مدرسة, مكيف, موقف سيارات",165100,مشروع دمر,126,2,2,شقة,مقبول,"شقة مفروشة, قرب مدرسة, مكيف, موقف سيارات",2026-01-15,بائع_300,940404928,بيوتنا,طابو أخضر,كهرباء دولة,رابع,33.502735,36.314373,1310,متوسطة,property_images/apartment_interior.jpg,property_images/townhouse.jpg|property_images/duplex_interior.jpg|property_images/villa_interior.jpg
632,شقة في مشروع دمر,"شقة سكنية في بناء سكني في حي مشروع دمر - مساحة 152 م² - 4 غرف, 2 حمامات. الحالة: يحتاج ترميم. الملكية: طابو نظامي. الطابق: سادس. المميزات: حارس أمن, كهرباء دولة, بئر مياه خاص, قرب مستشفى, بلكونة",135800,مشروع دمر,152,4,2,شقة,يحتاج ترميم,"حارس أمن, كهرباء دولة, بئر مياه خاص, قرب مستشفى, بلكونة",2025-12-08,بائع_72,955362165,بيوتنا,طابو نظامي,طاقة شمسية,سادس,33.50284,36.316214,893,متوسطة,property_images/apartment_interior.jpg,property_images/apartment_economy.jpg|property_images/house_traditional.jpg|property_images/apartment_kitchen.jpg
633,منزل في مشروع دمر,"منزل سكني عائلي في حي مشروع دمر - مساحة 252 م² - 4 غرف, 3 حمامات. الحالة: كالجديد. الملكية: طابو نظامي. الطابق: أرضي. المميزات: قرب مدرسة, بلكونة, غاز مركزي, مرآب, حارس أمن",261500,مشروع دمر,252,4,3,منزل,كالجديد,"قرب مدرسة, بلكونة, غاز مركزي, مرآب, حارس أمن",2025-12-28,بائع_184,989471399,دوشيش,طابو نظامي,كهرباء دولة,أرضي,33.502947,36.313147,1038,متوسطة,property_images/house_traditional.jpg,property_images/building_needs_renovation.jpg|property_images/bedroom.jpg|property_images/townhouse.jpg
634,منزل في مشروع دمر,"منزل سكني عائلي في حي مشروع دمر - مساحة 184 م² - 2 غرف, 2 حمامات. الحالة: يحتاج ترميم. الملكية: سجل عقاري. الطابق: أول. المميزات: مكيف, إطلالة مفتوحة",112900,مشروع دمر,184,2,2,منزل,يحتاج ترميم,"مكيف, إطلالة مفتوحة",2026-01-30,بائع_66,999693047,بيوت شام,سجل عقاري,غير محدد,أول,33.501165,36.31441,614,متوسطة,property_images/duplex_interior.jpg,property_images/bedroom.jpg|property_images/duplex_interior.jpg|property_images/house_traditional.jpg
635,شقة في مشروع دمر,"شقة سكنية في بناء سكني في حي مشروع دمر - مساحة 154 م² - 1 غرف, 2 حمامات. الحالة: مقبول. الملكية: طابو أخضر. الطابق: خامس. المميزات: شبابيك دبل غلاس, تدفئة مركزية, موقف سيارات, إطلالة مفتوحة, كهرباء دولة, حارس أمن",177400,مشروع دمر,154,1,2,شقة,مقبول,"شبابيك دبل غلاس, تدفئة مركزية, موقف سيارات, إطلالة مفتوحة, كهرباء دولة, حارس أمن",2025-12-12,بائع_247,972163821,سوق.كوم,طابو أخضر,كهرباء دولة,خامس,33.499509,36.31511,1152,متوسطة,property_images/apartment_economy.jpg,property_images/duplex_interior.jpg|property_images/apartment_kitchen.jpg|property_images/villa_interior.jpg
636,بيت قديم في مشروع دمر,"بيت تراثي دمشقي قديم في حي مشروع دمر - مساحة 75 م² - 2 غرف, 1 حمامات. الحالة: جيد. الملكية: حكم محكمة. الطابق: أول. المميزات: مكيف, قرب مدرسة, أبواب حديدية, شارع رئيسي, طاقة شمسية, إطلالة مفتوحة",46400,مشروع دمر,75,2,1,بيت قديم,جيد,"مكيف, قرب مدرسة, أبواب حديدية, شارع رئيسي, طاقة شمسية, إطلالة مفتوحة",2026-05-04,بائع_249,955220280,سوق.كوم,حكم محكمة,غير محدد,أول,33.501566,36.314383,619,متوسطة,property_images/house_traditional.jpg,property_images/apartment_luxury.jpg|property_images/villa_modern.jpg|property_images/building_new_construction.jpg
637,شقة في مشروع دمر,"شقة سكنية في بناء سكني في حي مشروع دمر - مساحة 204 م² - 1 غرف, 1 حمامات. الحالة: جيد. الملكية: طابو أخضر. الطابق: ملحق. المميزات: حارس أمن, أبواب حديدية, مصعد",250100,مشروع دمر,204,1,1,شقة,جيد,"حارس أمن, أبواب حديدية, مصعد",2026-04-04,بائع_154,981607216,بيوتنا,طابو أخضر,"كهرباء دولة, طاقة شمسية",ملحق,33.499245,36.31387,1226,متوسطة,property_images/apartment_economy.jpg,property_images/apartment_interior.jpg|property_images/duplex_interior.jpg|property_images/apartment_modern.jpg
638,محل تجاري في مشروع دمر,"محل تجاري أو مكتب في حي مشروع دمر - مساحة 85 م² - 1 غرف, 1 حمامات. الحالة: مقبول. الملكية: سجل عقاري. الطابق: أرضي. المميزات: مكيف, مصعد, بلكونة, شارع رئيسي, طاقة شمسية",122000,مشروع دمر,85,1,1,محل تجاري,مقبول,"مكيف, مصعد, بلكونة, شارع رئيسي, طاقة شمسية",2026-03-15,بائع_244,991404124,بيوت شام,سجل عقاري,كهرباء دولة,أرضي,33.498828,36.31124,1435,متوسطة,property_images/building_new_construction.jpg,property_images/villa_modern.jpg|property_images/apartment_interior.jpg|property_images/house_traditional.jpg
639,بيت في مشروع دمر,"بيت سكني تقليدي في حي مشروع دمر - مساحة 166 م² - 3 غرف, 2 حمامات. الحالة: يحتاج ترميم. الملكية: سجل عقاري. الطابق: ثاني. المميزات: غاز مركزي, حارس أمن, شبابيك دبل غلاس, مرآب, قرب مدرسة",118100,مشروع دمر,166,3,2,بيت,يحتاج ترميم,"غاز مركزي, حارس أمن, شبابيك دبل غلاس, مرآب, قرب مدرسة",2025-12-12,بائع_200,931708738,بيوت شام,سجل عقاري,كهرباء دولة,ثاني,33.500263,36.316069,711,متوسطة,property_images/house_traditional.jpg,property_images/duplex_interior.jpg|property_images/house_traditional.jpg|property_images/apartment_economy.jpg
640,شقة في مشروع دمر,"شقة سكنية في بناء سكني في حي مشروع دمر - مساحة 55 م² - 1 غرف, 1 حمامات. الحالة: جيد. الملكية: حكم محكمة. الطابق: أرضي. المميزات: مكيف, شبابيك دبل غلاس, إطلالة مفتوحة, كهرباء دولة",59400,مشروع دمر,55,1,1,شقة,جيد,"مكيف, شبابيك دبل غلاس, إطلالة مفتوحة, كهرباء دولة",2025-12-28,بائع_108,974840530,إكار,حكم محكمة,غير محدد,أرضي,33.502656,36.316849,1080,متوسطة,property_images/bedroom.jpg,property_images/duplex_interior.jpg|property_images/villa_interior.jpg|property_images/apartment_luxury.jpg
641,شقة في مشروع دمر,"شقة سكنية في بناء سكني في حي مشروع دمر - مساحة 84 م² - 3 غرف, 2 حمامات. الحالة: جديد. الملكية: حكم محكمة. الطابق: سابع. المميزات: مكيف, كهرباء دولة, بئر مياه خاص, غاز مركزي, موقف سيارات",122900,مشروع دمر,84,3,2,شقة,جديد,"مكيف, كهرباء دولة, بئر مياه خاص, غاز مركزي, موقف سيارات",2025-11-18,بائع_93,994913063,إمتلاك,حكم محكمة,كهرباء دولة,سابع,33.500149,36.315511,1463,متوسطة,property_images/bedroom.jpg,property_images/villa_interior.jpg|property_images/apartment_modern.jpg|property_images/apartment_kitchen.jpg
642,منزل في مشروع دمر,"منزل سكني عائلي في حي مشروع دمر - مساحة 119 م² - 4 غرف, 3 حمامات. الحالة: كالجديد. الملكية: طابو نظامي. الطابق: أرضي. المميزات: غاز مركزي, موقف سيارات, تدفئة مركزية, مصعد, بلكونة, طاقة شمسية",144700,مشروع دمر,119,4,3,منزل,كالجديد,"غاز مركزي, موقف سيارات, تدفئة مركزية, مصعد, بلكونة, طاقة شمسية",2025-11-13,بائع_244,971896822,بيوتنا,طابو نظامي,غير محدد,أرضي,33.500008,36.316302,1216,متوسطة,property_images/duplex_interior.jpg,property_images/house_traditional.jpg|property_images/villa_modern.jpg|property_images/apartment_kitchen.jpg
643,مكتب في مشروع دمر,"مكتب تجاري في حي مشروع دمر - مساحة 72 م², 1 حمامات. الحالة: مقبول. الملكية: حكم محكمة. الطابق: أول. المميزات: بلكونة, غاز مركزي",70900,مشروع دمر,72,0,1,مكتب,مقبول,"بلكونة, غاز مركزي",2026-03-02,بائع_59,934987936,إمتلاك,حكم محكمة,طاقة شمسية,أول,33.502076,36.312103,985,متوسطة,property_images/apartment_interior.jpg,property_images/apartment_economy.jpg|property_images/bedroom.jpg|property_images/villa_interior.jpg
644,شقة في مشروع دمر,"شقة سكنية في بناء سكني في حي مشروع دمر - مساحة 109 م² - 1 غرف, 1 حمامات. الحالة: مقبول. الملكية: حكم محكمة. الطابق: ملحق. المميزات: حارس أمن, شبابيك دبل غلاس, غاز مركزي, مكيف",101100,مشروع دمر,109,1,1,شقة,مقبول,"حارس أمن, شبابيك دبل غلاس, غاز مركزي, مكيف",2026-01-13,بائع_147,958310965,إمتلاك,حكم محكمة,"كهرباء دولة, طاقة شمسية",ملحق,33.507242,36.312776,928,متوسطة,property_images/apartment_modern.jpg,property_images/apartment_kitchen.jpg|property_images/building_new_construction.jpg|property_images/townhouse.jpg
645,شقة في مشروع دمر,"شقة سكنية في بناء سكني في حي مشروع دمر - مساحة 171 م² - 2 غرف, 1 حمامات. الحالة: مقبول. الملكية: كاتب عدل. الطابق: خامس. المميزات: مصعد, حارس أمن, أثاث, تدفئة مركزية, مكيف, شارع رئيسي",190000,مشروع دمر,171,2,1,شقة,مقبول,"مصعد, حارس أمن, أثاث, تدفئة مركزية, مكيف, شارع رئيسي",2026-04-17,بائع_175,953815507,إمتلاك,كاتب عدل,غير محدد,خامس,33.502561,36.318517,1111,متوسطة,property_images/apartment_interior.jpg,property_images/apartment_modern.jpg|property_images/bedroom.jpg|property_images/apartment_luxury.jpg
646,مكتب في مشروع دمر,"مكتب تجاري في حي مشروع دمر - مساحة 62 م², 1 حمامات. الحالة: جيد. الملكية: سجل عقاري. الطابق: أول. المميزات: قرب مستشفى, أبواب حديدية, شقة مفروشة",79000,مشروع دمر,62,0,1,مكتب,جيد,"قرب مستشفى, أبواب حديدية, شقة مفروشة",2026-03-31,بائع_35,986548278,إمتلاك,سجل عقاري,كهرباء دولة,أول,33.501894,36.317447,1274,متوسطة,property_images/apartment_modern.jpg,property_images/villa_interior.jpg|property_images/apartment_modern.jpg|property_images/house_traditional.jpg
647,شقة في مشروع دمر,"شقة سكنية في بناء سكني في حي مشروع دمر - مساحة 158 م² - 3 غرف, 1 حمامات. الحالة: جديد. الملكية: طابو أخضر. الطابق: أرضي. المميزات: أبواب حديدية, طاقة شمسية",210900,مشروع دمر,158,3,1,شقة,جديد,"أبواب حديدية, طاقة شمسية",2026-03-09,بائع_149,962509391,إمتلاك,طابو أخضر,طاقة شمسية,أرضي,33.499362,36.314594,1335,متوسطة,property_images/apartment_kitchen.jpg,property_images/building_new_construction.jpg|property_images/duplex_interior.jpg|property_images/apartment_luxury.jpg
648,شقة في مشروع دمر,"شقة سكنية في بناء سكني في حي مشروع دمر - مساحة 91 م² - 3 غرف, 1 حمامات. الحالة: مقبول. الملكية: طابو أخضر. الطابق: أرضي. المميزات: قرب مستشفى, طاقة شمسية, شقة مفروشة, شارع رئيسي, بئر مياه خاص, غاز مركزي",88400,مشروع دمر,91,3,1,شقة,مقبول,"قرب مستشفى, طاقة شمسية, شقة مفروشة, شارع رئيسي, بئر مياه خاص, غاز مركزي",2025-12-07,بائع_242,963784963,سوق.كوم,طابو أخضر,كهرباء دولة,أرضي,33.504475,36.314085,971,متوسطة,property_images/apartment_interior.jpg,property_images/apartment_modern.jpg|property_images/apartment_luxury.jpg|property_images/building_needs_renovation.jpg
649,شقة في مشروع دمر,"شقة سكنية في بناء سكني في حي مشروع دمر - مساحة 118 م² - 1 غرف, 1 حمامات. الحالة: ممتاز. الملكية: طابو نظامي. الطابق: ثالث. المميزات: قرب مدرسة, حديقة, تدفئة مركزية",150300,مشروع دمر,118,1,1,شقة,ممتاز,"قرب مدرسة, حديقة, تدفئة مركزية",2025-12-12,بائع_19,974174200,دوشيش,طابو نظامي,كهرباء دولة,ثالث,33.503697,36.310506,1274,متوسطة,property_images/apartment_luxury.jpg,property_images/apartment_interior.jpg|property_images/townhouse.jpg|property_images/building_new_construction.jpg
650,بيت في مشروع دمر,"بيت سكني تقليدي في حي مشروع دمر - مساحة 91 م² - 3 غرف, 2 حمامات. الحالة: جيد. الملكية: طابو أخضر. الطابق: أرضي. المميزات: كهرباء دولة, تدفئة مركزية, حارس أمن",91200,مشروع دمر,91,3,2,بيت,جيد,"كهرباء دولة, تدفئة مركزية, حارس أمن",2026-02-05,بائع_221,991418157,ماروتا سيتي,طابو أخضر,"كهرباء دولة, طاقة شمسية",أرضي,33.5044,36.314016,1002,متوسطة,property_images/building_needs_renovation.jpg,property_images/bedroom.jpg|property_images/duplex_interior.jpg|property_images/apartment_modern.jpg
651,محل تجاري في مشروع دمر,"محل تجاري أو مكتب في حي مشروع دمر - مساحة 30 م², 1 حمامات. الحالة: يحتاج ترميم. الملكية: طابو أخضر. الطابق: ثاني. المميزات: قرب مدرسة, إطلالة مفتوحة, غاز مركزي",31500,مشروع دمر,30,0,1,محل تجاري,يحتاج ترميم,"قرب مدرسة, إطلالة مفتوحة, غاز مركزي",2026-01-02,بائع_27,979902875,دوشيش,طابو أخضر,طاقة شمسية,ثاني,33.500729,36.312621,1050,متوسطة,property_images/building_new_construction.jpg,property_images/building_new_construction.jpg|property_images/bedroom.jpg|property_images/apartment_street.jpg
652,بيت قديم في مشروع دمر,"بيت تراثي دمشقي قديم في حي مشروع دمر - مساحة 78 م² - 2 غرف, 1 حمامات. الحالة: ممتاز. الملكية: سجل عقاري. الطابق: أول. المميزات: حارس أمن, إطلالة مفتوحة, إنترنت, قرب مستشفى, أثاث",67800,مشروع دمر,78,2,1,بيت قديم,ممتاز,"حارس أمن, إطلالة مفتوحة, إنترنت, قرب مستشفى, أثاث",2026-03-07,بائع_48,931338158,دوشيش,سجل عقاري,"كهرباء دولة, طاقة شمسية",أول,33.500791,36.310589,869,متوسطة,property_images/house_traditional.jpg,property_images/apartment_kitchen.jpg|property_images/apartment_modern.jpg|property_images/apartment_luxury.jpg
653,بيت قديم في مشروع دمر,"بيت تراثي دمشقي قديم في حي مشروع دمر - مساحة 131 م² - 4 غرف, 1 حمامات. الحالة: مقبول. الملكية: كاتب عدل. الطابق: أرضي. المميزات: طاقة شمسية, تدفئة مركزية",113900,مشروع دمر,131,4,1,بيت قديم,مقبول,"طاقة شمسية, تدفئة مركزية",2026-02-22,بائع_23,970466652,إكار,كاتب عدل,كهرباء دولة,أرضي,33.503303,36.312725,869,متوسطة,property_images/building_needs_renovation.jpg,property_images/bedroom.jpg|property_images/duplex_interior.jpg|property_images/apartment_kitchen.jpg
654,بيت في مشروع دمر,"بيت سكني تقليدي في حي مشروع دمر - مساحة 103 م² - 3 غرف, 2 حمامات. الحالة: كالجديد. الملكية: طابو نظامي. الطابق: سابع. المميزات: حارس أمن, موقف سيارات, إطلالة مفتوحة, كهرباء دولة, أثاث",121200,مشروع دمر,103,3,2,بيت,كالجديد,"حارس أمن, موقف سيارات, إطلالة مفتوحة, كهرباء دولة, أثاث",2026-03-10,بائع_228,968484757,ماروتا سيتي,طابو نظامي,غير محدد,سابع,33.503198,36.316337,1177,متوسطة,property_images/building_needs_renovation.jpg,property_images/apartment_street.jpg|property_images/apartment_economy.jpg|property_images/building_needs_renovation.jpg
655,منزل في مشروع دمر,"منزل سكني عائلي في حي مشروع دمر - مساحة 126 م² - 4 غرف, 2 حمامات. الحالة: مقبول. الملكية: طابو نظامي. الطابق: أول. المميزات: شقة مفروشة, حارس أمن, تدفئة مركزية, إنترنت, مرآب, أبواب حديدية",119400,مشروع دمر,126,4,2,منزل,مقبول,"شقة مفروشة, حارس أمن, تدفئة مركزية, إنترنت, مرآب, أبواب حديدية",2025-12-23,بائع_119,969877947,إكار,طابو نظامي,كهرباء دولة,أول,33.502915,36.317912,948,متوسطة,property_images/duplex_interior.jpg,property_images/apartment_luxury.jpg|property_images/apartment_street.jpg|property_images/apartment_economy.jpg
656,شقة في مشروع دمر,"شقة سكنية في بناء سكني في حي مشروع دمر - مساحة 144 م² - 2 غرف, 1 حمامات. الحالة: ممتاز. الملكية: كاتب عدل. الطابق: أرضي. المميزات: شبابيك دبل غلاس, شارع رئيسي, حارس أمن",198400,مشروع دمر,144,2,1,شقة,ممتاز,"شبابيك دبل غلاس, شارع رئيسي, حارس أمن",2026-02-23,بائع_197,968967359,سوق.كوم,كاتب عدل,"كهرباء دولة, طاقة شمسية",أرضي,33.502168,36.317821,1378,متوسطة,property_images/apartment_kitchen.jpg,property_images/villa_modern.jpg|property_images/apartment_street.jpg|property_images/apartment_kitchen.jpg
657,شقة في مشروع دمر,"شقة سكنية في بناء سكني في حي مشروع دمر - مساحة 134 م² - 1 غرف, 2 حمامات. الحالة: مقبول. الملكية: سجل عقاري. الطابق: ثاني. المميزات: شبابيك دبل غلاس, تدفئة مركزية, طاقة شمسية, أثاث, غاز مركزي",105200,مشروع دمر,134,1,2,شقة,مقبول,"شبابيك دبل غلاس, تدفئة مركزية, طاقة شمسية, أثاث, غاز مركزي",2025-11-17,بائع_157,934667855,ماروتا سيتي,سجل عقاري,غير محدد,ثاني,33.504807,36.316396,785,متوسطة,property_images/bedroom.jpg,property_images/villa_modern.jpg|property_images/building_new_construction.jpg|property_images/house_traditional.jpg
658,شقة في مشروع دمر,"شقة سكنية في بناء سكني في حي مشروع دمر - مساحة 104 م² - 3 غرف, 2 حمامات. الحالة: جديد. الملكية: حكم محكمة. الطابق: أول. المميزات: أثاث, مصعد, حديقة, مرآب, قرب مدرسة, تدفئة مركزية",136300,مشروع دمر,104,3,2,شقة,جديد,"أثاث, مصعد, حديقة, مرآب, قرب مدرسة, تدفئة مركزية",2025-11-13,بائع_148,998586017,دوشيش,حكم محكمة,كهرباء دولة,أول,33.502593,36.315926,1311,متوسطة,property_images/apartment_kitchen.jpg,property_images/villa_interior.jpg|property_images/duplex_interior.jpg|property_images/apartment_street.jpg
659,منزل في مشروع دمر,"منزل سكني عائلي في حي مشروع دمر - مساحة 168 م² - 3 غرف, 2 حمامات. الحالة: جيد. الملكية: سجل عقاري. الطابق: أرضي. المميزات: طاقة شمسية, مكيف, مصعد, كهرباء دولة, قرب مدرسة",182400,مشروع دمر,168,3,2,منزل,جيد,"طاقة شمسية, مكيف, مصعد, كهرباء دولة, قرب مدرسة",2026-02-19,بائع_173,980140481,إكار,سجل عقاري,غير محدد,أرضي,33.5054,36.317143,1086,متوسطة,property_images/townhouse.jpg,property_images/apartment_modern.jpg|property_images/building_needs_renovation.jpg|property_images/house_traditional.jpg
660,شقة في مشروع دمر,"شقة سكنية في بناء سكني في حي مشروع دمر - مساحة 126 م² - 1 غرف, 1 حمامات. الحالة: ممتاز. الملكية: طابو نظامي. الطابق: سابع. المميزات: قرب مستشفى, حديقة, كهرباء دولة, بلكونة",186800,مشروع دمر,126,1,1,شقة,ممتاز,"قرب مستشفى, حديقة, كهرباء دولة, بلكونة",2026-01-06,بائع_19,975603534,إمتلاك,طابو نظامي,كهرباء دولة,سابع,33.499935,36.315796,1483,متوسطة,property_images/bedroom.jpg,property_images/apartment_economy.jpg|property_images/apartment_luxury.jpg|property_images/duplex_interior.jpg
661,محل تجاري في مشروع دمر,"محل تجاري أو مكتب في حي مشروع دمر - مساحة 105 م², 1 حمامات. الحالة: كالجديد. الملكية: طابو أخضر. الطابق: أول. المميزات: قرب مدرسة, حديقة, موقف سيارات, شبابيك دبل غلاس, بلكونة, كهرباء دولة",160500,مشروع دمر,105,0,1,محل تجاري,كالجديد,"قرب مدرسة, حديقة, موقف سيارات, شبابيك دبل غلاس, بلكونة, كهرباء دولة",2026-03-08,بائع_90,948747966,إمتلاك,طابو أخضر,كهرباء دولة,أول,33.500305,36.313696,1529,متوسطة,property_images/building_new_construction.jpg,property_images/villa_interior.jpg|property_images/duplex_interior.jpg|property_images/bedroom.jpg
662,شقة في مشروع دمر,"شقة سكنية في بناء سكني في حي مشروع دمر - مساحة 81 م² - 4 غرف, 2 حمامات. الحالة: كالجديد. الملكية: طابو أخضر. الطابق: أرضي. المميزات: قرب مدرسة, طاقة شمسية",95700,مشروع دمر,81,4,2,شقة,كالجديد,"قرب مدرسة, طاقة شمسية",2026-03-01,بائع_9,975666693,إمتلاك,طابو أخضر,غير محدد,أرضي,33.501259,36.312189,1181,متوسطة,property_images/apartment_luxury.jpg,property_images/apartment_street.jpg|property_images/apartment_luxury.jpg|property_images/villa_modern.jpg
663,شقة في مشروع دمر,"شقة سكنية في بناء سكني في حي مشروع دمر - مساحة 120 م² - 4 غرف, 1 حمامات. الحالة: كالجديد. الملكية: طابو أخضر. الطابق: أول. المميزات: موقف سيارات, طاقة شمسية, أثاث, حديقة, إنترنت, مرآب",194500,مشروع دمر,120,4,1,شقة,كالجديد,"موقف سيارات, طاقة شمسية, أثاث, حديقة, إنترنت, مرآب",2026-03-30,بائع_13,971736450,ماروتا سيتي,طابو أخضر,غير محدد,أول,33.500184,36.318039,1621,متوسطة,property_images/apartment_kitchen.jpg,property_images/apartment_interior.jpg|property_images/building_needs_renovation.jpg|property_images/bedroom.jpg
664,شقة في مشروع دمر,"شقة سكنية في بناء سكني في حي مشروع دمر - مساحة 137 م² - 3 غرف, 2 حمامات. الحالة: يحتاج ترميم. الملكية: كاتب عدل. الطابق: أرضي. المميزات: إطلالة مفتوحة, مصعد, بلكونة, إنترنت",127500,مشروع دمر,137,3,2,شقة,يحتاج ترميم,"إطلالة مفتوحة, مصعد, بلكونة, إنترنت",2025-12-05,بائع_14,943738622,بيوتنا,كاتب عدل,"كهرباء دولة, طاقة شمسية",أرضي,33.500684,36.316709,931,متوسطة,property_images/apartment_luxury.jpg,property_images/apartment_economy.jpg|property_images/apartment_modern.jpg|property_images/building_needs_renovation.jpg
665,بيت عربي في مشروع دمر,"بيت عربي بقاعة داخلية واسعة في حي مشروع دمر - مساحة 125 م² - 4 غرف, 1 حمامات. الحالة: جيد. الملكية: كاتب عدل. الطابق: أرضي. المميزات: قرب مستشفى, تدفئة مركزية, مكيف, غاز مركزي, موقف سيارات",141800,مشروع دمر,125,4,1,بيت عربي,جيد,"قرب مستشفى, تدفئة مركزية, مكيف, غاز مركزي, موقف سيارات",2025-12-12,بائع_258,983665148,إمتلاك,كاتب عدل,غير محدد,أرضي,33.502344,36.316107,1134,متوسطة,property_images/house_traditional.jpg,property_images/villa_interior.jpg|property_images/building_new_construction.jpg|property_images/villa_modern.jpg
666,شقة في مشروع دمر,"شقة سكنية في بناء سكني في حي مشروع دمر - مساحة 78 م² - 4 غرف, 2 حمامات. الحالة: مقبول. الملكية: كاتب عدل. الطابق: ثالث. المميزات: كهرباء دولة, أثاث, قرب مستشفى, بئر مياه خاص",60800,مشروع دمر,78,4,2,شقة,مقبول,"كهرباء دولة, أثاث, قرب مستشفى, بئر مياه خاص",2026-02-02,بائع_119,988430108,إمتلاك,كاتب عدل,كهرباء دولة,ثالث,33.503194,36.313103,779,متوسطة,property_images/apartment_interior.jpg,property_images/apartment_economy.jpg|property_images/villa_modern.jpg|property_images/duplex_interior.jpg
667,مكتب في مشروع دمر,"مكتب تجاري في حي مشروع دمر - مساحة 64 م², 1 حمامات. الحالة: جيد. الملكية: سجل عقاري. الطابق: أرضي. المميزات: موقف سيارات, إنترنت, قرب مدرسة, شقة مفروشة",56500,مشروع دمر,64,0,1,مكتب,جيد,"موقف سيارات, إنترنت, قرب مدرسة, شقة مفروشة",2025-12-02,بائع_118,987924499,دوشيش,سجل عقاري,غير محدد,أرضي,33.503696,36.312535,883,متوسطة,property_images/apartment_interior.jpg,property_images/apartment_modern.jpg|property_images/apartment_kitchen.jpg|property_images/building_new_construction.jpg
668,شقة في مشروع دمر,"شقة سكنية في بناء سكني في حي مشروع دمر - مساحة 139 م² - 2 غرف, 2 حمامات. الحالة: مقبول. الملكية: بدون أوراق. الطابق: أول. المميزات: مكيف, إطلالة مفتوحة, كهرباء دولة, بئر مياه خاص, حديقة, شقة مفروشة",113400,مشروع دمر,139,2,2,شقة,مقبول,"مكيف, إطلالة مفتوحة, كهرباء دولة, بئر مياه خاص, حديقة, شقة مفروشة",2026-03-29,بائع_295,993763360,ماروتا سيتي,بدون أوراق,كهرباء دولة,أول,33.500606,36.316164,816,متوسطة,property_images/apartment_kitchen.jpg,property_images/building_needs_renovation.jpg|property_images/apartment_luxury.jpg|property_images/apartment_modern.jpg
669,شقة في مشروع دمر,"شقة سكنية في بناء سكني في حي مشروع دمر - مساحة 129 م² - 2 غرف, 1 حمامات. الحالة: كالجديد. الملكية: سجل عقاري. الطابق: أرضي. المميزات: كهرباء دولة, قرب مدرسة, أبواب حديدية, حارس أمن, مكيف",153100,مشروع دمر,129,2,1,شقة,كالجديد,"كهرباء دولة, قرب مدرسة, أبواب حديدية, حارس أمن, مكيف",2026-03-24,بائع_38,946639908,ماروتا سيتي,سجل عقاري,طاقة شمسية,أرضي,33.499983,36.311075,1187,متوسطة,property_images/apartment_luxury.jpg,property_images/townhouse.jpg|property_images/villa_modern.jpg|property_images/duplex_interior.jpg
670,منزل في مشروع دمر,"منزل سكني عائلي في حي مشروع دمر - مساحة 175 م² - 3 غرف, 2 حمامات. الحالة: ممتاز. الملكية: سجل عقاري. الطابق: ملحق. المميزات: طاقة شمسية, بئر مياه خاص, حارس أمن, حديقة, قرب مدرسة, قرب مستشفى",141000,مشروع دمر,175,3,2,منزل,ممتاز,"طاقة شمسية, بئر مياه خاص, حارس أمن, حديقة, قرب مدرسة, قرب مستشفى",2026-02-04,بائع_230,982761475,دوشيش,سجل عقاري,كهرباء دولة,ملحق,33.502191,36.314473,806,متوسطة,property_images/townhouse.jpg,property_images/bedroom.jpg|property_images/house_traditional.jpg|property_images/villa_modern.jpg
671,بيت قديم في مشروع دمر,"بيت تراثي دمشقي قديم في حي مشروع دمر - مساحة 123 م² - 4 غرف, 1 حمامات. الحالة: ممتاز. الملكية: كاتب عدل. الطابق: أرضي. المميزات: قرب مستشفى, شقة مفروشة, موقف سيارات",104400,مشروع دمر,123,4,1,بيت قديم,ممتاز,"قرب مستشفى, شقة مفروشة, موقف سيارات",2026-01-31,بائع_233,978436002,دوشيش,كاتب عدل,غير محدد,أرضي,33.501341,36.316464,849,متوسطة,property_images/house_traditional.jpg,property_images/bedroom.jpg|property_images/building_needs_renovation.jpg|property_images/duplex_interior.jpg
672,شقة في مشروع دمر,"شقة سكنية في بناء سكني في حي مشروع دمر - مساحة 131 م² - 1 غرف, 1 حمامات. الحالة: جيد. الملكية: طابو نظامي. الطابق: ملحق. المميزات: أبواب حديدية, حديقة, تدفئة مركزية, شقة مفروشة",157400,مشروع دمر,131,1,1,شقة,جيد,"أبواب حديدية, حديقة, تدفئة مركزية, شقة مفروشة",2026-01-16,بائع_147,971502724,بيوت شام,طابو نظامي,كهرباء دولة,ملحق,33.502939,36.311929,1202,متوسطة,property_images/apartment_kitchen.jpg,property_images/duplex_interior.jpg|property_images/villa_modern.jpg|property_images/apartment_modern.jpg
673,بيت قديم في مشروع دمر,"بيت تراثي دمشقي قديم في حي مشروع دمر - مساحة 126 م² - 4 غرف, 1 حمامات. الحالة: يحتاج ترميم. الملكية: طابو أخضر. الطابق: أول. المميزات: شقة مفروشة, كهرباء دولة, قرب مستشفى, حديقة, حارس أمن",86300,مشروع دمر,126,4,1,بيت قديم,يحتاج ترميم,"شقة مفروشة, كهرباء دولة, قرب مستشفى, حديقة, حارس أمن",2026-02-24,بائع_250,986334496,بيوتنا,طابو أخضر,"كهرباء دولة, طاقة شمسية",أول,33.499967,36.314512,685,متوسطة,property_images/house_traditional.jpg,property_images/apartment_economy.jpg|property_images/bedroom.jpg|property_images/townhouse.jpg
674,شقة في مشروع دمر,"شقة سكنية في بناء سكني في حي مشروع دمر - مساحة 118 م² - 1 غرف, 1 حمامات. الحالة: يحتاج ترميم. الملكية: بدون أوراق. الطابق: ملحق. المميزات: مكيف, حارس أمن, أثاث, قرب مدرسة",70000,مشروع دمر,118,1,1,شقة,يحتاج ترميم,"مكيف, حارس أمن, أثاث, قرب مدرسة",2026-04-25,بائع_277,998937803,بيوتنا,بدون أوراق,طاقة شمسية,ملحق,33.502668,36.317863,593,متوسطة,property_images/apartment_street.jpg,property_images/building_needs_renovation.jpg|property_images/townhouse.jpg|property_images/house_traditional.jpg
675,شقة في مشروع دمر,"شقة سكنية في بناء سكني في حي مشروع دمر - مساحة 157 م² - 2 غرف, 2 حمامات. الحالة: مقبول. الملكية: طابو أخضر. الطابق: أول. المميزات: مرآب, شبابيك دبل غلاس, شقة مفروشة, مكيف, إطلالة مفتوحة, بئر مياه خاص",116300,مشروع دمر,157,2,2,شقة,مقبول,"مرآب, شبابيك دبل غلاس, شقة مفروشة, مكيف, إطلالة مفتوحة, بئر مياه خاص",2026-04-05,بائع_228,985617215,بيوت شام,طابو أخضر,غير محدد,أول,33.503244,36.317658,741,متوسطة,property_images/apartment_street.jpg,property_images/villa_modern.jpg|property_images/bedroom.jpg|property_images/duplex_interior.jpg
676,شقة في مشروع دمر,"شقة سكنية في بناء سكني في حي مشروع دمر - مساحة 133 م² - 1 غرف, 2 حمامات. الحالة: كالجديد. الملكية: طابو نظامي. الطابق: خامس. المميزات: طاقة شمسية, موقف سيارات",222000,مشروع دمر,133,1,2,شقة,كالجديد,"طاقة شمسية, موقف سيارات",2026-01-09,بائع_263,939841143,إمتلاك,طابو نظامي,"كهرباء دولة, طاقة شمسية",خامس,33.506025,36.317047,1669,متوسطة,property_images/apartment_street.jpg,property_images/apartment_interior.jpg|property_images/apartment_modern.jpg|property_images/duplex_interior.jpg
677,شقة في مشروع دمر,"شقة سكنية في بناء سكني في حي مشروع دمر - مساحة 128 م² - 3 غرف, 1 حمامات. الحالة: يحتاج ترميم. الملكية: سجل عقاري. الطابق: ثالث. المميزات: شارع رئيسي, تدفئة مركزية, مصعد, طاقة شمسية, مكيف, غاز مركزي",119400,مشروع دمر,128,3,1,شقة,يحتاج ترميم,"شارع رئيسي, تدفئة مركزية, مصعد, طاقة شمسية, مكيف, غاز مركزي",2026-03-28,بائع_249,953869194,دوشيش,سجل عقاري,طاقة شمسية,ثالث,33.50229,36.315048,933,متوسطة,property_images/apartment_economy.jpg,property_images/apartment_interior.jpg|property_images/villa_modern.jpg|property_images/apartment_economy.jpg
678,شقة في مشروع دمر,"شقة سكنية في بناء سكني في حي مشروع دمر - مساحة 107 م² - 2 غرف, 1 حمامات. الحالة: كالجديد. الملكية: كاتب عدل. الطابق: أرضي. المميزات: موقف سيارات, أبواب حديدية, قرب مدرسة, أثاث, بلكونة",182600,مشروع دمر,107,2,1,شقة,كالجديد,"موقف سيارات, أبواب حديدية, قرب مدرسة, أثاث, بلكونة",2026-01-28,بائع_299,960768692,بيوت شام,كاتب عدل,"كهرباء دولة, طاقة شمسية",أرضي,33.500363,36.318065,1707,متوسطة,property_images/bedroom.jpg,property_images/apartment_luxury.jpg|property_images/villa_interior.jpg|property_images/building_new_construction.jpg
679,منزل في مشروع دمر,"منزل سكني عائلي في حي مشروع دمر - مساحة 182 م² - 4 غرف, 1 حمامات. الحالة: جيد. الملكية: طابو أخضر. الطابق: ملحق. المميزات: أبواب حديدية, شارع رئيسي, غاز مركزي, إنترنت",144600,مشروع دمر,182,4,1,منزل,جيد,"أبواب حديدية, شارع رئيسي, غاز مركزي, إنترنت",2026-04-07,بائع_148,983568894,بيوت شام,طابو أخضر,"كهرباء دولة, طاقة شمسية",ملحق,33.502735,36.3108,795,متوسطة,property_images/duplex_interior.jpg,property_images/villa_interior.jpg|property_images/townhouse.jpg|property_images/building_needs_renovation.jpg
680,شقة في مشروع دمر,"شقة سكنية في بناء سكني في حي مشروع دمر - مساحة 141 م² - 3 غرف, 1 حمامات. الحالة: ممتاز. الملكية: طابو أخضر. الطابق: سادس. المميزات: غاز مركزي, مكيف, أبواب حديدية, قرب مستشفى",207100,مشروع دمر,141,3,1,شقة,ممتاز,"غاز مركزي, مكيف, أبواب حديدية, قرب مستشفى",2026-02-26,بائع_260,957992325,ماروتا سيتي,طابو أخضر,طاقة شمسية,سادس,33.500815,36.315247,1469,متوسطة,property_images/apartment_street.jpg,property_images/apartment_street.jpg|property_images/bedroom.jpg|property_images/building_needs_renovation.jpg
681,منزل في مشروع دمر,"منزل سكني عائلي في حي مشروع دمر - مساحة 247 م² - 4 غرف, 2 حمامات. الحالة: جيد. الملكية: طابو نظامي. الطابق: أول. المميزات: شبابيك دبل غلاس, مرآب, غاز مركزي, كهرباء دولة, تدفئة مركزية",240900,مشروع دمر,247,4,2,منزل,جيد,"شبابيك دبل غلاس, مرآب, غاز مركزي, كهرباء دولة, تدفئة مركزية",2025-11-24,بائع_24,969569380,دوشيش,طابو نظامي,"كهرباء دولة, طاقة شمسية",أول,33.499882,36.317963,975,متوسطة,property_images/duplex_interior.jpg,property_images/bedroom.jpg|property_images/villa_modern.jpg|property_images/townhouse.jpg
682,شقة في مشروع دمر,"شقة سكنية في بناء سكني في حي مشروع دمر - مساحة 188 م² - 1 غرف, 2 حمامات. الحالة: مقبول. الملكية: سجل عقاري. الطابق: أرضي. المميزات: إطلالة مفتوحة, قرب مدرسة, مصعد",176100,مشروع دمر,188,1,2,شقة,مقبول,"إطلالة مفتوحة, قرب مدرسة, مصعد",2025-11-06,بائع_171,975904092,ماروتا سيتي,سجل عقاري,طاقة شمسية,أرضي,33.504023,36.317683,937,متوسطة,property_images/apartment_luxury.jpg,property_images/apartment_economy.jpg|property_images/house_traditional.jpg|property_images/apartment_street.jpg
683,منزل في مشروع دمر,"منزل سكني عائلي في حي مشروع دمر - مساحة 126 م² - 4 غرف, 3 حمامات. الحالة: جيد. الملكية: سجل عقاري. الطابق: ملحق. المميزات: بلكونة, قرب مدرسة, غاز مركزي",117500,مشروع دمر,126,4,3,منزل,جيد,"بلكونة, قرب مدرسة, غاز مركزي",2026-01-30,بائع_170,982326088,إكار,سجل عقاري,كهرباء دولة,ملحق,33.504462,36.31837,933,متوسطة,property_images/house_traditional.jpg,property_images/building_new_construction.jpg|property_images/townhouse.jpg|property_images/villa_modern.jpg
684,بيت قديم في مشروع دمر,"بيت تراثي دمشقي قديم في حي مشروع دمر - مساحة 119 م² - 2 غرف, 1 حمامات. الحالة: يحتاج ترميم. الملكية: طابو أخضر. الطابق: أرضي. المميزات: غاز مركزي, أبواب حديدية, تدفئة مركزية, بلكونة, بئر مياه خاص, شقة مفروشة",61000,مشروع دمر,119,2,1,بيت قديم,يحتاج ترميم,"غاز مركزي, أبواب حديدية, تدفئة مركزية, بلكونة, بئر مياه خاص, شقة مفروشة",2026-03-03,بائع_18,964886343,سوق.كوم,طابو أخضر,كهرباء دولة,أرضي,33.505974,36.313938,513,متوسطة,property_images/house_traditional.jpg,property_images/apartment_economy.jpg|property_images/house_traditional.jpg|property_images/apartment_interior.jpg
685,بيت عربي في مشروع دمر,"بيت عربي بقاعة داخلية واسعة في حي مشروع دمر - مساحة 163 م² - 4 غرف, 1 حمامات. الحالة: ممتاز. الملكية: سجل عقاري. الطابق: ملحق. المميزات: موقف سيارات, شقة مفروشة",187300,مشروع دمر,163,4,1,بيت عربي,ممتاز,"موقف سيارات, شقة مفروشة",2026-04-30,بائع_8,999734254,بيوتنا,سجل عقاري,غير محدد,ملحق,33.505108,36.316708,1149,متوسطة,property_images/duplex_interior.jpg,property_images/building_needs_renovation.jpg|property_images/house_traditional.jpg|property_images/apartment_modern.jpg
686,شقة في مشروع دمر,"شقة سكنية في بناء سكني في حي مشروع دمر - مساحة 134 م² - 3 غرف, 2 حمامات. الحالة: جيد. الملكية: سجل عقاري. الطابق: ثالث. المميزات: شقة مفروشة, مصعد, بئر مياه خاص, كهرباء دولة, شبابيك دبل غلاس",157300,مشروع دمر,134,3,2,شقة,جيد,"شقة مفروشة, مصعد, بئر مياه خاص, كهرباء دولة, شبابيك دبل غلاس",2025-12-09,بائع_242,978405385,دوشيش,سجل عقاري,كهرباء دولة,ثالث,33.502087,36.316116,1174,متوسطة,property_images/apartment_luxury.jpg,property_images/duplex_interior.jpg|property_images/townhouse.jpg|property_images/house_traditional.jpg
687,شقة في مشروع دمر,"شقة سكنية في بناء سكني في حي مشروع دمر - مساحة 55 م² - 1 غرف, 2 حمامات. الحالة: يحتاج ترميم. الملكية: حكم محكمة. الطابق: خامس. المميزات: شقة مفروشة, طاقة شمسية, غاز مركزي, مصعد, أبواب حديدية, قرب مستشفى",40500,مشروع دمر,55,1,2,شقة,يحتاج ترميم,"شقة مفروشة, طاقة شمسية, غاز مركزي, مصعد, أبواب حديدية, قرب مستشفى",2026-01-10,بائع_115,933516650,ماروتا سيتي,حكم محكمة,غير محدد,خامس,33.502483,36.312698,736,متوسطة,property_images/apartment_interior.jpg,property_images/apartment_luxury.jpg|property_images/apartment_modern.jpg|property_images/townhouse.jpg
688,شقة في مشروع دمر,"شقة سكنية في بناء سكني في حي مشروع دمر - مساحة 133 م² - 3 غرف, 2 حمامات. الحالة: ممتاز. الملكية: حكم محكمة. الطابق: ملحق. المميزات: شارع رئيسي, موقف سيارات, حارس أمن",153500,مشروع دمر,133,3,2,شقة,ممتاز,"شارع رئيسي, موقف سيارات, حارس أمن",2025-12-31,بائع_128,940248195,دوشيش,حكم محكمة,كهرباء دولة,ملحق,33.505511,36.318146,1154,متوسطة,property_images/apartment_interior.jpg,property_images/apartment_street.jpg|property_images/duplex_interior.jpg|property_images/house_traditional.jpg
689,بيت في مشروع دمر,"بيت سكني تقليدي في حي مشروع دمر - مساحة 96 م² - 3 غرف, 1 حمامات. الحالة: جيد. الملكية: حكم محكمة. الطابق: سادس. المميزات: أبواب حديدية, كهرباء دولة",85600,مشروع دمر,96,3,1,بيت,جيد,"أبواب حديدية, كهرباء دولة",2026-03-28,بائع_19,971822466,إكار,حكم محكمة,"كهرباء دولة, طاقة شمسية",سادس,33.501852,36.314097,892,متوسطة,property_images/building_needs_renovation.jpg,property_images/duplex_interior.jpg|property_images/building_new_construction.jpg|property_images/apartment_street.jpg
690,بيت في مشروع دمر,"بيت سكني تقليدي في حي مشروع دمر - مساحة 115 م² - 1 غرف, 2 حمامات. الحالة: مقبول. الملكية: طابو نظامي. الطابق: ملحق. المميزات: أبواب حديدية, حديقة, طاقة شمسية, إطلالة مفتوحة, شبابيك دبل غلاس, شارع رئيسي",82400,مشروع دمر,115,1,2,بيت,مقبول,"أبواب حديدية, حديقة, طاقة شمسية, إطلالة مفتوحة, شبابيك دبل غلاس, شارع رئيسي",2026-04-15,بائع_54,984833222,سوق.كوم,طابو نظامي,كهرباء دولة,ملحق,33.499739,36.316245,717,متوسطة,property_images/house_traditional.jpg,property_images/apartment_modern.jpg|property_images/apartment_street.jpg|property_images/apartment_economy.jpg
691,شقة في مشروع دمر,"شقة سكنية في بناء سكني في حي مشروع دمر - مساحة 142 م² - 1 غرف, 1 حمامات. الحالة: مقبول. الملكية: طابو أخضر. الطابق: سادس. المميزات: شبابيك دبل غلاس, حارس أمن, تدفئة مركزية",118500,مشروع دمر,142,1,1,شقة,مقبول,"شبابيك دبل غلاس, حارس أمن, تدفئة مركزية",2025-12-22,بائع_250,947885376,ماروتا سيتي,طابو أخضر,كهرباء دولة,سادس,33.503791,36.313737,835,متوسطة,property_images/apartment_modern.jpg,property_images/apartment_street.jpg|property_images/villa_interior.jpg|property_images/bedroom.jpg
692,منزل في مشروع دمر,"منزل سكني عائلي في حي مشروع دمر - مساحة 171 م² - 5 غرف, 2 حمامات. الحالة: ممتاز. الملكية: طابو نظامي. الطابق: أرضي. المميزات: شقة مفروشة, حديقة, إنترنت, بلكونة",236200,مشروع دمر,171,5,2,منزل,ممتاز,"شقة مفروشة, حديقة, إنترنت, بلكونة",2025-11-29,بائع_191,996733882,بيوت شام,طابو نظامي,كهرباء دولة,أرضي,33.501933,36.315909,1381,متوسطة,property_images/duplex_interior.jpg,property_images/villa_modern.jpg|property_images/townhouse.jpg|property_images/duplex_interior.jpg
693,منزل في مشروع دمر,"منزل سكني عائلي في حي مشروع دمر - مساحة 136 م² - 3 غرف, 1 حمامات. الحالة: كالجديد. الملكية: طابو نظامي. الطابق: أول. المميزات: أبواب حديدية, مصعد, حديقة, مرآب, بلكونة, مكيف",172500,مشروع دمر,136,3,1,منزل,كالجديد,"أبواب حديدية, مصعد, حديقة, مرآب, بلكونة, مكيف",2026-02-15,بائع_97,955827759,سوق.كوم,طابو نظامي,كهرباء دولة,أول,33.501588,36.313507,1268,متوسطة,property_images/house_traditional.jpg,property_images/building_needs_renovation.jpg|property_images/apartment_street.jpg|property_images/apartment_modern.jpg
694,منزل في مشروع دمر,"منزل سكني عائلي في حي مشروع دمر - مساحة 152 م² - 5 غرف, 3 حمامات. الحالة: ممتاز. الملكية: طابو أخضر. الطابق: أرضي. المميزات: موقف سيارات, إنترنت, قرب مدرسة",129100,مشروع دمر,152,5,3,منزل,ممتاز,"موقف سيارات, إنترنت, قرب مدرسة",2026-03-17,بائع_141,966960623,ماروتا سيتي,طابو أخضر,"كهرباء دولة, طاقة شمسية",أرضي,33.501018,36.31443,849,متوسطة,property_images/house_traditional.jpg,property_images/apartment_kitchen.jpg|property_images/townhouse.jpg|property_images/villa_interior.jpg
695,منزل في مشروع دمر,"منزل سكني عائلي في حي مشروع دمر - مساحة 148 م² - 5 غرف, 2 حمامات. الحالة: جيد. الملكية: سجل عقاري. الطابق: أول. المميزات: قرب مدرسة, أثاث, موقف سيارات, مكيف, حارس أمن, إطلالة مفتوحة",145000,مشروع دمر,148,5,2,منزل,جيد,"قرب مدرسة, أثاث, موقف سيارات, مكيف, حارس أمن, إطلالة مفتوحة",2026-04-03,بائع_268,979446198,إكار,سجل عقاري,كهرباء دولة,أول,33.501876,36.315959,980,متوسطة,property_images/duplex_interior.jpg,property_images/apartment_kitchen.jpg|property_images/villa_interior.jpg|property_images/building_new_construction.jpg
696,بيت عربي في مشروع دمر,"بيت عربي بقاعة داخلية واسعة في حي مشروع دمر - مساحة 223 م² - 5 غرف, 1 حمامات. الحالة: جيد. الملكية: طابو نظامي. الطابق: أرضي. المميزات: مصعد, طاقة شمسية, أثاث",199900,مشروع دمر,223,5,1,بيت عربي,جيد,"مصعد, طاقة شمسية, أثاث",2026-03-30,بائع_85,990100258,بيوت شام,طابو نظامي,غير محدد,أرضي,33.499594,36.312916,896,متوسطة,property_images/duplex_interior.jpg,property_images/apartment_interior.jpg|property_images/building_needs_renovation.jpg|property_images/townhouse.jpg
697,شقة في مشروع دمر,"شقة سكنية في بناء سكني في حي مشروع دمر - مساحة 102 م² - 4 غرف, 2 حمامات. الحالة: يحتاج ترميم. الملكية: طابو أخضر. الطابق: ملحق. المميزات: حديقة, بئر مياه خاص, شقة مفروشة, حارس أمن, طاقة شمسية",78000,مشروع دمر,102,4,2,شقة,يحتاج ترميم,"حديقة, بئر مياه خاص, شقة مفروشة, حارس أمن, طاقة شمسية",2025-11-06,بائع_243,975426905,ماروتا سيتي,طابو أخضر,كهرباء دولة,ملحق,33.50046,36.312408,765,متوسطة,property_images/apartment_kitchen.jpg,property_images/duplex_interior.jpg|property_images/apartment_kitchen.jpg|property_images/apartment_street.jpg
698,منزل في مشروع دمر,"منزل سكني عائلي في حي مشروع دمر - مساحة 139 م² - 3 غرف, 1 حمامات. الحالة: جيد. الملكية: كاتب عدل. الطابق: أول. المميزات: مكيف, مرآب, قرب مدرسة, شبابيك دبل غلاس",147500,مشروع دمر,139,3,1,منزل,جيد,"مكيف, مرآب, قرب مدرسة, شبابيك دبل غلاس",2026-04-05,بائع_286,985783768,بيوت شام,كاتب عدل,طاقة شمسية,أول,33.50319,36.313885,1061,متوسطة,property_images/duplex_interior.jpg,property_images/apartment_interior.jpg|property_images/apartment_modern.jpg|property_images/apartment_economy.jpg
699,شقة في مشروع دمر,"شقة سكنية في بناء سكني في حي مشروع دمر - مساحة 105 م² - 3 غرف, 2 حمامات. الحالة: مقبول. الملكية: كاتب عدل. الطابق: سادس. المميزات: إطلالة مفتوحة, قرب مدرسة, أثاث",81200,مشروع دمر,105,3,2,شقة,مقبول,"إطلالة مفتوحة, قرب مدرسة, أثاث",2026-05-03,بائع_101,986478526,إكار,كاتب عدل,كهرباء دولة,سادس,33.501937,36.313303,773,متوسطة,property_images/bedroom.jpg,property_images/apartment_kitchen.jpg|property_images/apartment_street.jpg|property_images/apartment_economy.jpg
700,شقة في ركن الدين,"شقة سكنية في بناء سكني في حي ركن الدين - مساحة 140 م² - 3 غرف, 2 حمامات. الحالة: جيد. الملكية: طابو نظامي. الطابق: سادس. المميزات: مصعد, إطلالة مفتوحة, كهرباء دولة, تدفئة مركزية, قرب مستشفى, أبواب حديدية",79400,ركن الدين,140,3,2,شقة,جيد,"مصعد, إطلالة مفتوحة, كهرباء دولة, تدفئة مركزية, قرب مستشفى, أبواب حديدية",2026-03-02,بائع_141,937699975,ماروتا سيتي,طابو نظامي,كهرباء دولة,سادس,33.502281,36.268602,567,متوسطة,property_images/bedroom.jpg,property_images/house_traditional.jpg|property_images/apartment_luxury.jpg|property_images/building_new_construction.jpg
701,شقة في ركن الدين,"شقة سكنية في بناء سكني في حي ركن الدين - مساحة 126 م² - 4 غرف, 2 حمامات. الحالة: جيد. الملكية: سجل عقاري. الطابق: أرضي. المميزات: أبواب حديدية, قرب مدرسة, حارس أمن",170100,ركن الدين,126,4,2,شقة,جيد,"أبواب حديدية, قرب مدرسة, حارس أمن",2026-03-27,بائع_91,946186847,دوشيش,سجل عقاري,كهرباء دولة,أرضي,33.5037,36.265992,1350,متوسطة,property_images/apartment_luxury.jpg,property_images/villa_modern.jpg|property_images/townhouse.jpg|property_images/building_needs_renovation.jpg
702,محل تجاري في ركن الدين,"محل تجاري أو مكتب في حي ركن الدين - مساحة 57 م², 1 حمامات. الحالة: كالجديد. الملكية: سجل عقاري. الطابق: أرضي. المميزات: قرب مدرسة, كهرباء دولة",43300,ركن الدين,57,0,1,محل تجاري,كالجديد,"قرب مدرسة, كهرباء دولة",2026-02-09,بائع_163,951715354,إمتلاك,سجل عقاري,غير محدد,أرضي,33.502839,36.266334,760,متوسطة,property_images/building_new_construction.jpg,property_images/townhouse.jpg|property_images/apartment_kitchen.jpg|property_images/bedroom.jpg
703,مكتب في ركن الدين,"مكتب تجاري في حي ركن الدين - مساحة 73 م², 1 حمامات. الحالة: جيد. الملكية: بدون أوراق. الطابق: ثاني. المميزات: تدفئة مركزية, موقف سيارات, أثاث, شقة مفروشة, مكيف",49400,ركن الدين,73,0,1,مكتب,جيد,"تدفئة مركزية, موقف سيارات, أثاث, شقة مفروشة, مكيف",2026-04-24,بائع_142,955822171,إكار,بدون أوراق,"كهرباء دولة, طاقة شمسية",ثاني,33.502766,36.266729,677,متوسطة,property_images/apartment_interior.jpg,property_images/building_new_construction.jpg|property_images/villa_interior.jpg|property_images/apartment_interior.jpg
704,منزل في ركن الدين,"منزل سكني عائلي في حي ركن الدين - مساحة 238 م² - 2 غرف, 2 حمامات. الحالة: جيد. الملكية: كاتب عدل. الطابق: أول. المميزات: قرب مدرسة, إنترنت, حارس أمن, حديقة",188800,ركن الدين,238,2,2,منزل,جيد,"قرب مدرسة, إنترنت, حارس أمن, حديقة",2025-12-12,بائع_238,941221909,سوق.كوم,كاتب عدل,كهرباء دولة,أول,33.506665,36.269628,793,متوسطة,property_images/townhouse.jpg,property_images/bedroom.jpg|property_images/villa_interior.jpg|property_images/apartment_luxury.jpg
705,شقة في ركن الدين,"شقة سكنية في بناء سكني في حي ركن الدين - مساحة 136 م² - 1 غرف, 1 حمامات. الحالة: جديد. الملكية: طابو نظامي. الطابق: سابع. المميزات: أثاث, إنترنت",185600,ركن الدين,136,1,1,شقة,جديد,"أثاث, إنترنت",2026-03-03,بائع_158,954883714,ماروتا سيتي,طابو نظامي,كهرباء دولة,سابع,33.503788,36.264145,1365,متوسطة,property_images/apartment_kitchen.jpg,property_images/house_traditional.jpg|property_images/apartment_modern.jpg|property_images/duplex_interior.jpg
706,بيت قديم في ركن الدين,"بيت تراثي دمشقي قديم في حي ركن الدين - مساحة 90 م² - 3 غرف, 1 حمامات. الحالة: ممتاز. الملكية: سجل عقاري. الطابق: أرضي. المميزات: مكيف, قرب مستشفى, حديقة, مرآب",80300,ركن الدين,90,3,1,بيت قديم,ممتاز,"مكيف, قرب مستشفى, حديقة, مرآب",2026-03-15,بائع_91,967371952,إمتلاك,سجل عقاري,طاقة شمسية,أرضي,33.502902,36.26519,892,متوسطة,property_images/building_needs_renovation.jpg,property_images/villa_interior.jpg|property_images/townhouse.jpg|property_images/bedroom.jpg
707,منزل في ركن الدين,"منزل سكني عائلي في حي ركن الدين - مساحة 157 م² - 4 غرف, 2 حمامات. الحالة: جديد. الملكية: سجل عقاري. الطابق: ملحق. المميزات: شبابيك دبل غلاس, بلكونة, تدفئة مركزية, غاز مركزي, مكيف, أثاث",247600,ركن الدين,157,4,2,منزل,جديد,"شبابيك دبل غلاس, بلكونة, تدفئة مركزية, غاز مركزي, مكيف, أثاث",2025-11-12,بائع_148,956458802,إمتلاك,سجل عقاري,كهرباء دولة,ملحق,33.505494,36.267876,1577,متوسطة,property_images/townhouse.jpg,property_images/villa_modern.jpg|property_images/apartment_economy.jpg|property_images/house_traditional.jpg
708,مكتب في ركن الدين,"مكتب تجاري في حي ركن الدين - مساحة 74 م², 1 حمامات. الحالة: جيد. الملكية: حكم محكمة. الطابق: أول. المميزات: شقة مفروشة, أثاث",67200,ركن الدين,74,0,1,مكتب,جيد,"شقة مفروشة, أثاث",2026-04-06,بائع_265,953598293,بيوتنا,حكم محكمة,"كهرباء دولة, طاقة شمسية",أول,33.499592,36.266151,908,متوسطة,property_images/apartment_interior.jpg,property_images/apartment_luxury.jpg|property_images/apartment_street.jpg|property_images/building_new_construction.jpg
709,منزل في ركن الدين,"منزل سكني عائلي في حي ركن الدين - مساحة 230 م² - 2 غرف, 2 حمامات. الحالة: ممتاز. الملكية: حكم محكمة. الطابق: أرضي. المميزات: شارع رئيسي, إنترنت",205000,ركن الدين,230,2,2,منزل,ممتاز,"شارع رئيسي, إنترنت",2026-02-08,بائع_52,953475394,بيوت شام,حكم محكمة,كهرباء دولة,أرضي,33.502513,36.2674,891,متوسطة,property_images/duplex_interior.jpg,property_images/apartment_luxury.jpg|property_images/apartment_economy.jpg|property_images/townhouse.jpg
710,شقة في ركن الدين,"شقة سكنية في بناء سكني في حي ركن الدين - مساحة 186 م² - 4 غرف, 2 حمامات. الحالة: جيد. الملكية: كاتب عدل. الطابق: خامس. المميزات: قرب مستشفى, مرآب, غاز مركزي, أبواب حديدية, طاقة شمسية, كهرباء دولة",228600,ركن الدين,186,4,2,شقة,جيد,"قرب مستشفى, مرآب, غاز مركزي, أبواب حديدية, طاقة شمسية, كهرباء دولة",2026-01-23,بائع_154,935345684,ماروتا سيتي,كاتب عدل,غير محدد,خامس,33.507438,36.267682,1229,متوسطة,property_images/bedroom.jpg,property_images/apartment_interior.jpg|property_images/apartment_economy.jpg|property_images/villa_modern.jpg
711,مكتب في ركن الدين,"مكتب تجاري في حي ركن الدين - مساحة 60 م², 1 حمامات. الحالة: يحتاج ترميم. الملكية: طابو أخضر. الطابق: أرضي. المميزات: قرب مستشفى, غاز مركزي, شارع رئيسي, مصعد",29700,ركن الدين,60,0,1,مكتب,يحتاج ترميم,"قرب مستشفى, غاز مركزي, شارع رئيسي, مصعد",2025-12-04,بائع_269,955695578,ماروتا سيتي,طابو أخضر,كهرباء دولة,أرضي,33.505954,36.265664,495,متوسطة,property_images/apartment_modern.jpg,property_images/building_needs_renovation.jpg|property_images/building_new_construction.jpg|property_images/duplex_interior.jpg
712,شقة في ركن الدين,"شقة سكنية في بناء سكني في حي ركن الدين - مساحة 127 م² - 1 غرف, 1 حمامات. الحالة: جيد. الملكية: كاتب عدل. الطابق: ثاني. المميزات: مكيف, إنترنت, شبابيك دبل غلاس, غاز مركزي",86100,ركن الدين,127,1,1,شقة,جيد,"مكيف, إنترنت, شبابيك دبل غلاس, غاز مركزي",2026-03-15,بائع_89,968422465,سوق.كوم,كاتب عدل,كهرباء دولة,ثاني,33.501822,36.266325,678,متوسطة,property_images/apartment_economy.jpg,property_images/duplex_interior.jpg|property_images/apartment_street.jpg|property_images/apartment_interior.jpg
713,شقة في ركن الدين,"شقة سكنية في بناء سكني في حي ركن الدين - مساحة 98 م² - 2 غرف, 1 حمامات. الحالة: مقبول. الملكية: سجل عقاري. الطابق: سابع. المميزات: إنترنت, مصعد, أبواب حديدية, بلكونة, شارع رئيسي, حارس أمن",67200,ركن الدين,98,2,1,شقة,مقبول,"إنترنت, مصعد, أبواب حديدية, بلكونة, شارع رئيسي, حارس أمن",2026-03-12,بائع_242,978971730,دوشيش,سجل عقاري,كهرباء دولة,سابع,33.501903,36.269667,686,متوسطة,property_images/bedroom.jpg,property_images/duplex_interior.jpg|property_images/house_traditional.jpg|property_images/apartment_luxury.jpg
714,بيت قديم في ركن الدين,"بيت تراثي دمشقي قديم في حي ركن الدين - مساحة 61 م² - 2 غرف, 2 حمامات. الحالة: مقبول. الملكية: طابو أخضر. الطابق: ملحق. المميزات: غاز مركزي, حديقة, بئر مياه خاص",39300,ركن الدين,61,2,2,بيت قديم,مقبول,"غاز مركزي, حديقة, بئر مياه خاص",2026-01-25,بائع_274,939463716,دوشيش,طابو أخضر,غير محدد,ملحق,33.505436,36.266974,644,متوسطة,property_images/building_needs_renovation.jpg,property_images/villa_interior.jpg|property_images/apartment_modern.jpg|property_images/house_traditional.jpg
715,بيت في ركن الدين,"بيت سكني تقليدي في حي ركن الدين - مساحة 88 م² - 3 غرف, 1 حمامات. الحالة: يحتاج ترميم. الملكية: طابو أخضر. الطابق: ملحق. المميزات: إنترنت, شارع رئيسي, حديقة",48400,ركن الدين,88,3,1,بيت,يحتاج ترميم,"إنترنت, شارع رئيسي, حديقة",2026-01-24,بائع_40,959244787,دوشيش,طابو أخضر,غير محدد,ملحق,33.505359,36.268388,550,متوسطة,property_images/building_needs_renovation.jpg,property_images/apartment_kitchen.jpg|property_images/townhouse.jpg|property_images/building_needs_renovation.jpg
716,شقة في ركن الدين,"شقة سكنية في بناء سكني في حي ركن الدين - مساحة 101 م² - 3 غرف, 2 حمامات. الحالة: كالجديد. الملكية: سجل عقاري. الطابق: رابع. المميزات: مرآب, مكيف, بئر مياه خاص",123200,ركن الدين,101,3,2,شقة,كالجديد,"مرآب, مكيف, بئر مياه خاص",2026-04-27,بائع_134,983288238,بيوتنا,سجل عقاري,كهرباء دولة,رابع,33.500795,36.269363,1220,متوسطة,property_images/apartment_economy.jpg,property_images/apartment_street.jpg|property_images/building_new_construction.jpg|property_images/bedroom.jpg
717,شقة في ركن الدين,"شقة سكنية في بناء سكني في حي ركن الدين - مساحة 134 م² - 1 غرف, 2 حمامات. الحالة: جيد. الملكية: طابو أخضر. الطابق: أرضي. المميزات: شارع رئيسي, غاز مركزي",117900,ركن الدين,134,1,2,شقة,جيد,"شارع رئيسي, غاز مركزي",2025-12-27,بائع_197,988112151,دوشيش,طابو أخضر,"كهرباء دولة, طاقة شمسية",أرضي,33.501323,36.266227,880,متوسطة,property_images/bedroom.jpg,property_images/building_needs_renovation.jpg|property_images/apartment_economy.jpg|property_images/apartment_luxury.jpg
718,بيت في ركن الدين,"بيت سكني تقليدي في حي ركن الدين - مساحة 126 م² - 1 غرف, 2 حمامات. الحالة: جيد. الملكية: سجل عقاري. الطابق: سابع. المميزات: كهرباء دولة, حارس أمن, شبابيك دبل غلاس, شقة مفروشة, إنترنت",123000,ركن الدين,126,1,2,بيت,جيد,"كهرباء دولة, حارس أمن, شبابيك دبل غلاس, شقة مفروشة, إنترنت",2026-02-01,بائع_58,952544664,إكار,سجل عقاري,غير محدد,سابع,33.501725,36.268917,976,متوسطة,property_images/building_needs_renovation.jpg,property_images/apartment_street.jpg|property_images/bedroom.jpg|property_images/apartment_kitchen.jpg
719,بيت قديم في ركن الدين,"بيت تراثي دمشقي قديم في حي ركن الدين - مساحة 50 م² - 2 غرف, 2 حمامات. الحالة: مقبول. الملكية: طابو أخضر. الطابق: أول. المميزات: كهرباء دولة, أثاث, شقة مفروشة, شبابيك دبل غلاس, مرآب, تدفئة مركزية",26700,ركن الدين,50,2,2,بيت قديم,مقبول,"كهرباء دولة, أثاث, شقة مفروشة, شبابيك دبل غلاس, مرآب, تدفئة مركزية",2025-12-31,بائع_236,976152505,إكار,طابو أخضر,"كهرباء دولة, طاقة شمسية",أول,33.502938,36.266181,534,متوسطة,property_images/building_needs_renovation.jpg,property_images/apartment_luxury.jpg|property_images/townhouse.jpg|property_images/bedroom.jpg
720,بيت قديم في ركن الدين,"بيت تراثي دمشقي قديم في حي ركن الدين - مساحة 67 م² - 3 غرف, 1 حمامات. الحالة: ممتاز. الملكية: طابو نظامي. الطابق: أول. المميزات: كهرباء دولة, بلكونة, بئر مياه خاص, إنترنت, مرآب, مصعد",44800,ركن الدين,67,3,1,بيت قديم,ممتاز,"كهرباء دولة, بلكونة, بئر مياه خاص, إنترنت, مرآب, مصعد",2025-12-04,بائع_58,975867457,سوق.كوم,طابو نظامي,كهرباء دولة,أول,33.503584,36.267625,669,متوسطة,property_images/building_needs_renovation.jpg,property_images/apartment_modern.jpg|property_images/villa_modern.jpg|property_images/house_traditional.jpg
721,منزل في ركن الدين,"منزل سكني عائلي في حي ركن الدين - مساحة 80 م² - 2 غرف, 1 حمامات. الحالة: ممتاز. الملكية: طابو أخضر. الطابق: أول. المميزات: شارع رئيسي, أبواب حديدية, مرآب",47900,ركن الدين,80,2,1,منزل,ممتاز,"شارع رئيسي, أبواب حديدية, مرآب",2025-11-28,بائع_125,997696711,دوشيش,طابو أخضر,كهرباء دولة,أول,33.501786,36.268915,599,متوسطة,property_images/duplex_interior.jpg,property_images/apartment_luxury.jpg|property_images/house_traditional.jpg|property_images/duplex_interior.jpg
722,شقة في ركن الدين,"شقة سكنية في بناء سكني في حي ركن الدين - مساحة 55 م² - 1 غرف, 2 حمامات. الحالة: ممتاز. الملكية: طابو أخضر. الطابق: ثاني. المميزات: موقف سيارات, حديقة, بئر مياه خاص, مرآب, غاز مركزي, مصعد",51300,ركن الدين,55,1,2,شقة,ممتاز,"موقف سيارات, حديقة, بئر مياه خاص, مرآب, غاز مركزي, مصعد",2025-11-19,بائع_41,985222080,ماروتا سيتي,طابو أخضر,طاقة شمسية,ثاني,33.501948,36.270777,933,متوسطة,property_images/apartment_luxury.jpg,property_images/bedroom.jpg|property_images/building_new_construction.jpg|property_images/duplex_interior.jpg
723,شقة في ركن الدين,"شقة سكنية في بناء سكني في حي ركن الدين - مساحة 106 م² - 2 غرف, 1 حمامات. الحالة: ممتاز. الملكية: طابو نظامي. الطابق: رابع. المميزات: قرب مستشفى, أبواب حديدية, أثاث, مرآب",120900,ركن الدين,106,2,1,شقة,ممتاز,"قرب مستشفى, أبواب حديدية, أثاث, مرآب",2026-02-24,بائع_257,935733992,دوشيش,طابو نظامي,غير محدد,رابع,33.503283,36.263739,1141,متوسطة,property_images/apartment_economy.jpg,property_images/townhouse.jpg|property_images/villa_modern.jpg|property_images/villa_interior.jpg
724,محل تجاري في ركن الدين,"محل تجاري أو مكتب في حي ركن الدين - مساحة 79 م² - 1 غرف, 1 حمامات. الحالة: جيد. الملكية: طابو نظامي. الطابق: أول. المميزات: مرآب, مكيف",90000,ركن الدين,79,1,1,محل تجاري,جيد,"مرآب, مكيف",2025-11-24,بائع_163,942332074,بيوتنا,طابو نظامي,كهرباء دولة,أول,33.504017,36.275852,1139,متوسطة,property_images/building_new_construction.jpg,property_images/apartment_luxury.jpg|property_images/apartment_interior.jpg|property_images/building_new_construction.jpg
725,شقة في ركن الدين,"شقة سكنية في بناء سكني في حي ركن الدين - مساحة 55 م² - 1 غرف, 2 حمامات. الحالة: ممتاز. الملكية: طابو أخضر. الطابق: ملحق. المميزات: مرآب, إطلالة مفتوحة, حديقة, قرب مدرسة, غاز مركزي, أبواب حديدية",80200,ركن الدين,55,1,2,شقة,ممتاز,"مرآب, إطلالة مفتوحة, حديقة, قرب مدرسة, غاز مركزي, أبواب حديدية",2026-02-06,بائع_228,949584387,ماروتا سيتي,طابو أخضر,"كهرباء دولة, طاقة شمسية",ملحق,33.502425,36.268575,1458,متوسطة,property_images/apartment_street.jpg,property_images/house_traditional.jpg|property_images/apartment_kitchen.jpg|property_images/apartment_luxury.jpg
726,بيت قديم في ركن الدين,"بيت تراثي دمشقي قديم في حي ركن الدين - مساحة 98 م² - 4 غرف, 2 حمامات. الحالة: كالجديد. الملكية: حكم محكمة. الطابق: ملحق. المميزات: غاز مركزي, تدفئة مركزية, قرب مستشفى, موقف سيارات",73100,ركن الدين,98,4,2,بيت قديم,كالجديد,"غاز مركزي, تدفئة مركزية, قرب مستشفى, موقف سيارات",2026-04-14,بائع_107,997487125,بيوت شام,حكم محكمة,كهرباء دولة,ملحق,33.50186,36.268659,746,متوسطة,property_images/building_needs_renovation.jpg,property_images/apartment_street.jpg|property_images/building_needs_renovation.jpg|property_images/house_traditional.jpg
727,شقة في ركن الدين,"شقة سكنية في بناء سكني في حي ركن الدين - مساحة 66 م² - 1 غرف, 1 حمامات. الحالة: ممتاز. الملكية: حكم محكمة. الطابق: رابع. المميزات: قرب مستشفى, بلكونة, إنترنت, مرآب, قرب مدرسة, مصعد",77100,ركن الدين,66,1,1,شقة,ممتاز,"قرب مستشفى, بلكونة, إنترنت, مرآب, قرب مدرسة, مصعد",2026-03-06,بائع_193,998238094,دوشيش,حكم محكمة,كهرباء دولة,رابع,33.502168,36.26574,1168,متوسطة,property_images/apartment_economy.jpg,property_images/apartment_interior.jpg|property_images/building_needs_renovation.jpg|property_images/townhouse.jpg
728,بيت في ركن الدين,"بيت سكني تقليدي في حي ركن الدين - مساحة 96 م² - 1 غرف, 1 حمامات. الحالة: مقبول. الملكية: طابو أخضر. الطابق: ثاني. المميزات: قرب مستشفى, بئر مياه خاص",85700,ركن الدين,96,1,1,بيت,مقبول,"قرب مستشفى, بئر مياه خاص",2026-01-23,بائع_282,982469124,ماروتا سيتي,طابو أخضر,غير محدد,ثاني,33.501929,36.268717,893,متوسطة,property_images/house_traditional.jpg,property_images/building_needs_renovation.jpg|property_images/apartment_luxury.jpg|property_images/apartment_interior.jpg
729,شقة في ركن الدين,"شقة سكنية في بناء سكني في حي ركن الدين - مساحة 94 م² - 3 غرف, 1 حمامات. الحالة: يحتاج ترميم. الملكية: طابو نظامي. الطابق: ثالث. المميزات: شقة مفروشة, قرب مدرسة, إطلالة مفتوحة, غاز مركزي",75100,ركن الدين,94,3,1,شقة,يحتاج ترميم,"شقة مفروشة, قرب مدرسة, إطلالة مفتوحة, غاز مركزي",2026-01-07,بائع_147,987264592,ماروتا سيتي,طابو نظامي,غير محدد,ثالث,33.504371,36.271697,799,متوسطة,property_images/apartment_economy.jpg,property_images/apartment_modern.jpg|property_images/villa_modern.jpg|property_images/apartment_street.jpg
730,شقة في ركن الدين,"شقة سكنية في بناء سكني في حي ركن الدين - مساحة 113 م² - 3 غرف, 2 حمامات. الحالة: ممتاز. الملكية: سجل عقاري. الطابق: سادس. المميزات: حارس أمن, غاز مركزي, قرب مستشفى",130000,ركن الدين,113,3,2,شقة,ممتاز,"حارس أمن, غاز مركزي, قرب مستشفى",2025-11-24,بائع_15,958245303,إكار,سجل عقاري,غير محدد,سادس,33.503196,36.270592,1150,متوسطة,property_images/apartment_economy.jpg,property_images/building_needs_renovation.jpg|property_images/bedroom.jpg|property_images/apartment_kitchen.jpg
731,بيت في ركن الدين,"بيت سكني تقليدي في حي ركن الدين - مساحة 88 م² - 3 غرف, 2 حمامات. الحالة: يحتاج ترميم. الملكية: حكم محكمة. الطابق: ثالث. المميزات: حديقة, إطلالة مفتوحة",56800,ركن الدين,88,3,2,بيت,يحتاج ترميم,"حديقة, إطلالة مفتوحة",2025-11-11,بائع_47,977123823,إمتلاك,حكم محكمة,كهرباء دولة,ثالث,33.502611,36.267872,645,متوسطة,property_images/building_needs_renovation.jpg,property_images/apartment_kitchen.jpg|property_images/bedroom.jpg|property_images/apartment_luxury.jpg
732,بيت في ركن الدين,"بيت سكني تقليدي في حي ركن الدين - مساحة 112 م² - 3 غرف, 1 حمامات. الحالة: مقبول. الملكية: سجل عقاري. الطابق: ثاني. المميزات: شبابيك دبل غلاس, إنترنت, طاقة شمسية",78500,ركن الدين,112,3,1,بيت,مقبول,"شبابيك دبل غلاس, إنترنت, طاقة شمسية",2026-03-15,بائع_166,946407213,سوق.كوم,سجل عقاري,كهرباء دولة,ثاني,33.502768,36.268429,701,متوسطة,property_images/building_needs_renovation.jpg,property_images/building_needs_renovation.jpg|property_images/building_new_construction.jpg|property_images/apartment_street.jpg
733,محل تجاري في ركن الدين,"محل تجاري أو مكتب في حي ركن الدين - مساحة 99 م², 1 حمامات. الحالة: كالجديد. الملكية: سجل عقاري. الطابق: ثاني. المميزات: بلكونة, شبابيك دبل غلاس, شقة مفروشة",153000,ركن الدين,99,0,1,محل تجاري,كالجديد,"بلكونة, شبابيك دبل غلاس, شقة مفروشة",2026-02-10,بائع_82,961584664,إمتلاك,سجل عقاري,كهرباء دولة,ثاني,33.504738,36.267089,1545,متوسطة,property_images/building_new_construction.jpg,property_images/building_new_construction.jpg|property_images/duplex_interior.jpg|property_images/villa_modern.jpg
734,مكتب في ركن الدين,"مكتب تجاري في حي ركن الدين - مساحة 37 م², 1 حمامات. الحالة: جديد. الملكية: طابو أخضر. الطابق: ثاني. المميزات: أبواب حديدية, غاز مركزي, موقف سيارات, مرآب, كهرباء دولة, حارس أمن",62300,ركن الدين,37,0,1,مكتب,جديد,"أبواب حديدية, غاز مركزي, موقف سيارات, مرآب, كهرباء دولة, حارس أمن",2025-12-20,بائع_13,986604163,ماروتا سيتي,طابو أخضر,غير محدد,ثاني,33.504752,36.270945,1684,متوسطة,property_images/apartment_interior.jpg,property_images/villa_modern.jpg|property_images/building_needs_renovation.jpg|property_images/apartment_modern.jpg
735,بيت قديم في ركن الدين,"بيت تراثي دمشقي قديم في حي ركن الدين - مساحة 78 م² - 4 غرف, 1 حمامات. الحالة: ممتاز. الملكية: سجل عقاري. الطابق: أرضي. المميزات: غاز مركزي, شقة مفروشة, شبابيك دبل غلاس, مرآب",55500,ركن الدين,78,4,1,بيت قديم,ممتاز,"غاز مركزي, شقة مفروشة, شبابيك دبل غلاس, مرآب",2025-12-08,بائع_58,951484265,دوشيش,سجل عقاري,كهرباء دولة,أرضي,33.499721,36.267215,712,متوسطة,property_images/house_traditional.jpg,property_images/villa_interior.jpg|property_images/apartment_street.jpg|property_images/duplex_interior.jpg
736,بيت في ركن الدين,"بيت سكني تقليدي في حي ركن الدين - مساحة 139 م² - 2 غرف, 1 حمامات. الحالة: كالجديد. الملكية: طابو نظامي. الطابق: سابع. المميزات: حارس أمن, حديقة, موقف سيارات, شبابيك دبل غلاس",122100,ركن الدين,139,2,1,بيت,كالجديد,"حارس أمن, حديقة, موقف سيارات, شبابيك دبل غلاس",2026-02-07,بائع_152,986446723,ماروتا سيتي,طابو نظامي,غير محدد,سابع,33.504281,36.267619,878,متوسطة,property_images/building_needs_renovation.jpg,property_images/house_traditional.jpg|property_images/apartment_modern.jpg|property_images/villa_modern.jpg
737,منزل في ركن الدين,"منزل سكني عائلي في حي ركن الدين - مساحة 174 م² - 2 غرف, 1 حمامات. الحالة: ممتاز. الملكية: طابو نظامي. الطابق: أرضي. المميزات: شقة مفروشة, بئر مياه خاص, مصعد",128700,ركن الدين,174,2,1,منزل,ممتاز,"شقة مفروشة, بئر مياه خاص, مصعد",2026-02-20,بائع_158,950695213,إمتلاك,طابو نظامي,غير محدد,أرضي,33.50317,36.262018,740,متوسطة,property_images/house_traditional.jpg,property_images/apartment_modern.jpg|property_images/building_new_construction.jpg|property_images/townhouse.jpg
738,شقة في ركن الدين,"شقة سكنية في بناء سكني في حي ركن الدين - مساحة 113 م² - 2 غرف, 1 حمامات. الحالة: جيد. الملكية: حكم محكمة. الطابق: رابع. المميزات: إطلالة مفتوحة, بئر مياه خاص, غاز مركزي",64400,ركن الدين,113,2,1,شقة,جيد,"إطلالة مفتوحة, بئر مياه خاص, غاز مركزي",2026-03-12,بائع_299,968255570,إكار,حكم محكمة,طاقة شمسية,رابع,33.505412,36.269555,570,متوسطة,property_images/apartment_luxury.jpg,property_images/apartment_kitchen.jpg|property_images/duplex_interior.jpg|property_images/apartment_street.jpg
739,شقة في ركن الدين,"شقة سكنية في بناء سكني في حي ركن الدين - مساحة 136 م² - 4 غرف, 2 حمامات. الحالة: ممتاز. الملكية: سجل عقاري. الطابق: سادس. المميزات: بلكونة, إنترنت, مكيف, شقة مفروشة, حديقة, إطلالة مفتوحة",182500,ركن الدين,136,4,2,شقة,ممتاز,"بلكونة, إنترنت, مكيف, شقة مفروشة, حديقة, إطلالة مفتوحة",2026-03-23,بائع_269,991283906,دوشيش,سجل عقاري,غير محدد,سادس,33.501102,36.271495,1342,متوسطة,property_images/bedroom.jpg,property_images/apartment_luxury.jpg|property_images/building_needs_renovation.jpg|property_images/townhouse.jpg
740,محل تجاري في ركن الدين,"محل تجاري أو مكتب في حي ركن الدين - مساحة 83 م² - 1 غرف, 1 حمامات. الحالة: جديد. الملكية: بدون أوراق. الطابق: ثاني. المميزات: أثاث, طاقة شمسية, مكيف, كهرباء دولة",84600,ركن الدين,83,1,1,محل تجاري,جديد,"أثاث, طاقة شمسية, مكيف, كهرباء دولة",2025-11-20,بائع_101,975623019,دوشيش,بدون أوراق,غير محدد,ثاني,33.505271,36.265787,1019,متوسطة,property_images/building_new_construction.jpg,property_images/villa_interior.jpg|property_images/apartment_modern.jpg|property_images/apartment_economy.jpg
741,منزل في ركن الدين,"منزل سكني عائلي في حي ركن الدين - مساحة 122 م² - 3 غرف, 3 حمامات. الحالة: جيد. الملكية: طابو أخضر. الطابق: ملحق. المميزات: إنترنت, تدفئة مركزية, غاز مركزي",94500,ركن الدين,122,3,3,منزل,جيد,"إنترنت, تدفئة مركزية, غاز مركزي",2026-04-18,بائع_139,998987730,إمتلاك,طابو أخضر,"كهرباء دولة, طاقة شمسية",ملحق,33.501942,36.265887,775,متوسطة,property_images/house_traditional.jpg,property_images/building_needs_renovation.jpg|property_images/bedroom.jpg|property_images/villa_modern.jpg
742,منزل في ركن الدين,"منزل سكني عائلي في حي ركن الدين - مساحة 215 م² - 5 غرف, 3 حمامات. الحالة: جديد. الملكية: كاتب عدل. الطابق: ملحق. المميزات: طاقة شمسية, شارع رئيسي, كهرباء دولة, بلكونة, إطلالة مفتوحة, شقة مفروشة",230800,ركن الدين,215,5,3,منزل,جديد,"طاقة شمسية, شارع رئيسي, كهرباء دولة, بلكونة, إطلالة مفتوحة, شقة مفروشة",2025-12-01,بائع_137,965195797,إمتلاك,كاتب عدل,طاقة شمسية,ملحق,33.503705,36.266859,1073,متوسطة,property_images/duplex_interior.jpg,property_images/building_new_construction.jpg|property_images/building_needs_renovation.jpg|property_images/apartment_modern.jpg
743,شقة في ركن الدين,"شقة سكنية في بناء سكني في حي ركن الدين - مساحة 56 م² - 2 غرف, 2 حمامات. الحالة: مقبول. الملكية: طابو أخضر. الطابق: ثالث. المميزات: أثاث, طاقة شمسية",48700,ركن الدين,56,2,2,شقة,مقبول,"أثاث, طاقة شمسية",2026-01-07,بائع_51,998919370,سوق.كوم,طابو أخضر,كهرباء دولة,ثالث,33.499175,36.267863,870,متوسطة,property_images/apartment_street.jpg,property_images/apartment_modern.jpg|property_images/apartment_kitchen.jpg|property_images/apartment_economy.jpg
744,شقة في ركن الدين,"شقة سكنية في بناء سكني في حي ركن الدين - مساحة 72 م² - 1 غرف, 2 حمامات. الحالة: جيد. الملكية: طابو أخضر. الطابق: أول. المميزات: أبواب حديدية, أثاث",98500,ركن الدين,72,1,2,شقة,جيد,"أبواب حديدية, أثاث",2026-01-01,بائع_154,931709970,دوشيش,طابو أخضر,"كهرباء دولة, طاقة شمسية",أول,33.504823,36.268212,1368,متوسطة,property_images/bedroom.jpg,property_images/building_needs_renovation.jpg|property_images/bedroom.jpg|property_images/villa_modern.jpg
745,محل تجاري في الميدان,"محل تجاري أو مكتب في حي الميدان - مساحة 91 م², 1 حمامات. الحالة: كالجديد. الملكية: كاتب عدل. الطابق: ثاني. المميزات: كهرباء دولة, مرآب",60200,الميدان,91,0,1,محل تجاري,كالجديد,"كهرباء دولة, مرآب",2026-02-10,بائع_260,991639178,بيوت شام,كاتب عدل,كهرباء دولة,ثاني,33.498087,36.3104,662,متوسطة,property_images/building_new_construction.jpg,property_images/apartment_interior.jpg|property_images/apartment_modern.jpg|property_images/duplex_interior.jpg
746,مكتب في الميدان,"مكتب تجاري في حي الميدان - مساحة 60 م², 1 حمامات. الحالة: ممتاز. الملكية: كاتب عدل. الطابق: ثاني. المميزات: كهرباء دولة, قرب مدرسة, شقة مفروشة, بئر مياه خاص",55500,الميدان,60,0,1,مكتب,ممتاز,"كهرباء دولة, قرب مدرسة, شقة مفروشة, بئر مياه خاص",2026-03-20,بائع_250,930434713,إكار,كاتب عدل,كهرباء دولة,ثاني,33.498465,36.310577,925,متوسطة,property_images/apartment_interior.jpg,property_images/apartment_street.jpg|property_images/apartment_luxury.jpg|property_images/apartment_modern.jpg
747,منزل في الميدان,"منزل سكني عائلي في حي الميدان - مساحة 85 م² - 5 غرف, 3 حمامات. الحالة: كالجديد. الملكية: طابو أخضر. الطابق: أرضي. المميزات: حارس أمن, شبابيك دبل غلاس, حديقة, قرب مدرسة",47200,الميدان,85,5,3,منزل,كالجديد,"حارس أمن, شبابيك دبل غلاس, حديقة, قرب مدرسة",2026-03-07,بائع_110,969626154,بيوت شام,طابو أخضر,"كهرباء دولة, طاقة شمسية",أرضي,33.496755,36.310187,555,متوسطة,property_images/house_traditional.jpg,property_images/apartment_interior.jpg|property_images/apartment_street.jpg|property_images/building_needs_renovation.jpg
748,شقة في الميدان,"شقة سكنية في بناء سكني في حي الميدان - مساحة 80 م² - 3 غرف, 1 حمامات. الحالة: جيد. الملكية: طابو أخضر. الطابق: ثاني. المميزات: مكيف, حديقة, بلكونة, أثاث, غاز مركزي, قرب مستشفى",75600,الميدان,80,3,1,شقة,جيد,"مكيف, حديقة, بلكونة, أثاث, غاز مركزي, قرب مستشفى",2025-12-24,بائع_243,983917632,إمتلاك,طابو أخضر,طاقة شمسية,ثاني,33.500033,36.311204,945,متوسطة,property_images/bedroom.jpg,property_images/apartment_luxury.jpg|property_images/house_traditional.jpg|property_images/villa_modern.jpg
749,شقة في الميدان,"شقة سكنية في بناء سكني في حي الميدان - مساحة 122 م² - 3 غرف, 2 حمامات. الحالة: يحتاج ترميم. الملكية: سجل عقاري. الطابق: خامس. المميزات: بئر مياه خاص, حديقة, إنترنت",49000,الميدان,122,3,2,شقة,يحتاج ترميم,"بئر مياه خاص, حديقة, إنترنت",2026-01-25,بائع_214,930899248,دوشيش,سجل عقاري,كهرباء دولة,خامس,33.495096,36.310155,402,متوسطة,property_images/apartment_street.jpg,property_images/duplex_interior.jpg|property_images/villa_modern.jpg|property_images/apartment_economy.jpg
750,شقة في الميدان,"شقة سكنية في بناء سكني في حي الميدان - مساحة 129 م² - 2 غرف, 2 حمامات. الحالة: ممتاز. الملكية: حكم محكمة. الطابق: رابع. المميزات: مصعد, أثاث, إطلالة مفتوحة, كهرباء دولة",59800,الميدان,129,2,2,شقة,ممتاز,"مصعد, أثاث, إطلالة مفتوحة, كهرباء دولة",2026-01-16,بائع_196,971685176,إكار,حكم محكمة,طاقة شمسية,رابع,33.497668,36.309689,464,متوسطة,property_images/bedroom.jpg,property_images/apartment_economy.jpg|property_images/house_traditional.jpg|property_images/townhouse.jpg
751,بيت قديم في الميدان,"بيت تراثي دمشقي قديم في حي الميدان - مساحة 50 م² - 2 غرف, 2 حمامات. الحالة: مقبول. الملكية: حكم محكمة. الطابق: أرضي. المميزات: موقف سيارات, طاقة شمسية",15200,الميدان,50,2,2,بيت قديم,مقبول,"موقف سيارات, طاقة شمسية",2025-12-05,بائع_241,935919176,إمتلاك,حكم محكمة,كهرباء دولة,أرضي,33.496173,36.313775,304,متوسطة,property_images/building_needs_renovation.jpg,property_images/duplex_interior.jpg|property_images/apartment_modern.jpg|property_images/townhouse.jpg
752,شقة في الميدان,"شقة سكنية في بناء سكني في حي الميدان - مساحة 139 م² - 2 غرف, 2 حمامات. الحالة: يحتاج ترميم. الملكية: حكم محكمة. الطابق: رابع. المميزات: قرب مستشفى, غاز مركزي, تدفئة مركزية, حارس أمن, شارع رئيسي, حديقة",40600,الميدان,139,2,2,شقة,يحتاج ترميم,"قرب مستشفى, غاز مركزي, تدفئة مركزية, حارس أمن, شارع رئيسي, حديقة",2026-02-22,بائع_57,990240807,إمتلاك,حكم محكمة,كهرباء دولة,رابع,33.497972,36.306905,292,متوسطة,property_images/apartment_street.jpg,property_images/villa_interior.jpg|property_images/bedroom.jpg|property_images/apartment_street.jpg
753,شقة في الميدان,"شقة سكنية في بناء سكني في حي الميدان - مساحة 157 م² - 2 غرف, 1 حمامات. الحالة: يحتاج ترميم. الملكية: حكم محكمة. الطابق: ثالث. المميزات: بئر مياه خاص, قرب مستشفى, أثاث, قرب مدرسة, موقف سيارات, شبابيك دبل غلاس",59100,الميدان,157,2,1,شقة,يحتاج ترميم,"بئر مياه خاص, قرب مستشفى, أثاث, قرب مدرسة, موقف سيارات, شبابيك دبل غلاس",2025-11-17,بائع_134,997957011,بيوت شام,حكم محكمة,كهرباء دولة,ثالث,33.496813,36.312652,376,متوسطة,property_images/apartment_economy.jpg,property_images/apartment_street.jpg|property_images/townhouse.jpg|property_images/building_new_construction.jpg
754,بيت قديم في الميدان,"بيت تراثي دمشقي قديم في حي الميدان - مساحة 54 م² - 2 غرف, 2 حمامات. الحالة: كالجديد. الملكية: كاتب عدل. الطابق: أول. المميزات: شبابيك دبل غلاس, أثاث, بلكونة, حديقة",19600,الميدان,54,2,2,بيت قديم,كالجديد,"شبابيك دبل غلاس, أثاث, بلكونة, حديقة",2026-03-16,بائع_133,962732938,إمتلاك,كاتب عدل,كهرباء دولة,أول,33.495833,36.312077,363,متوسطة,property_images/building_needs_renovation.jpg,property_images/apartment_luxury.jpg|property_images/townhouse.jpg|property_images/apartment_modern.jpg
755,مكتب في الميدان,"مكتب تجاري في حي الميدان - مساحة 25 م², 1 حمامات. الحالة: كالجديد. الملكية: حكم محكمة. الطابق: أول. المميزات: أبواب حديدية, تدفئة مركزية, شقة مفروشة, إطلالة مفتوحة, قرب مستشفى",12100,الميدان,25,0,1,مكتب,كالجديد,"أبواب حديدية, تدفئة مركزية, شقة مفروشة, إطلالة مفتوحة, قرب مستشفى",2026-04-27,بائع_259,971928519,إكار,حكم محكمة,كهرباء دولة,أول,33.496098,36.311103,484,متوسطة,property_images/apartment_interior.jpg,property_images/apartment_street.jpg|property_images/apartment_luxury.jpg|property_images/building_new_construction.jpg
756,منزل في الميدان,"منزل سكني عائلي في حي الميدان - مساحة 214 م² - 2 غرف, 3 حمامات. الحالة: جيد. الملكية: حكم محكمة. الطابق: ملحق. المميزات: قرب مدرسة, حارس أمن",106200,الميدان,214,2,3,منزل,جيد,"قرب مدرسة, حارس أمن",2026-04-13,بائع_294,989739664,إمتلاك,حكم محكمة,كهرباء دولة,ملحق,33.496177,36.312308,496,متوسطة,property_images/duplex_interior.jpg,property_images/house_traditional.jpg|property_images/villa_modern.jpg|property_images/bedroom.jpg
757,مكتب في الميدان,"مكتب تجاري في حي الميدان - مساحة 25 م², 1 حمامات. الحالة: مقبول. الملكية: كاتب عدل. الطابق: أرضي. المميزات: شبابيك دبل غلاس, شارع رئيسي, مكيف, حديقة",12700,الميدان,25,0,1,مكتب,مقبول,"شبابيك دبل غلاس, شارع رئيسي, مكيف, حديقة",2026-01-09,بائع_271,985122527,دوشيش,كاتب عدل,كهرباء دولة,أرضي,33.497381,36.310898,508,متوسطة,property_images/apartment_interior.jpg,property_images/apartment_luxury.jpg|property_images/apartment_street.jpg|property_images/apartment_kitchen.jpg
758,منزل في الميدان,"منزل سكني عائلي في حي الميدان - مساحة 137 م² - 2 غرف, 1 حمامات. الحالة: جديد. الملكية: كاتب عدل. الطابق: أول. المميزات: حديقة, مرآب, مكيف",102300,الميدان,137,2,1,منزل,جديد,"حديقة, مرآب, مكيف",2026-02-11,بائع_273,988785362,إمتلاك,كاتب عدل,غير محدد,أول,33.492023,36.308684,747,متوسطة,property_images/house_traditional.jpg,property_images/villa_modern.jpg|property_images/house_traditional.jpg|property_images/apartment_kitchen.jpg
759,شقة في الميدان,"شقة سكنية في بناء سكني في حي الميدان - مساحة 135 م² - 2 غرف, 1 حمامات. الحالة: مقبول. الملكية: بدون أوراق. الطابق: أول. المميزات: أثاث, بئر مياه خاص, بلكونة",41300,الميدان,135,2,1,شقة,مقبول,"أثاث, بئر مياه خاص, بلكونة",2026-04-25,بائع_66,999465449,سوق.كوم,بدون أوراق,كهرباء دولة,أول,33.497118,36.310894,306,متوسطة,property_images/apartment_economy.jpg,property_images/bedroom.jpg|property_images/apartment_economy.jpg|property_images/house_traditional.jpg
760,شقة في الميدان,"شقة سكنية في بناء سكني في حي الميدان - مساحة 108 م² - 2 غرف, 1 حمامات. الحالة: ممتاز. الملكية: طابو نظامي. الطابق: ثالث. المميزات: بلكونة, مرآب, كهرباء دولة, طاقة شمسية",76600,الميدان,108,2,1,شقة,ممتاز,"بلكونة, مرآب, كهرباء دولة, طاقة شمسية",2026-01-13,بائع_64,978126658,دوشيش,طابو نظامي,طاقة شمسية,ثالث,33.495075,36.309587,709,متوسطة,property_images/apartment_modern.jpg,property_images/house_traditional.jpg|property_images/villa_interior.jpg|property_images/apartment_economy.jpg
761,محل تجاري في الميدان,"محل تجاري أو مكتب في حي الميدان - مساحة 75 م², 1 حمامات. الحالة: مقبول. الملكية: طابو نظامي. الطابق: أرضي. المميزات: غاز مركزي, أثاث, إطلالة مفتوحة, شارع رئيسي, حارس أمن",47600,الميدان,75,0,1,محل تجاري,مقبول,"غاز مركزي, أثاث, إطلالة مفتوحة, شارع رئيسي, حارس أمن",2025-12-08,بائع_265,945270795,ماروتا سيتي,طابو نظامي,غير محدد,أرضي,33.495827,36.310448,635,متوسطة,property_images/building_new_construction.jpg,property_images/apartment_modern.jpg|property_images/building_needs_renovation.jpg|property_images/apartment_economy.jpg
762,شقة في الميدان,"شقة سكنية في بناء سكني في حي الميدان - مساحة 145 م² - 3 غرف, 2 حمامات. الحالة: يحتاج ترميم. الملكية: حكم محكمة. الطابق: سابع. المميزات: أثاث, شارع رئيسي, موقف سيارات, شقة مفروشة, إنترنت",37700,الميدان,145,3,2,شقة,يحتاج ترميم,"أثاث, شارع رئيسي, موقف سيارات, شقة مفروشة, إنترنت",2026-01-09,بائع_9,930498489,ماروتا سيتي,حكم محكمة,"كهرباء دولة, طاقة شمسية",سابع,33.499318,36.309327,260,متوسطة,property_images/bedroom.jpg,property_images/duplex_interior.jpg|property_images/townhouse.jpg|property_images/apartment_interior.jpg
763,منزل في الميدان,"منزل سكني عائلي في حي الميدان - مساحة 179 م² - 4 غرف, 2 حمامات. الحالة: يحتاج ترميم. الملكية: طابو أخضر. الطابق: أرضي. المميزات: مرآب, بئر مياه خاص",96300,الميدان,179,4,2,منزل,يحتاج ترميم,"مرآب, بئر مياه خاص",2025-11-22,بائع_200,990116619,بيوت شام,طابو أخضر,طاقة شمسية,أرضي,33.494257,36.308581,538,متوسطة,property_images/house_traditional.jpg,property_images/apartment_economy.jpg|property_images/townhouse.jpg|property_images/apartment_luxury.jpg
764,بيت قديم في الميدان,"بيت تراثي دمشقي قديم في حي الميدان - مساحة 89 م² - 2 غرف, 1 حمامات. الحالة: مقبول. الملكية: طابو أخضر. الطابق: أرضي. المميزات: مصعد, مكيف, شقة مفروشة, إطلالة مفتوحة, قرب مدرسة, أبواب حديدية",29100,الميدان,89,2,1,بيت قديم,مقبول,"مصعد, مكيف, شقة مفروشة, إطلالة مفتوحة, قرب مدرسة, أبواب حديدية",2025-11-17,بائع_151,977747553,دوشيش,طابو أخضر,كهرباء دولة,أرضي,33.50047,36.308286,327,متوسطة,property_images/house_traditional.jpg,property_images/duplex_interior.jpg|property_images/villa_interior.jpg|property_images/house_traditional.jpg
765,محل تجاري في الميدان,"محل تجاري أو مكتب في حي الميدان - مساحة 46 م², 1 حمامات. الحالة: ممتاز. الملكية: طابو أخضر. الطابق: أرضي. المميزات: حارس أمن, بلكونة, مصعد, أبواب حديدية",37800,الميدان,46,0,1,محل تجاري,ممتاز,"حارس أمن, بلكونة, مصعد, أبواب حديدية",2026-02-27,بائع_165,933921316,سوق.كوم,طابو أخضر,كهرباء دولة,أرضي,33.494596,36.309209,822,متوسطة,property_images/building_new_construction.jpg,property_images/villa_modern.jpg|property_images/bedroom.jpg|property_images/apartment_interior.jpg
766,شقة في الميدان,"شقة سكنية في بناء سكني في حي الميدان - مساحة 131 م² - 2 غرف, 2 حمامات. الحالة: مقبول. الملكية: طابو أخضر. الطابق: ملحق. المميزات: قرب مدرسة, غاز مركزي",64400,الميدان,131,2,2,شقة,مقبول,"قرب مدرسة, غاز مركزي",2026-02-05,بائع_115,941540279,سوق.كوم,طابو أخضر,"كهرباء دولة, طاقة شمسية",ملحق,33.496813,36.308941,492,متوسطة,property_images/apartment_street.jpg,property_images/duplex_interior.jpg|property_images/townhouse.jpg|property_images/villa_modern.jpg
767,شقة في الميدان,"شقة سكنية في بناء سكني في حي الميدان - مساحة 66 م² - 4 غرف, 1 حمامات. الحالة: جيد. الملكية: بدون أوراق. الطابق: ثاني. المميزات: شارع رئيسي, مصعد, بئر مياه خاص, أبواب حديدية, قرب مدرسة, كهرباء دولة",32400,الميدان,66,4,1,شقة,جيد,"شارع رئيسي, مصعد, بئر مياه خاص, أبواب حديدية, قرب مدرسة, كهرباء دولة",2025-11-29,بائع_50,991616740,إمتلاك,بدون أوراق,كهرباء دولة,ثاني,33.50051,36.310037,491,متوسطة,property_images/apartment_kitchen.jpg,property_images/duplex_interior.jpg|property_images/villa_modern.jpg|property_images/townhouse.jpg
768,محل تجاري في الميدان,"محل تجاري أو مكتب في حي الميدان - مساحة 65 م², 1 حمامات. الحالة: جيد. الملكية: طابو أخضر. الطابق: أول. المميزات: موقف سيارات, حارس أمن, غاز مركزي",53300,الميدان,65,0,1,محل تجاري,جيد,"موقف سيارات, حارس أمن, غاز مركزي",2026-03-09,بائع_129,953865492,إمتلاك,طابو أخضر,طاقة شمسية,أول,33.494461,36.313405,820,متوسطة,property_images/building_new_construction.jpg,property_images/villa_modern.jpg|property_images/apartment_street.jpg|property_images/apartment_interior.jpg
769,شقة في الميدان,"شقة سكنية في بناء سكني في حي الميدان - مساحة 127 م² - 3 غرف, 1 حمامات. الحالة: جيد. الملكية: سجل عقاري. الطابق: سادس. المميزات: مرآب, إنترنت, مكيف, تدفئة مركزية",102300,الميدان,127,3,1,شقة,جيد,"مرآب, إنترنت, مكيف, تدفئة مركزية",2026-03-20,بائع_8,948765458,سوق.كوم,سجل عقاري,غير محدد,سادس,33.495534,36.313636,806,متوسطة,property_images/apartment_street.jpg,property_images/building_new_construction.jpg|property_images/apartment_interior.jpg|property_images/house_traditional.jpg
770,محل تجاري في الميدان,"محل تجاري أو مكتب في حي الميدان - مساحة 79 م², 1 حمامات. الحالة: كالجديد. الملكية: سجل عقاري. الطابق: أرضي. المميزات: إنترنت, أثاث, قرب مستشفى, غاز مركزي, شبابيك دبل غلاس",73200,الميدان,79,0,1,محل تجاري,كالجديد,"إنترنت, أثاث, قرب مستشفى, غاز مركزي, شبابيك دبل غلاس",2026-01-13,بائع_61,965787300,ماروتا سيتي,سجل عقاري,"كهرباء دولة, طاقة شمسية",أرضي,33.497468,36.309503,927,متوسطة,property_images/building_new_construction.jpg,property_images/building_new_construction.jpg|property_images/apartment_luxury.jpg|property_images/townhouse.jpg
771,منزل في الميدان,"منزل سكني عائلي في حي الميدان - مساحة 214 م² - 3 غرف, 2 حمامات. الحالة: ممتاز. الملكية: بدون أوراق. الطابق: ملحق. المميزات: أبواب حديدية, قرب مدرسة, شبابيك دبل غلاس, حارس أمن",106400,الميدان,214,3,2,منزل,ممتاز,"أبواب حديدية, قرب مدرسة, شبابيك دبل غلاس, حارس أمن",2026-02-27,بائع_33,976547232,إمتلاك,بدون أوراق,غير محدد,ملحق,33.493066,36.307766,497,متوسطة,property_images/duplex_interior.jpg,property_images/villa_interior.jpg|property_images/apartment_modern.jpg|property_images/bedroom.jpg
772,شقة في الميدان,"شقة سكنية في بناء سكني في حي الميدان - مساحة 113 م² - 4 غرف, 1 حمامات. الحالة: جيد. الملكية: طابو أخضر. الطابق: ثاني. المميزات: قرب مدرسة, بئر مياه خاص",74400,الميدان,113,4,1,شقة,جيد,"قرب مدرسة, بئر مياه خاص",2026-01-14,بائع_284,940629241,بيوتنا,طابو أخضر,طاقة شمسية,ثاني,33.496887,36.312438,658,متوسطة,property_images/apartment_economy.jpg,property_images/apartment_interior.jpg|property_images/apartment_modern.jpg|property_images/townhouse.jpg
773,شقة في الميدان,"شقة سكنية في بناء سكني في حي الميدان - مساحة 55 م² - 2 غرف, 1 حمامات. الحالة: يحتاج ترميم. الملكية: بدون أوراق. الطابق: ملحق. المميزات: مصعد, أثاث, إنترنت",18700,الميدان,55,2,1,شقة,يحتاج ترميم,"مصعد, أثاث, إنترنت",2025-12-21,بائع_269,936939133,إكار,بدون أوراق,طاقة شمسية,ملحق,33.493364,36.311519,340,متوسطة,property_images/apartment_luxury.jpg,property_images/building_needs_renovation.jpg|property_images/villa_modern.jpg|property_images/bedroom.jpg
774,شقة في الميدان,"شقة سكنية في بناء سكني في حي الميدان - مساحة 116 م² - 2 غرف, 2 حمامات. الحالة: كالجديد. الملكية: بدون أوراق. الطابق: ثاني. المميزات: حارس أمن, بلكونة, طاقة شمسية",71000,الميدان,116,2,2,شقة,كالجديد,"حارس أمن, بلكونة, طاقة شمسية",2026-01-17,بائع_104,965151288,دوشيش,بدون أوراق,كهرباء دولة,ثاني,33.495272,36.312559,612,متوسطة,property_images/apartment_street.jpg,property_images/building_new_construction.jpg|property_images/house_traditional.jpg|property_images/villa_interior.jpg
775,شقة في الميدان,"شقة سكنية في بناء سكني في حي الميدان - مساحة 156 م² - 4 غرف, 2 حمامات. الحالة: يحتاج ترميم. الملكية: بدون أوراق. الطابق: رابع. المميزات: مكيف, بئر مياه خاص, مصعد, موقف سيارات",58300,الميدان,156,4,2,شقة,يحتاج ترميم,"مكيف, بئر مياه خاص, مصعد, موقف سيارات",2026-03-13,بائع_35,937891852,دوشيش,بدون أوراق,غير محدد,رابع,33.496741,36.31116,374,متوسطة,property_images/apartment_economy.jpg,property_images/building_new_construction.jpg|property_images/building_needs_renovation.jpg|property_images/house_traditional.jpg
776,شقة في الميدان,"شقة سكنية في بناء سكني في حي الميدان - مساحة 95 م² - 2 غرف, 2 حمامات. الحالة: جيد. الملكية: طابو أخضر. الطابق: ثالث. المميزات: شارع رئيسي, مرآب, غاز مركزي",69900,الميدان,95,2,2,شقة,جيد,"شارع رئيسي, مرآب, غاز مركزي",2026-03-09,بائع_142,947520940,سوق.كوم,طابو أخضر,كهرباء دولة,ثالث,33.500299,36.312141,736,متوسطة,property_images/apartment_street.jpg,property_images/apartment_modern.jpg|property_images/townhouse.jpg|property_images/building_needs_renovation.jpg
777,بيت قديم في الميدان,"بيت تراثي دمشقي قديم في حي الميدان - مساحة 74 م² - 2 غرف, 2 حمامات. الحالة: جيد. الملكية: حكم محكمة. الطابق: ملحق. المميزات: كهرباء دولة, حديقة, مصعد",35200,الميدان,74,2,2,بيت قديم,جيد,"كهرباء دولة, حديقة, مصعد",2026-04-09,بائع_242,959792502,دوشيش,حكم محكمة,"كهرباء دولة, طاقة شمسية",ملحق,33.494414,36.311145,476,متوسطة,property_images/house_traditional.jpg,property_images/bedroom.jpg|property_images/house_traditional.jpg|property_images/villa_interior.jpg
778,شقة في الميدان,"شقة سكنية في بناء سكني في حي الميدان - مساحة 135 م² - 4 غرف, 1 حمامات. الحالة: كالجديد. الملكية: حكم محكمة. الطابق: أرضي. المميزات: حديقة, كهرباء دولة",59400,الميدان,135,4,1,شقة,كالجديد,"حديقة, كهرباء دولة",2026-04-07,بائع_239,984713394,بيوتنا,حكم محكمة,كهرباء دولة,أرضي,33.494676,36.309434,440,متوسطة,property_images/bedroom.jpg,property_images/villa_interior.jpg|property_images/bedroom.jpg|property_images/building_new_construction.jpg
779,محل تجاري في الميدان,"محل تجاري أو مكتب في حي الميدان - مساحة 52 م² - 1 غرف, 1 حمامات. الحالة: جيد. الملكية: كاتب عدل. الطابق: أول. المميزات: حارس أمن, موقف سيارات, إنترنت, طاقة شمسية, أبواب حديدية, مرآب",25200,الميدان,52,1,1,محل تجاري,جيد,"حارس أمن, موقف سيارات, إنترنت, طاقة شمسية, أبواب حديدية, مرآب",2026-02-23,بائع_142,962771366,إكار,كاتب عدل,"كهرباء دولة, طاقة شمسية",أول,33.497778,36.310503,485,متوسطة,property_images/building_new_construction.jpg,property_images/townhouse.jpg|property_images/duplex_interior.jpg|property_images/apartment_economy.jpg
780,شقة في الميدان,"شقة سكنية في بناء سكني في حي الميدان - مساحة 113 م² - 3 غرف, 1 حمامات. الحالة: جيد. الملكية: طابو نظامي. الطابق: ثالث. المميزات: حارس أمن, أبواب حديدية",57300,الميدان,113,3,1,شقة,جيد,"حارس أمن, أبواب حديدية",2026-01-14,بائع_137,943918855,ماروتا سيتي,طابو نظامي,"كهرباء دولة, طاقة شمسية",ثالث,33.499097,36.313311,507,متوسطة,property_images/apartment_modern.jpg,property_images/apartment_street.jpg|property_images/townhouse.jpg|property_images/apartment_kitchen.jpg
781,بيت قديم في الميدان,"بيت تراثي دمشقي قديم في حي الميدان - مساحة 83 م² - 3 غرف, 2 حمامات. الحالة: جيد. الملكية: كاتب عدل. الطابق: ملحق. المميزات: إطلالة مفتوحة, حارس أمن",31300,الميدان,83,3,2,بيت قديم,جيد,"إطلالة مفتوحة, حارس أمن",2026-04-10,بائع_295,942223179,ماروتا سيتي,كاتب عدل,غير محدد,ملحق,33.497982,36.309284,377,متوسطة,property_images/house_traditional.jpg,property_images/bedroom.jpg|property_images/apartment_street.jpg|property_images/duplex_interior.jpg
782,شقة في الميدان,"شقة سكنية في بناء سكني في حي الميدان - مساحة 115 م² - 4 غرف, 2 حمامات. الحالة: جيد. الملكية: حكم محكمة. الطابق: سابع. المميزات: إنترنت, شبابيك دبل غلاس",78800,الميدان,115,4,2,شقة,جيد,"إنترنت, شبابيك دبل غلاس",2026-01-23,بائع_222,933326533,إكار,حكم محكمة,كهرباء دولة,سابع,33.493181,36.312637,685,متوسطة,property_images/apartment_kitchen.jpg,property_images/apartment_street.jpg|property_images/apartment_economy.jpg|property_images/building_new_construction.jpg
783,شقة في الميدان,"شقة سكنية في بناء سكني في حي الميدان - مساحة 122 م² - 3 غرف, 2 حمامات. الحالة: جيد. الملكية: طابو نظامي. الطابق: خامس. المميزات: شبابيك دبل غلاس, كهرباء دولة",67800,الميدان,122,3,2,شقة,جيد,"شبابيك دبل غلاس, كهرباء دولة",2026-03-03,بائع_142,987921779,سوق.كوم,طابو نظامي,طاقة شمسية,خامس,33.496822,36.309925,556,متوسطة,property_images/apartment_modern.jpg,property_images/duplex_interior.jpg|property_images/apartment_interior.jpg|property_images/apartment_modern.jpg
784,شقة في الميدان,"شقة سكنية في بناء سكني في حي الميدان - مساحة 59 م² - 2 غرف, 1 حمامات. الحالة: جيد. الملكية: حكم محكمة. الطابق: أول. المميزات: قرب مدرسة, حديقة, غاز مركزي, إنترنت, بلكونة, أبواب حديدية",46400,الميدان,59,2,1,شقة,جيد,"قرب مدرسة, حديقة, غاز مركزي, إنترنت, بلكونة, أبواب حديدية",2026-03-08,بائع_163,969206218,إمتلاك,حكم محكمة,كهرباء دولة,أول,33.497083,36.310886,786,متوسطة,property_images/apartment_modern.jpg,property_images/apartment_kitchen.jpg|property_images/townhouse.jpg|property_images/apartment_luxury.jpg
785,شقة في الميدان,"شقة سكنية في بناء سكني في حي الميدان - مساحة 153 م² - 2 غرف, 2 حمامات. الحالة: ممتاز. الملكية: حكم محكمة. الطابق: خامس. المميزات: كهرباء دولة, أبواب حديدية, إنترنت",76000,الميدان,153,2,2,شقة,ممتاز,"كهرباء دولة, أبواب حديدية, إنترنت",2026-03-26,بائع_87,971116701,سوق.كوم,حكم محكمة,غير محدد,خامس,33.497947,36.309465,497,متوسطة,property_images/apartment_modern.jpg,property_images/apartment_luxury.jpg|property_images/apartment_economy.jpg|property_images/townhouse.jpg
786,شقة في الميدان,"شقة سكنية في بناء سكني في حي الميدان - مساحة 149 م² - 3 غرف, 1 حمامات. الحالة: ممتاز. الملكية: سجل عقاري. الطابق: سادس. المميزات: إطلالة مفتوحة, موقف سيارات, أثاث, شارع رئيسي, قرب مدرسة",59600,الميدان,149,3,1,شقة,ممتاز,"إطلالة مفتوحة, موقف سيارات, أثاث, شارع رئيسي, قرب مدرسة",2026-02-07,بائع_273,975516029,بيوتنا,سجل عقاري,طاقة شمسية,سادس,33.496802,36.308794,400,متوسطة,property_images/apartment_interior.jpg,property_images/duplex_interior.jpg|property_images/townhouse.jpg|property_images/apartment_kitchen.jpg
787,مكتب في الميدان,"مكتب تجاري في حي الميدان - مساحة 63 م², 1 حمامات. الحالة: كالجديد. الملكية: بدون أوراق. الطابق: أرضي. المميزات: قرب مستشفى, موقف سيارات, حديقة, طاقة شمسية, شبابيك دبل غلاس, تدفئة مركزية",42800,الميدان,63,0,1,مكتب,كالجديد,"قرب مستشفى, موقف سيارات, حديقة, طاقة شمسية, شبابيك دبل غلاس, تدفئة مركزية",2026-02-24,بائع_14,993335372,ماروتا سيتي,بدون أوراق,كهرباء دولة,أرضي,33.495585,36.308576,679,متوسطة,property_images/apartment_interior.jpg,property_images/bedroom.jpg|property_images/apartment_modern.jpg|property_images/apartment_economy.jpg
788,بيت قديم في الميدان,"بيت تراثي دمشقي قديم في حي الميدان - مساحة 96 م² - 3 غرف, 1 حمامات. الحالة: كالجديد. الملكية: كاتب عدل. الطابق: أرضي. المميزات: مصعد, بئر مياه خاص, طاقة شمسية",40800,الميدان,96,3,1,بيت قديم,كالجديد,"مصعد, بئر مياه خاص, طاقة شمسية",2026-01-13,بائع_213,954532352,بيوتنا,كاتب عدل,غير محدد,أرضي,33.498684,36.309262,425,متوسطة,property_images/house_traditional.jpg,property_images/apartment_modern.jpg|property_images/building_needs_renovation.jpg|property_images/house_traditional.jpg
789,محل تجاري في الميدان,"محل تجاري أو مكتب في حي الميدان - مساحة 30 م² - 1 غرف, 1 حمامات. الحالة: جيد. الملكية: حكم محكمة. الطابق: أرضي. المميزات: كهرباء دولة, مرآب, إنترنت, قرب مستشفى",18400,الميدان,30,1,1,محل تجاري,جيد,"كهرباء دولة, مرآب, إنترنت, قرب مستشفى",2025-11-09,بائع_69,971967641,إمتلاك,حكم محكمة,كهرباء دولة,أرضي,33.494923,36.306737,613,متوسطة,property_images/building_new_construction.jpg,property_images/duplex_interior.jpg|property_images/building_new_construction.jpg|property_images/bedroom.jpg
790,شقة في الميدان,"شقة سكنية في بناء سكني في حي الميدان - مساحة 76 م² - 4 غرف, 2 حمامات. الحالة: جيد. الملكية: طابو أخضر. الطابق: خامس. المميزات: إطلالة مفتوحة, طاقة شمسية",47900,الميدان,76,4,2,شقة,جيد,"إطلالة مفتوحة, طاقة شمسية",2025-12-15,بائع_115,989382206,إكار,طابو أخضر,غير محدد,خامس,33.499657,36.310626,630,متوسطة,property_images/apartment_interior.jpg,property_images/apartment_kitchen.jpg|property_images/apartment_interior.jpg|property_images/apartment_modern.jpg
791,محل تجاري في الميدان,"محل تجاري أو مكتب في حي الميدان - مساحة 44 م² - 1 غرف, 1 حمامات. الحالة: جيد. الملكية: سجل عقاري. الطابق: ثاني. المميزات: مصعد, قرب مدرسة, شبابيك دبل غلاس",32700,الميدان,44,1,1,محل تجاري,جيد,"مصعد, قرب مدرسة, شبابيك دبل غلاس",2026-01-03,بائع_76,938815136,بيوت شام,سجل عقاري,غير محدد,ثاني,33.496082,36.308611,743,متوسطة,property_images/building_new_construction.jpg,property_images/apartment_street.jpg|property_images/apartment_interior.jpg|property_images/apartment_luxury.jpg
792,شقة في الميدان,"شقة سكنية في بناء سكني في حي الميدان - مساحة 79 م² - 1 غرف, 2 حمامات. الحالة: جيد. الملكية: حكم محكمة. الطابق: ملحق. المميزات: مكيف, غاز مركزي, أثاث, شبابيك دبل غلاس, بئر مياه خاص",28400,الميدان,79,1,2,شقة,جيد,"مكيف, غاز مركزي, أثاث, شبابيك دبل غلاس, بئر مياه خاص",2026-03-07,بائع_292,995526919,بيوتنا,حكم محكمة,طاقة شمسية,ملحق,33.49622,36.310316,359,متوسطة,property_images/apartment_street.jpg,property_images/building_new_construction.jpg|property_images/bedroom.jpg|property_images/villa_interior.jpg
793,بيت عربي في الميدان,"بيت عربي بقاعة داخلية واسعة في حي الميدان - مساحة 175 م² - 2 غرف, 3 حمامات. الحالة: يحتاج ترميم. الملكية: حكم محكمة. الطابق: أرضي. المميزات: إنترنت, قرب مستشفى",60200,الميدان,175,2,3,بيت عربي,يحتاج ترميم,"إنترنت, قرب مستشفى",2026-04-19,بائع_272,982865859,بيوتنا,حكم محكمة,طاقة شمسية,أرضي,33.495109,36.311216,344,متوسطة,property_images/house_traditional.jpg,property_images/apartment_modern.jpg|property_images/building_needs_renovation.jpg|property_images/villa_modern.jpg
794,بيت قديم في الميدان,"بيت تراثي دمشقي قديم في حي الميدان - مساحة 53 م² - 2 غرف, 1 حمامات. الحالة: كالجديد. الملكية: حكم محكمة. الطابق: ملحق. المميزات: شارع رئيسي, أبواب حديدية",33500,الميدان,53,2,1,بيت قديم,كالجديد,"شارع رئيسي, أبواب حديدية",2026-01-22,بائع_294,979944013,دوشيش,حكم محكمة,"كهرباء دولة, طاقة شمسية",ملحق,33.494996,36.308495,632,متوسطة,property_images/house_traditional.jpg,property_images/villa_modern.jpg|property_images/apartment_luxury.jpg|property_images/villa_interior.jpg
795,شقة في الميدان,"شقة سكنية في بناء سكني في حي الميدان - مساحة 68 م² - 2 غرف, 1 حمامات. الحالة: جيد. الملكية: كاتب عدل. الطابق: سابع. المميزات: إنترنت, بلكونة, مرآب, كهرباء دولة",35200,الميدان,68,2,1,شقة,جيد,"إنترنت, بلكونة, مرآب, كهرباء دولة",2026-03-15,بائع_117,974778664,إمتلاك,كاتب عدل,"كهرباء دولة, طاقة شمسية",سابع,33.498951,36.311031,518,متوسطة,property_images/apartment_kitchen.jpg,property_images/duplex_interior.jpg|property_images/apartment_interior.jpg|property_images/apartment_modern.jpg
796,شقة في الميدان,"شقة سكنية في بناء سكني في حي الميدان - مساحة 154 م² - 3 غرف, 1 حمامات. الحالة: جيد. الملكية: طابو أخضر. الطابق: أرضي. المميزات: تدفئة مركزية, قرب مدرسة, شارع رئيسي, إنترنت, حارس أمن, بلكونة",106000,الميدان,154,3,1,شقة,جيد,"تدفئة مركزية, قرب مدرسة, شارع رئيسي, إنترنت, حارس أمن, بلكونة",2026-05-04,بائع_168,979421140,سوق.كوم,طابو أخضر,غير محدد,أرضي,33.494793,36.309338,688,متوسطة,property_images/apartment_economy.jpg,property_images/townhouse.jpg|property_images/villa_modern.jpg|property_images/building_new_construction.jpg
797,بيت عربي في الميدان,"بيت عربي بقاعة داخلية واسعة في حي الميدان - مساحة 140 م² - 2 غرف, 1 حمامات. الحالة: جيد. الملكية: سجل عقاري. الطابق: أرضي. المميزات: شارع رئيسي, إطلالة مفتوحة, أبواب حديدية",96300,الميدان,140,2,1,بيت عربي,جيد,"شارع رئيسي, إطلالة مفتوحة, أبواب حديدية",2026-04-11,بائع_80,977701866,بيوتنا,سجل عقاري,كهرباء دولة,أرضي,33.494606,36.311787,688,متوسطة,property_images/duplex_interior.jpg,property_images/apartment_kitchen.jpg|property_images/apartment_modern.jpg|property_images/building_needs_renovation.jpg
798,محل تجاري في الميدان,"محل تجاري أو مكتب في حي الميدان - مساحة 82 م², 1 حمامات. الحالة: جيد. الملكية: كاتب عدل. الطابق: أول. المميزات: مصعد, إطلالة مفتوحة, تدفئة مركزية, قرب مدرسة, حارس أمن",78500,الميدان,82,0,1,محل تجاري,جيد,"مصعد, إطلالة مفتوحة, تدفئة مركزية, قرب مدرسة, حارس أمن",2025-11-12,بائع_93,996275516,سوق.كوم,كاتب عدل,طاقة شمسية,أول,33.496181,36.311425,957,متوسطة,property_images/building_new_construction.jpg,property_images/villa_modern.jpg|property_images/apartment_modern.jpg|property_images/apartment_kitchen.jpg
799,منزل في الميدان,"منزل سكني عائلي في حي الميدان - مساحة 262 م² - 4 غرف, 2 حمامات. الحالة: جيد. الملكية: بدون أوراق. الطابق: أرضي. المميزات: غاز مركزي, شبابيك دبل غلاس, حارس أمن, قرب مدرسة, موقف سيارات, حديقة",97400,الميدان,262,4,2,منزل,جيد,"غاز مركزي, شبابيك دبل غلاس, حارس أمن, قرب مدرسة, موقف سيارات, حديقة",2025-12-31,بائع_97,981143610,بيوت شام,بدون أوراق,"كهرباء دولة, طاقة شمسية",أرضي,33.49393,36.30624,372,متوسطة,property_images/house_traditional.jpg,property_images/apartment_luxury.jpg|property_images/apartment_street.jpg|property_images/duplex_interior.jpg
800,شقة في الميدان,"شقة سكنية في بناء سكني في حي الميدان - مساحة 144 م² - 1 غرف, 1 حمامات. الحالة: يحتاج ترميم. الملكية: سجل عقاري. الطابق: ملحق. المميزات: شقة مفروشة, قرب مستشفى, إطلالة مفتوحة, قرب مدرسة",37400,الميدان,144,1,1,شقة,يحتاج ترميم,"شقة مفروشة, قرب مستشفى, إطلالة مفتوحة, قرب مدرسة",2026-03-15,بائع_145,971242056,دوشيش,سجل عقاري,كهرباء دولة,ملحق,33.496255,36.310875,260,متوسطة,property_images/apartment_luxury.jpg,property_images/apartment_modern.jpg|property_images/apartment_interior.jpg|property_images/apartment_economy.jpg
801,بيت عربي في الميدان,"بيت عربي بقاعة داخلية واسعة في حي الميدان - مساحة 189 م² - 5 غرف, 2 حمامات. الحالة: ممتاز. الملكية: حكم محكمة. الطابق: أول. المميزات: موقف سيارات, أبواب حديدية, مصعد, إطلالة مفتوحة, حارس أمن",121400,الميدان,189,5,2,بيت عربي,ممتاز,"موقف سيارات, أبواب حديدية, مصعد, إطلالة مفتوحة, حارس أمن",2026-02-16,بائع_255,966908287,إمتلاك,حكم محكمة,كهرباء دولة,أول,33.497445,36.312558,642,متوسطة,property_images/house_traditional.jpg,property_images/townhouse.jpg|property_images/apartment_luxury.jpg|property_images/building_new_construction.jpg
802,بيت قديم في الميدان,"بيت تراثي دمشقي قديم في حي الميدان - مساحة 66 م² - 2 غرف, 2 حمامات. الحالة: جيد. الملكية: طابو أخضر. الطابق: أرضي. المميزات: قرب مستشفى, قرب مدرسة, بلكونة, حديقة, تدفئة مركزية, مصعد",25700,الميدان,66,2,2,بيت قديم,جيد,"قرب مستشفى, قرب مدرسة, بلكونة, حديقة, تدفئة مركزية, مصعد",2026-02-04,بائع_276,936963760,ماروتا سيتي,طابو أخضر,غير محدد,أرضي,33.495455,36.31166,389,متوسطة,property_images/house_traditional.jpg,property_images/house_traditional.jpg|property_images/apartment_luxury.jpg|property_images/apartment_street.jpg
803,بيت قديم في الميدان,"بيت تراثي دمشقي قديم في حي الميدان - مساحة 131 م² - 2 غرف, 2 حمامات. الحالة: ممتاز. الملكية: سجل عقاري. الطابق: أول. المميزات: أثاث, حارس أمن",70500,الميدان,131,2,2,بيت قديم,ممتاز,"أثاث, حارس أمن",2026-02-13,بائع_38,956619333,بيوتنا,سجل عقاري,غير محدد,أول,33.499367,36.307644,538,متوسطة,property_images/building_needs_renovation.jpg,property_images/building_new_construction.jpg|property_images/townhouse.jpg|property_images/house_traditional.jpg
804,منزل في الميدان,"منزل سكني عائلي في حي الميدان - مساحة 235 م² - 5 غرف, 1 حمامات. الحالة: جيد. الملكية: طابو أخضر. الطابق: أرضي. المميزات: بئر مياه خاص, مصعد",185300,الميدان,235,5,1,منزل,جيد,"بئر مياه خاص, مصعد",2026-02-10,بائع_91,979966723,بيوتنا,طابو أخضر,غير محدد,أرضي,33.498471,36.313564,789,متوسطة,property_images/townhouse.jpg,property_images/villa_interior.jpg|property_images/bedroom.jpg|property_images/villa_modern.jpg
805,شقة في الميدان,"شقة سكنية في بناء سكني في حي الميدان - مساحة 62 م² - 2 غرف, 1 حمامات. الحالة: مقبول. الملكية: طابو أخضر. الطابق: سادس. المميزات: كهرباء دولة, مرآب, قرب مستشفى, بئر مياه خاص, أثاث, شارع رئيسي",29000,الميدان,62,2,1,شقة,مقبول,"كهرباء دولة, مرآب, قرب مستشفى, بئر مياه خاص, أثاث, شارع رئيسي",2026-01-20,بائع_194,965983566,بيوتنا,طابو أخضر,غير محدد,سادس,33.495529,36.311443,468,متوسطة,property_images/apartment_luxury.jpg,property_images/villa_modern.jpg|property_images/building_needs_renovation.jpg|property_images/villa_interior.jpg
806,بيت عربي في الميدان,"بيت عربي بقاعة داخلية واسعة في حي الميدان - مساحة 127 م² - 5 غرف, 1 حمامات. الحالة: جيد. الملكية: حكم محكمة. الطابق: أرضي. المميزات: مكيف, طاقة شمسية, موقف سيارات, حارس أمن, قرب مدرسة",78600,الميدان,127,5,1,بيت عربي,جيد,"مكيف, طاقة شمسية, موقف سيارات, حارس أمن, قرب مدرسة",2026-03-20,بائع_275,971275496,إمتلاك,حكم محكمة,غير محدد,أرضي,33.499741,36.31139,619,متوسطة,property_images/duplex_interior.jpg,property_images/apartment_interior.jpg|property_images/apartment_luxury.jpg|property_images/villa_modern.jpg
807,شقة في الميدان,"شقة سكنية في بناء سكني في حي الميدان - مساحة 129 م² - 4 غرف, 2 حمامات. الحالة: جيد. الملكية: بدون أوراق. الطابق: سادس. المميزات: بئر مياه خاص, شارع رئيسي, قرب مستشفى, كهرباء دولة, حارس أمن, شقة مفروشة",45400,الميدان,129,4,2,شقة,جيد,"بئر مياه خاص, شارع رئيسي, قرب مستشفى, كهرباء دولة, حارس أمن, شقة مفروشة",2026-04-13,بائع_285,993310541,بيوتنا,بدون أوراق,غير محدد,سادس,33.495306,36.312499,352,متوسطة,property_images/apartment_interior.jpg,property_images/apartment_street.jpg|property_images/apartment_interior.jpg|property_images/building_new_construction.jpg
808,منزل في الميدان,"منزل سكني عائلي في حي الميدان - مساحة 195 م² - 2 غرف, 1 حمامات. الحالة: جديد. الملكية: سجل عقاري. الطابق: أرضي. المميزات: غاز مركزي, بلكونة",143200,الميدان,195,2,1,منزل,جديد,"غاز مركزي, بلكونة",2026-03-05,بائع_224,977559390,إمتلاك,سجل عقاري,غير محدد,أرضي,33.496164,36.305948,734,متوسطة,property_images/townhouse.jpg,property_images/apartment_luxury.jpg|property_images/apartment_economy.jpg|property_images/apartment_kitchen.jpg
809,شقة في الميدان,"شقة سكنية في بناء سكني في حي الميدان - مساحة 82 م² - 2 غرف, 1 حمامات. الحالة: جيد. الملكية: طابو أخضر. الطابق: خامس. المميزات: تدفئة مركزية, قرب مستشفى, مصعد, مكيف",72600,الميدان,82,2,1,شقة,جيد,"تدفئة مركزية, قرب مستشفى, مصعد, مكيف",2026-03-22,بائع_180,989310396,إمتلاك,طابو أخضر,طاقة شمسية,خامس,33.494439,36.310379,885,متوسطة,property_images/apartment_luxury.jpg,property_images/building_new_construction.jpg|property_images/apartment_street.jpg|property_images/apartment_luxury.jpg
810,شقة في الميدان,"شقة سكنية في بناء سكني في حي الميدان - مساحة 155 م² - 1 غرف, 1 حمامات. الحالة: ممتاز. الملكية: بدون أوراق. الطابق: سابع. المميزات: شارع رئيسي, أثاث, حديقة",55800,الميدان,155,1,1,شقة,ممتاز,"شارع رئيسي, أثاث, حديقة",2026-03-04,بائع_271,966683902,بيوتنا,بدون أوراق,كهرباء دولة,سابع,33.497369,36.311876,360,متوسطة,property_images/apartment_luxury.jpg,property_images/bedroom.jpg|property_images/villa_interior.jpg|property_images/apartment_street.jpg
811,شقة في الميدان,"شقة سكنية في بناء سكني في حي الميدان - مساحة 120 م² - 1 غرف, 2 حمامات. الحالة: يحتاج ترميم. الملكية: طابو أخضر. الطابق: ثاني. المميزات: قرب مدرسة, مصعد, بلكونة, حديقة, إنترنت, تدفئة مركزية",81900,الميدان,120,1,2,شقة,يحتاج ترميم,"قرب مدرسة, مصعد, بلكونة, حديقة, إنترنت, تدفئة مركزية",2026-05-04,بائع_196,930690045,سوق.كوم,طابو أخضر,غير محدد,ثاني,33.493663,36.312117,682,متوسطة,property_images/apartment_kitchen.jpg,property_images/villa_modern.jpg|property_images/apartment_interior.jpg|property_images/apartment_street.jpg
812,بيت عربي في الميدان,"بيت عربي بقاعة داخلية واسعة في حي الميدان - مساحة 171 م² - 3 غرف, 3 حمامات. الحالة: مقبول. الملكية: طابو أخضر. الطابق: أرضي. المميزات: قرب مستشفى, قرب مدرسة",96500,الميدان,171,3,3,بيت عربي,مقبول,"قرب مستشفى, قرب مدرسة",2026-01-04,بائع_293,979396189,إمتلاك,طابو أخضر,كهرباء دولة,أرضي,33.497883,36.308534,564,متوسطة,property_images/house_traditional.jpg,property_images/duplex_interior.jpg|property_images/building_new_construction.jpg|property_images/villa_interior.jpg
813,بيت في الميدان,"بيت سكني تقليدي في حي الميدان - مساحة 116 م² - 3 غرف, 2 حمامات. الحالة: ممتاز. الملكية: حكم محكمة. الطابق: ملحق. المميزات: كهرباء دولة, إنترنت, شبابيك دبل غلاس, أبواب حديدية, مكيف, قرب مستشفى",39400,الميدان,116,3,2,بيت,ممتاز,"كهرباء دولة, إنترنت, شبابيك دبل غلاس, أبواب حديدية, مكيف, قرب مستشفى",2026-02-21,بائع_90,979369705,بيوتنا,حكم محكمة,طاقة شمسية,ملحق,33.498206,36.310596,340,متوسطة,property_images/building_needs_renovation.jpg,property_images/house_traditional.jpg|property_images/apartment_kitchen.jpg|property_images/townhouse.jpg
814,شقة في الميدان,"شقة سكنية في بناء سكني في حي الميدان - مساحة 142 م² - 2 غرف, 1 حمامات. الحالة: جديد. الملكية: كاتب عدل. الطابق: خامس. المميزات: مرآب, قرب مدرسة, طاقة شمسية, غاز مركزي, مكيف",137800,الميدان,142,2,1,شقة,جديد,"مرآب, قرب مدرسة, طاقة شمسية, غاز مركزي, مكيف",2026-01-19,بائع_236,987565455,دوشيش,كاتب عدل,كهرباء دولة,خامس,33.497735,36.310296,970,متوسطة,property_images/apartment_street.jpg,property_images/building_needs_renovation.jpg|property_images/building_new_construction.jpg|property_images/duplex_interior.jpg
815,منزل في الميدان,"منزل سكني عائلي في حي الميدان - مساحة 120 م² - 3 غرف, 3 حمامات. الحالة: ممتاز. الملكية: حكم محكمة. الطابق: أول. المميزات: أثاث, طاقة شمسية, شارع رئيسي, قرب مستشفى, قرب مدرسة, إنترنت",61900,الميدان,120,3,3,منزل,ممتاز,"أثاث, طاقة شمسية, شارع رئيسي, قرب مستشفى, قرب مدرسة, إنترنت",2026-01-21,بائع_192,969323885,دوشيش,حكم محكمة,كهرباء دولة,أول,33.499373,36.312873,516,متوسطة,property_images/duplex_interior.jpg,property_images/apartment_street.jpg|property_images/duplex_interior.jpg|property_images/villa_interior.jpg
816,شقة في الميدان,"شقة سكنية في بناء سكني في حي الميدان - مساحة 111 م² - 3 غرف, 2 حمامات. الحالة: كالجديد. الملكية: حكم محكمة. الطابق: خامس. المميزات: أثاث, شارع رئيسي",80200,الميدان,111,3,2,شقة,كالجديد,"أثاث, شارع رئيسي",2026-01-27,بائع_265,985289074,دوشيش,حكم محكمة,"كهرباء دولة, طاقة شمسية",خامس,33.495191,36.312346,723,متوسطة,property_images/apartment_street.jpg,property_images/villa_interior.jpg|property_images/duplex_interior.jpg|property_images/building_new_construction.jpg
817,شقة في الميدان,"شقة سكنية في بناء سكني في حي الميدان - مساحة 143 م² - 2 غرف, 2 حمامات. الحالة: كالجديد. الملكية: حكم محكمة. الطابق: خامس. المميزات: مكيف, غاز مركزي, قرب مستشفى, أثاث, شارع رئيسي, مرآب",148000,الميدان,143,2,2,شقة,كالجديد,"مكيف, غاز مركزي, قرب مستشفى, أثاث, شارع رئيسي, مرآب",2026-04-02,بائع_250,970740006,ماروتا سيتي,حكم محكمة,كهرباء دولة,خامس,33.495243,36.309244,1035,متوسطة,property_images/apartment_luxury.jpg,property_images/townhouse.jpg|property_images/house_traditional.jpg|property_images/apartment_interior.jpg
818,بيت في المجتهد,"بيت سكني تقليدي في حي المجتهد - مساحة 116 م² - 3 غرف, 1 حمامات. الحالة: جيد. الملكية: كاتب عدل. الطابق: أرضي. المميزات: موقف سيارات, مصعد",90600,المجتهد,116,3,1,بيت,جيد,"موقف سيارات, مصعد",2026-02-10,بائع_47,970474023,بيوتنا,كاتب عدل,غير محدد,أرضي,33.499569,36.303254,781,متوسطة,property_images/house_traditional.jpg,property_images/building_new_construction.jpg|property_images/bedroom.jpg|property_images/apartment_street.jpg
819,بيت قديم في المجتهد,"بيت تراثي دمشقي قديم في حي المجتهد - مساحة 130 م² - 2 غرف, 2 حمامات. الحالة: يحتاج ترميم. الملكية: طابو نظامي. الطابق: أول. المميزات: حديقة, قرب مستشفى, شبابيك دبل غلاس, أبواب حديدية, شارع رئيسي, بلكونة",68900,المجتهد,130,2,2,بيت قديم,يحتاج ترميم,"حديقة, قرب مستشفى, شبابيك دبل غلاس, أبواب حديدية, شارع رئيسي, بلكونة",2026-03-26,بائع_78,950535353,سوق.كوم,طابو نظامي,كهرباء دولة,أول,33.498167,36.307711,530,متوسطة,property_images/house_traditional.jpg,property_images/villa_interior.jpg|property_images/building_new_construction.jpg|property_images/apartment_interior.jpg
820,منزل في المجتهد,"منزل سكني عائلي في حي المجتهد - مساحة 212 م² - 5 غرف, 3 حمامات. الحالة: جيد. الملكية: طابو أخضر. الطابق: أرضي. المميزات: طاقة شمسية, حارس أمن, مكيف, شبابيك دبل غلاس",176100,المجتهد,212,5,3,منزل,جيد,"طاقة شمسية, حارس أمن, مكيف, شبابيك دبل غلاس",2026-01-28,بائع_243,978600044,بيوتنا,طابو أخضر,طاقة شمسية,أرضي,33.500159,36.306108,831,متوسطة,property_images/duplex_interior.jpg,property_images/building_needs_renovation.jpg|property_images/apartment_street.jpg|property_images/duplex_interior.jpg
821,بيت عربي في المجتهد,"بيت عربي بقاعة داخلية واسعة في حي المجتهد - مساحة 136 م² - 4 غرف, 2 حمامات. الحالة: جيد. الملكية: بدون أوراق. الطابق: أول. المميزات: قرب مستشفى, بلكونة, شبابيك دبل غلاس, مصعد, أبواب حديدية, إنترنت",77800,المجتهد,136,4,2,بيت عربي,جيد,"قرب مستشفى, بلكونة, شبابيك دبل غلاس, مصعد, أبواب حديدية, إنترنت",2026-04-18,بائع_91,947754344,بيوت شام,بدون أوراق,غير محدد,أول,33.495695,36.306753,572,متوسطة,property_images/house_traditional.jpg,property_images/apartment_luxury.jpg|property_images/building_new_construction.jpg|property_images/villa_modern.jpg
822,بيت في المجتهد,"بيت سكني تقليدي في حي المجتهد - مساحة 63 م² - 3 غرف, 1 حمامات. الحالة: يحتاج ترميم. الملكية: طابو أخضر. الطابق: أرضي. المميزات: بئر مياه خاص, موقف سيارات, إنترنت, أبواب حديدية",43200,المجتهد,63,3,1,بيت,يحتاج ترميم,"بئر مياه خاص, موقف سيارات, إنترنت, أبواب حديدية",2026-03-23,بائع_187,962301350,إكار,طابو أخضر,غير محدد,أرضي,33.49934,36.304577,686,متوسطة,property_images/house_traditional.jpg,property_images/duplex_interior.jpg|property_images/apartment_luxury.jpg|property_images/apartment_modern.jpg
823,شقة في المجتهد,"شقة سكنية في بناء سكني في حي المجتهد - مساحة 98 م² - 4 غرف, 2 حمامات. الحالة: جيد. الملكية: بدون أوراق. الطابق: رابع. المميزات: تدفئة مركزية, طاقة شمسية, بئر مياه خاص",58200,المجتهد,98,4,2,شقة,جيد,"تدفئة مركزية, طاقة شمسية, بئر مياه خاص",2026-04-25,بائع_140,988791442,سوق.كوم,بدون أوراق,كهرباء دولة,رابع,33.502837,36.300024,594,متوسطة,property_images/apartment_kitchen.jpg,property_images/villa_interior.jpg|property_images/duplex_interior.jpg|property_images/apartment_interior.jpg
824,شقة في المجتهد,"شقة سكنية في بناء سكني في حي المجتهد - مساحة 164 م² - 1 غرف, 1 حمامات. الحالة: جديد. الملكية: كاتب عدل. الطابق: سادس. المميزات: غاز مركزي, أثاث, أبواب حديدية, شارع رئيسي",189600,المجتهد,164,1,1,شقة,جديد,"غاز مركزي, أثاث, أبواب حديدية, شارع رئيسي",2025-11-08,بائع_193,972484611,ماروتا سيتي,كاتب عدل,كهرباء دولة,سادس,33.497586,36.302849,1156,متوسطة,property_images/apartment_kitchen.jpg,property_images/townhouse.jpg|property_images/villa_interior.jpg|property_images/apartment_economy.jpg
825,منزل في المجتهد,"منزل سكني عائلي في حي المجتهد - مساحة 235 م² - 4 غرف, 1 حمامات. الحالة: يحتاج ترميم. الملكية: سجل عقاري. الطابق: أول. المميزات: كهرباء دولة, قرب مدرسة, أثاث, أبواب حديدية",104900,المجتهد,235,4,1,منزل,يحتاج ترميم,"كهرباء دولة, قرب مدرسة, أثاث, أبواب حديدية",2025-11-15,بائع_44,970633506,سوق.كوم,سجل عقاري,كهرباء دولة,أول,33.497693,36.307275,446,متوسطة,property_images/townhouse.jpg,property_images/apartment_economy.jpg|property_images/apartment_luxury.jpg|property_images/building_new_construction.jpg
826,شقة في المجتهد,"شقة سكنية في بناء سكني في حي المجتهد - مساحة 131 م² - 2 غرف, 1 حمامات. الحالة: كالجديد. الملكية: كاتب عدل. الطابق: ثالث. المميزات: إنترنت, موقف سيارات, مكيف",104300,المجتهد,131,2,1,شقة,كالجديد,"إنترنت, موقف سيارات, مكيف",2026-05-03,بائع_7,973747454,سوق.كوم,كاتب عدل,غير محدد,ثالث,33.500433,36.302948,796,متوسطة,property_images/apartment_street.jpg,property_images/villa_modern.jpg|property_images/apartment_modern.jpg|property_images/bedroom.jpg
827,شقة في المجتهد,"شقة سكنية في بناء سكني في حي المجتهد - مساحة 158 م² - 4 غرف, 2 حمامات. الحالة: جيد. الملكية: كاتب عدل. الطابق: أرضي. المميزات: إطلالة مفتوحة, حارس أمن",156300,المجتهد,158,4,2,شقة,جيد,"إطلالة مفتوحة, حارس أمن",2026-04-15,بائع_96,941853144,سوق.كوم,كاتب عدل,طاقة شمسية,أرضي,33.501064,36.305723,989,متوسطة,property_images/apartment_interior.jpg,property_images/apartment_modern.jpg|property_images/apartment_kitchen.jpg|property_images/townhouse.jpg
828,شقة في المجتهد,"شقة سكنية في بناء سكني في حي المجتهد - مساحة 181 م² - 1 غرف, 1 حمامات. الحالة: مقبول. الملكية: طابو نظامي. الطابق: سابع. المميزات: حديقة, شقة مفروشة, أثاث, أبواب حديدية, قرب مستشفى",133400,المجتهد,181,1,1,شقة,مقبول,"حديقة, شقة مفروشة, أثاث, أبواب حديدية, قرب مستشفى",2026-02-21,بائع_32,986293910,إكار,طابو نظامي,طاقة شمسية,سابع,33.497636,36.305899,737,متوسطة,property_images/apartment_kitchen.jpg,property_images/villa_modern.jpg|property_images/apartment_kitchen.jpg|property_images/apartment_modern.jpg
829,شقة في المجتهد,"شقة سكنية في بناء سكني في حي المجتهد - مساحة 193 م² - 2 غرف, 1 حمامات. الحالة: كالجديد. الملكية: طابو أخضر. الطابق: ثاني. المميزات: موقف سيارات, أثاث",158200,المجتهد,193,2,1,شقة,كالجديد,"موقف سيارات, أثاث",2026-03-08,بائع_84,980766157,ماروتا سيتي,طابو أخضر,غير محدد,ثاني,33.499277,36.305833,820,متوسطة,property_images/apartment_interior.jpg,property_images/apartment_interior.jpg|property_images/townhouse.jpg|property_images/duplex_interior.jpg
830,بيت في المجتهد,"بيت سكني تقليدي في حي المجتهد - مساحة 108 م² - 2 غرف, 1 حمامات. الحالة: جيد. الملكية: سجل عقاري. الطابق: رابع. المميزات: كهرباء دولة, إنترنت, طاقة شمسية, شقة مفروشة, مصعد",59100,المجتهد,108,2,1,بيت,جيد,"كهرباء دولة, إنترنت, طاقة شمسية, شقة مفروشة, مصعد",2026-04-20,بائع_33,993460944,إمتلاك,سجل عقاري,"كهرباء دولة, طاقة شمسية",رابع,33.502244,36.30964,547,متوسطة,property_images/building_needs_renovation.jpg,property_images/duplex_interior.jpg|property_images/building_needs_renovation.jpg|property_images/townhouse.jpg
831,شقة في المجتهد,"شقة سكنية في بناء سكني في حي المجتهد - مساحة 126 م² - 4 غرف, 1 حمامات. الحالة: مقبول. الملكية: سجل عقاري. الطابق: خامس. المميزات: حديقة, قرب مستشفى",71800,المجتهد,126,4,1,شقة,مقبول,"حديقة, قرب مستشفى",2026-04-19,بائع_292,963862470,ماروتا سيتي,سجل عقاري,غير محدد,خامس,33.496902,36.305516,570,متوسطة,property_images/bedroom.jpg,property_images/apartment_luxury.jpg|property_images/villa_interior.jpg|property_images/apartment_economy.jpg
832,شقة في المجتهد,"شقة سكنية في بناء سكني في حي المجتهد - مساحة 158 م² - 3 غرف, 2 حمامات. الحالة: ممتاز. الملكية: كاتب عدل. الطابق: ثالث. المميزات: أبواب حديدية, حديقة, قرب مدرسة, أثاث",156300,المجتهد,158,3,2,شقة,ممتاز,"أبواب حديدية, حديقة, قرب مدرسة, أثاث",2026-02-04,بائع_210,989584064,بيوت شام,كاتب عدل,"كهرباء دولة, طاقة شمسية",ثالث,33.499995,36.303821,989,متوسطة,property_images/bedroom.jpg,property_images/duplex_interior.jpg|property_images/townhouse.jpg|property_images/apartment_interior.jpg
833,مكتب في المجتهد,"مكتب تجاري في حي المجتهد - مساحة 33 م², 1 حمامات. الحالة: مقبول. الملكية: بدون أوراق. الطابق: أرضي. المميزات: شبابيك دبل غلاس, مكيف, إطلالة مفتوحة, غاز مركزي, مرآب",23300,المجتهد,33,0,1,مكتب,مقبول,"شبابيك دبل غلاس, مكيف, إطلالة مفتوحة, غاز مركزي, مرآب",2026-01-28,بائع_77,981483474,سوق.كوم,بدون أوراق,غير محدد,أرضي,33.501828,36.301909,706,متوسطة,property_images/apartment_modern.jpg,property_images/apartment_interior.jpg|property_images/building_new_construction.jpg|property_images/apartment_street.jpg
834,منزل في المجتهد,"منزل سكني عائلي في حي المجتهد - مساحة 231 م² - 3 غرف, 3 حمامات. الحالة: مقبول. الملكية: بدون أوراق. الطابق: أول. المميزات: أثاث, حارس أمن, مصعد",134500,المجتهد,231,3,3,منزل,مقبول,"أثاث, حارس أمن, مصعد",2026-03-16,بائع_12,993511284,بيوتنا,بدون أوراق,"كهرباء دولة, طاقة شمسية",أول,33.502799,36.302316,582,متوسطة,property_images/house_traditional.jpg,property_images/building_needs_renovation.jpg|property_images/apartment_luxury.jpg|property_images/apartment_modern.jpg
835,شقة في المجتهد,"شقة سكنية في بناء سكني في حي المجتهد - مساحة 72 م² - 2 غرف, 1 حمامات. الحالة: يحتاج ترميم. الملكية: سجل عقاري. الطابق: سابع. المميزات: إطلالة مفتوحة, أبواب حديدية, مرآب, قرب مستشفى, بلكونة",40800,المجتهد,72,2,1,شقة,يحتاج ترميم,"إطلالة مفتوحة, أبواب حديدية, مرآب, قرب مستشفى, بلكونة",2026-04-08,بائع_35,971840319,دوشيش,سجل عقاري,طاقة شمسية,سابع,33.501006,36.308593,567,متوسطة,property_images/apartment_street.jpg,property_images/apartment_interior.jpg|property_images/apartment_modern.jpg|property_images/townhouse.jpg
836,بيت في المجتهد,"بيت سكني تقليدي في حي المجتهد - مساحة 131 م² - 2 غرف, 1 حمامات. الحالة: كالجديد. الملكية: سجل عقاري. الطابق: رابع. المميزات: أبواب حديدية, مصعد, بئر مياه خاص, بلكونة, حديقة",104700,المجتهد,131,2,1,بيت,كالجديد,"أبواب حديدية, مصعد, بئر مياه خاص, بلكونة, حديقة",2026-04-04,بائع_67,997395590,بيوت شام,سجل عقاري,غير محدد,رابع,33.497947,36.30746,799,متوسطة,property_images/building_needs_renovation.jpg,property_images/apartment_interior.jpg|property_images/apartment_luxury.jpg|property_images/villa_interior.jpg
837,بيت قديم في المجتهد,"بيت تراثي دمشقي قديم في حي المجتهد - مساحة 66 م² - 3 غرف, 2 حمامات. الحالة: مقبول. الملكية: كاتب عدل. الطابق: أول. المميزات: مصعد, شبابيك دبل غلاس",46500,المجتهد,66,3,2,بيت قديم,مقبول,"مصعد, شبابيك دبل غلاس",2026-02-11,بائع_120,970764662,دوشيش,كاتب عدل,"كهرباء دولة, طاقة شمسية",أول,33.499431,36.308181,705,متوسطة,property_images/building_needs_renovation.jpg,property_images/apartment_street.jpg|property_images/house_traditional.jpg|property_images/villa_modern.jpg
838,بيت عربي في المجتهد,"بيت عربي بقاعة داخلية واسعة في حي المجتهد - مساحة 213 م² - 4 غرف, 3 حمامات. الحالة: جيد. الملكية: حكم محكمة. الطابق: أرضي. المميزات: مكيف, حديقة, قرب مستشفى",150800,المجتهد,213,4,3,بيت عربي,جيد,"مكيف, حديقة, قرب مستشفى",2026-03-03,بائع_251,990120339,بيوت شام,حكم محكمة,غير محدد,أرضي,33.498961,36.304318,708,متوسطة,property_images/duplex_interior.jpg,property_images/apartment_luxury.jpg|property_images/apartment_economy.jpg|property_images/apartment_interior.jpg
839,منزل في المجتهد,"منزل سكني عائلي في حي المجتهد - مساحة 179 م² - 4 غرف, 1 حمامات. الحالة: جديد. الملكية: كاتب عدل. الطابق: أرضي. المميزات: أبواب حديدية, شبابيك دبل غلاس, كهرباء دولة, موقف سيارات, إطلالة مفتوحة, غاز مركزي",186600,المجتهد,179,4,1,منزل,جديد,"أبواب حديدية, شبابيك دبل غلاس, كهرباء دولة, موقف سيارات, إطلالة مفتوحة, غاز مركزي",2026-03-30,بائع_187,937596759,بيوتنا,كاتب عدل,طاقة شمسية,أرضي,33.498812,36.304669,1042,متوسطة,property_images/duplex_interior.jpg,property_images/apartment_luxury.jpg|property_images/apartment_economy.jpg|property_images/villa_modern.jpg
840,شقة في المجتهد,"شقة سكنية في بناء سكني في حي المجتهد - مساحة 122 م² - 4 غرف, 1 حمامات. الحالة: جديد. الملكية: سجل عقاري. الطابق: ثالث. المميزات: حديقة, أبواب حديدية, شارع رئيسي, قرب مدرسة",80500,المجتهد,122,4,1,شقة,جديد,"حديقة, أبواب حديدية, شارع رئيسي, قرب مدرسة",2025-12-04,بائع_62,967869046,سوق.كوم,سجل عقاري,غير محدد,ثالث,33.500916,36.303041,660,متوسطة,property_images/apartment_street.jpg,property_images/villa_interior.jpg|property_images/apartment_modern.jpg|property_images/villa_modern.jpg
841,بيت قديم في المجتهد,"بيت تراثي دمشقي قديم في حي المجتهد - مساحة 59 م² - 2 غرف, 1 حمامات. الحالة: كالجديد. الملكية: كاتب عدل. الطابق: أرضي. المميزات: مرآب, مصعد, بئر مياه خاص, كهرباء دولة, أثاث",28400,المجتهد,59,2,1,بيت قديم,كالجديد,"مرآب, مصعد, بئر مياه خاص, كهرباء دولة, أثاث",2025-11-22,بائع_216,940486538,دوشيش,كاتب عدل,"كهرباء دولة, طاقة شمسية",أرضي,33.496412,36.302289,481,متوسطة,property_images/building_needs_renovation.jpg,property_images/building_needs_renovation.jpg|property_images/villa_modern.jpg|property_images/building_new_construction.jpg
842,بيت عربي في المجتهد,"بيت عربي بقاعة داخلية واسعة في حي المجتهد - مساحة 144 م² - 5 غرف, 3 حمامات. الحالة: يحتاج ترميم. الملكية: سجل عقاري. الطابق: أرضي. المميزات: إطلالة مفتوحة, شبابيك دبل غلاس, حديقة",106700,المجتهد,144,5,3,بيت عربي,يحتاج ترميم,"إطلالة مفتوحة, شبابيك دبل غلاس, حديقة",2026-03-16,بائع_233,966270814,إكار,سجل عقاري,غير محدد,أرضي,33.498948,36.305356,741,متوسطة,property_images/house_traditional.jpg,property_images/house_traditional.jpg|property_images/townhouse.jpg|property_images/apartment_interior.jpg
843,شقة في المجتهد,"شقة سكنية في بناء سكني في حي المجتهد - مساحة 134 م² - 3 غرف, 2 حمامات. الحالة: يحتاج ترميم. الملكية: طابو أخضر. الطابق: أرضي. المميزات: مكيف, حديقة, غاز مركزي, قرب مدرسة",84600,المجتهد,134,3,2,شقة,يحتاج ترميم,"مكيف, حديقة, غاز مركزي, قرب مدرسة",2026-01-24,بائع_92,971742863,ماروتا سيتي,طابو أخضر,غير محدد,أرضي,33.499845,36.302609,631,متوسطة,property_images/apartment_street.jpg,property_images/duplex_interior.jpg|property_images/townhouse.jpg|property_images/bedroom.jpg
844,بيت عربي في المجتهد,"بيت عربي بقاعة داخلية واسعة في حي المجتهد - مساحة 252 م² - 2 غرف, 3 حمامات. الحالة: جيد. الملكية: طابو نظامي. الطابق: أرضي. المميزات: مكيف, أبواب حديدية",265500,المجتهد,252,2,3,بيت عربي,جيد,"مكيف, أبواب حديدية",2026-04-09,بائع_268,950848529,بيوتنا,طابو نظامي,طاقة شمسية,أرضي,33.496635,36.302952,1054,متوسطة,property_images/duplex_interior.jpg,property_images/duplex_interior.jpg|property_images/building_new_construction.jpg|property_images/apartment_modern.jpg
845,شقة في المجتهد,"شقة سكنية في بناء سكني في حي المجتهد - مساحة 110 م² - 1 غرف, 2 حمامات. الحالة: ممتاز. الملكية: سجل عقاري. الطابق: أرضي. المميزات: موقف سيارات, أبواب حديدية, غاز مركزي, قرب مدرسة",79100,المجتهد,110,1,2,شقة,ممتاز,"موقف سيارات, أبواب حديدية, غاز مركزي, قرب مدرسة",2026-01-24,بائع_80,941953922,بيوتنا,سجل عقاري,كهرباء دولة,أرضي,33.501012,36.303543,719,متوسطة,property_images/apartment_modern.jpg,property_images/villa_interior.jpg|property_images/apartment_street.jpg|property_images/villa_modern.jpg
846,منزل في المجتهد,"منزل سكني عائلي في حي المجتهد - مساحة 257 م² - 4 غرف, 1 حمامات. الحالة: كالجديد. الملكية: بدون أوراق. الطابق: أرضي. المميزات: تدفئة مركزية, قرب مدرسة, مصعد",235300,المجتهد,257,4,1,منزل,كالجديد,"تدفئة مركزية, قرب مدرسة, مصعد",2026-01-03,بائع_22,935329639,ماروتا سيتي,بدون أوراق,غير محدد,أرضي,33.500425,36.307054,916,متوسطة,property_images/duplex_interior.jpg,property_images/bedroom.jpg|property_images/townhouse.jpg|property_images/villa_interior.jpg
847,شقة في المجتهد,"شقة سكنية في بناء سكني في حي المجتهد - مساحة 158 م² - 3 غرف, 2 حمامات. الحالة: كالجديد. الملكية: كاتب عدل. الطابق: سابع. المميزات: شارع رئيسي, غاز مركزي, مصعد, شقة مفروشة, بئر مياه خاص",138000,المجتهد,158,3,2,شقة,كالجديد,"شارع رئيسي, غاز مركزي, مصعد, شقة مفروشة, بئر مياه خاص",2026-01-19,بائع_282,938142079,بيوتنا,كاتب عدل,كهرباء دولة,سابع,33.498368,36.305156,873,متوسطة,property_images/apartment_economy.jpg,property_images/apartment_luxury.jpg|property_images/townhouse.jpg|property_images/apartment_modern.jpg
848,بيت في المجتهد,"بيت سكني تقليدي في حي المجتهد - مساحة 135 م² - 1 غرف, 2 حمامات. الحالة: كالجديد. الملكية: حكم محكمة. الطابق: ملحق. المميزات: قرب مستشفى, إنترنت",116900,المجتهد,135,1,2,بيت,كالجديد,"قرب مستشفى, إنترنت",2026-03-12,بائع_78,998107706,إمتلاك,حكم محكمة,طاقة شمسية,ملحق,33.496846,36.303394,866,متوسطة,property_images/building_needs_renovation.jpg,property_images/apartment_modern.jpg|property_images/apartment_interior.jpg|property_images/building_new_construction.jpg
849,بيت قديم في المجتهد,"بيت تراثي دمشقي قديم في حي المجتهد - مساحة 97 م² - 4 غرف, 2 حمامات. الحالة: ممتاز. الملكية: حكم محكمة. الطابق: أول. المميزات: أثاث, إطلالة مفتوحة, كهرباء دولة",64400,المجتهد,97,4,2,بيت قديم,ممتاز,"أثاث, إطلالة مفتوحة, كهرباء دولة",2026-01-25,بائع_62,966573589,سوق.كوم,حكم محكمة,كهرباء دولة,أول,33.503945,36.302228,664,متوسطة,property_images/building_needs_renovation.jpg,property_images/duplex_interior.jpg|property_images/villa_modern.jpg|property_images/apartment_interior.jpg
850,منزل في المجتهد,"منزل سكني عائلي في حي المجتهد - مساحة 182 م² - 5 غرف, 1 حمامات. الحالة: يحتاج ترميم. الملكية: حكم محكمة. الطابق: أرضي. المميزات: حارس أمن, تدفئة مركزية, غاز مركزي",132500,المجتهد,182,5,1,منزل,يحتاج ترميم,"حارس أمن, تدفئة مركزية, غاز مركزي",2026-03-15,بائع_292,968973390,إمتلاك,حكم محكمة,غير محدد,أرضي,33.504543,36.304191,728,متوسطة,property_images/house_traditional.jpg,property_images/bedroom.jpg|property_images/duplex_interior.jpg|property_images/villa_interior.jpg
851,بيت في المجتهد,"بيت سكني تقليدي في حي المجتهد - مساحة 124 م² - 2 غرف, 2 حمامات. الحالة: مقبول. الملكية: كاتب عدل. الطابق: رابع. المميزات: شارع رئيسي, طاقة شمسية",82800,المجتهد,124,2,2,بيت,مقبول,"شارع رئيسي, طاقة شمسية",2026-05-02,بائع_111,953450153,بيوتنا,كاتب عدل,"كهرباء دولة, طاقة شمسية",رابع,33.500391,36.304802,668,متوسطة,property_images/building_needs_renovation.jpg,property_images/apartment_street.jpg|property_images/apartment_kitchen.jpg|property_images/apartment_economy.jpg
852,منزل في المجتهد,"منزل سكني عائلي في حي المجتهد - مساحة 179 م² - 5 غرف, 2 حمامات. الحالة: جيد. الملكية: حكم محكمة. الطابق: أرضي. المميزات: بلكونة, أبواب حديدية, إطلالة مفتوحة, قرب مدرسة, بئر مياه خاص, طاقة شمسية",84200,المجتهد,179,5,2,منزل,جيد,"بلكونة, أبواب حديدية, إطلالة مفتوحة, قرب مدرسة, بئر مياه خاص, طاقة شمسية",2026-04-28,بائع_26,931387552,سوق.كوم,حكم محكمة,غير محدد,أرضي,33.501364,36.305252,470,متوسطة,property_images/duplex_interior.jpg,property_images/apartment_modern.jpg|property_images/house_traditional.jpg|property_images/apartment_interior.jpg
853,شقة في البرامكة,"شقة سكنية في بناء سكني في حي البرامكة - مساحة 112 م² - 2 غرف, 1 حمامات. الحالة: ممتاز. الملكية: حكم محكمة. الطابق: ثالث. المميزات: إنترنت, أثاث",163600,البرامكة,112,2,1,شقة,ممتاز,"إنترنت, أثاث",2026-01-30,بائع_39,965537766,إمتلاك,حكم محكمة,غير محدد,ثالث,33.50665,36.292194,1461,متوسطة,property_images/apartment_kitchen.jpg,property_images/townhouse.jpg|property_images/villa_interior.jpg|property_images/apartment_interior.jpg
854,شقة في البرامكة,"شقة سكنية في بناء سكني في حي البرامكة - مساحة 189 م² - 3 غرف, 1 حمامات. الحالة: مقبول. الملكية: كاتب عدل. الطابق: سابع. المميزات: شبابيك دبل غلاس, أثاث, حارس أمن, مصعد",119800,البرامكة,189,3,1,شقة,مقبول,"شبابيك دبل غلاس, أثاث, حارس أمن, مصعد",2026-03-06,بائع_234,964383185,سوق.كوم,كاتب عدل,"كهرباء دولة, طاقة شمسية",سابع,33.5069,36.292706,634,متوسطة,property_images/apartment_street.jpg,property_images/bedroom.jpg|property_images/apartment_interior.jpg|property_images/townhouse.jpg
855,بيت قديم في البرامكة,"بيت تراثي دمشقي قديم في حي البرامكة - مساحة 129 م² - 2 غرف, 1 حمامات. الحالة: جيد. الملكية: حكم محكمة. الطابق: أرضي. المميزات: غاز مركزي, شارع رئيسي",91100,البرامكة,129,2,1,بيت قديم,جيد,"غاز مركزي, شارع رئيسي",2026-01-06,بائع_212,952113913,إكار,حكم محكمة,كهرباء دولة,أرضي,33.505415,36.291936,706,متوسطة,property_images/house_traditional.jpg,property_images/house_traditional.jpg|property_images/bedroom.jpg|property_images/townhouse.jpg
856,محل تجاري في البرامكة,"محل تجاري أو مكتب في حي البرامكة - مساحة 44 م² - 1 غرف, 1 حمامات. الحالة: جيد. الملكية: بدون أوراق. الطابق: أرضي. المميزات: أثاث, كهرباء دولة, مصعد, إطلالة مفتوحة, شارع رئيسي",34900,البرامكة,44,1,1,محل تجاري,جيد,"أثاث, كهرباء دولة, مصعد, إطلالة مفتوحة, شارع رئيسي",2025-11-20,بائع_23,985686095,إمتلاك,بدون أوراق,غير محدد,أرضي,33.508852,36.293836,793,متوسطة,property_images/building_new_construction.jpg,property_images/apartment_economy.jpg|property_images/villa_modern.jpg|property_images/townhouse.jpg
857,منزل في البرامكة,"منزل سكني عائلي في حي البرامكة - مساحة 80 م² - 2 غرف, 2 حمامات. الحالة: كالجديد. الملكية: كاتب عدل. الطابق: أول. المميزات: موقف سيارات, إطلالة مفتوحة, إنترنت, شبابيك دبل غلاس",103600,البرامكة,80,2,2,منزل,كالجديد,"موقف سيارات, إطلالة مفتوحة, إنترنت, شبابيك دبل غلاس",2026-01-30,بائع_283,999252773,بيوت شام,كاتب عدل,كهرباء دولة,أول,33.508505,36.295769,1295,متوسطة,property_images/townhouse.jpg,property_images/building_new_construction.jpg|property_images/house_traditional.jpg|property_images/apartment_kitchen.jpg
858,بيت قديم في البرامكة,"بيت تراثي دمشقي قديم في حي البرامكة - مساحة 115 م² - 3 غرف, 2 حمامات. الحالة: ممتاز. الملكية: طابو أخضر. الطابق: أول. المميزات: إنترنت, بئر مياه خاص, مكيف, أبواب حديدية, مرآب",113000,البرامكة,115,3,2,بيت قديم,ممتاز,"إنترنت, بئر مياه خاص, مكيف, أبواب حديدية, مرآب",2026-03-02,بائع_71,972476091,إمتلاك,طابو أخضر,طاقة شمسية,أول,33.508933,36.295692,983,متوسطة,property_images/building_needs_renovation.jpg,property_images/house_traditional.jpg|property_images/apartment_modern.jpg|property_images/apartment_kitchen.jpg
859,منزل في البرامكة,"منزل سكني عائلي في حي البرامكة - مساحة 183 م² - 3 غرف, 1 حمامات. الحالة: مقبول. الملكية: كاتب عدل. الطابق: ملحق. المميزات: شقة مفروشة, مكيف, حديقة, قرب مدرسة",132600,البرامكة,183,3,1,منزل,مقبول,"شقة مفروشة, مكيف, حديقة, قرب مدرسة",2025-12-10,بائع_72,956964745,إمتلاك,كاتب عدل,طاقة شمسية,ملحق,33.512545,36.294778,725,متوسطة,property_images/townhouse.jpg,property_images/apartment_interior.jpg|property_images/bedroom.jpg|property_images/building_new_construction.jpg
860,شقة في البرامكة,"شقة سكنية في بناء سكني في حي البرامكة - مساحة 140 م² - 1 غرف, 1 حمامات. الحالة: مقبول. الملكية: كاتب عدل. الطابق: سابع. المميزات: مصعد, كهرباء دولة, قرب مدرسة, بلكونة, طاقة شمسية, حديقة",77800,البرامكة,140,1,1,شقة,مقبول,"مصعد, كهرباء دولة, قرب مدرسة, بلكونة, طاقة شمسية, حديقة",2026-01-30,بائع_281,980648532,إمتلاك,كاتب عدل,كهرباء دولة,سابع,33.505423,36.293585,556,متوسطة,property_images/apartment_interior.jpg,property_images/bedroom.jpg|property_images/building_new_construction.jpg|property_images/apartment_kitchen.jpg
861,بيت عربي في البرامكة,"بيت عربي بقاعة داخلية واسعة في حي البرامكة - مساحة 187 م² - 5 غرف, 3 حمامات. الحالة: كالجديد. الملكية: سجل عقاري. الطابق: أرضي. المميزات: طاقة شمسية, شبابيك دبل غلاس",159500,البرامكة,187,5,3,بيت عربي,كالجديد,"طاقة شمسية, شبابيك دبل غلاس",2026-03-18,بائع_1,994938792,سوق.كوم,سجل عقاري,غير محدد,أرضي,33.508282,36.296177,853,متوسطة,property_images/house_traditional.jpg,property_images/house_traditional.jpg|property_images/apartment_interior.jpg|property_images/villa_modern.jpg
862,منزل في البرامكة,"منزل سكني عائلي في حي البرامكة - مساحة 191 م² - 4 غرف, 1 حمامات. الحالة: يحتاج ترميم. الملكية: حكم محكمة. الطابق: أرضي. المميزات: بئر مياه خاص, أثاث, قرب مدرسة, حارس أمن, إطلالة مفتوحة",87700,البرامكة,191,4,1,منزل,يحتاج ترميم,"بئر مياه خاص, أثاث, قرب مدرسة, حارس أمن, إطلالة مفتوحة",2026-03-13,بائع_96,939170277,بيوت شام,حكم محكمة,"كهرباء دولة, طاقة شمسية",أرضي,33.507777,36.29139,459,متوسطة,property_images/duplex_interior.jpg,property_images/apartment_street.jpg|property_images/house_traditional.jpg|property_images/bedroom.jpg
863,منزل في البرامكة,"منزل سكني عائلي في حي البرامكة - مساحة 142 م² - 5 غرف, 1 حمامات. الحالة: كالجديد. الملكية: بدون أوراق. الطابق: أول. المميزات: بئر مياه خاص, حديقة, غاز مركزي, إنترنت, أثاث, شارع رئيسي",105000,البرامكة,142,5,1,منزل,كالجديد,"بئر مياه خاص, حديقة, غاز مركزي, إنترنت, أثاث, شارع رئيسي",2025-11-24,بائع_22,992133049,دوشيش,بدون أوراق,غير محدد,أول,33.507045,36.29049,739,متوسطة,property_images/house_traditional.jpg,property_images/house_traditional.jpg|property_images/villa_interior.jpg|property_images/bedroom.jpg
864,شقة في البرامكة,"شقة سكنية في بناء سكني في حي البرامكة - مساحة 115 م² - 4 غرف, 1 حمامات. الحالة: جديد. الملكية: حكم محكمة. الطابق: سادس. المميزات: قرب مستشفى, إطلالة مفتوحة, إنترنت, أبواب حديدية, مصعد",120600,البرامكة,115,4,1,شقة,جديد,"قرب مستشفى, إطلالة مفتوحة, إنترنت, أبواب حديدية, مصعد",2026-04-13,بائع_244,962670147,سوق.كوم,حكم محكمة,كهرباء دولة,سادس,33.502141,36.297106,1049,متوسطة,property_images/bedroom.jpg,property_images/duplex_interior.jpg|property_images/villa_modern.jpg|property_images/bedroom.jpg
865,شقة في البرامكة,"شقة سكنية في بناء سكني في حي البرامكة - مساحة 158 م² - 1 غرف, 2 حمامات. الحالة: جيد. الملكية: حكم محكمة. الطابق: رابع. المميزات: حديقة, طاقة شمسية, أبواب حديدية, تدفئة مركزية, شارع رئيسي",130200,البرامكة,158,1,2,شقة,جيد,"حديقة, طاقة شمسية, أبواب حديدية, تدفئة مركزية, شارع رئيسي",2026-01-10,بائع_111,982199566,سوق.كوم,حكم محكمة,كهرباء دولة,رابع,33.508038,36.290657,824,متوسطة,property_images/apartment_interior.jpg,property_images/apartment_economy.jpg|property_images/building_new_construction.jpg|property_images/apartment_luxury.jpg
866,بيت قديم في البرامكة,"بيت تراثي دمشقي قديم في حي البرامكة - مساحة 159 م² - 2 غرف, 2 حمامات. الحالة: جيد. الملكية: حكم محكمة. الطابق: أول. المميزات: شقة مفروشة, بلكونة",153100,البرامكة,159,2,2,بيت قديم,جيد,"شقة مفروشة, بلكونة",2025-12-19,بائع_25,962714110,سوق.كوم,حكم محكمة,كهرباء دولة,أول,33.508313,36.295047,963,متوسطة,property_images/house_traditional.jpg,property_images/building_needs_renovation.jpg|property_images/duplex_interior.jpg|property_images/townhouse.jpg
867,بيت قديم في البرامكة,"بيت تراثي دمشقي قديم في حي البرامكة - مساحة 106 م² - 3 غرف, 1 حمامات. الحالة: جيد. الملكية: بدون أوراق. الطابق: أول. المميزات: بئر مياه خاص, إطلالة مفتوحة",39000,البرامكة,106,3,1,بيت قديم,جيد,"بئر مياه خاص, إطلالة مفتوحة",2026-04-16,بائع_102,991609867,بيوتنا,بدون أوراق,كهرباء دولة,أول,33.507176,36.293264,368,متوسطة,property_images/building_needs_renovation.jpg,property_images/townhouse.jpg|property_images/apartment_economy.jpg|property_images/villa_interior.jpg
868,شقة في البرامكة,"شقة سكنية في بناء سكني في حي البرامكة - مساحة 104 م² - 2 غرف, 2 حمامات. الحالة: مقبول. الملكية: كاتب عدل. الطابق: ثالث. المميزات: بئر مياه خاص, بلكونة",77100,البرامكة,104,2,2,شقة,مقبول,"بئر مياه خاص, بلكونة",2025-12-30,بائع_118,986947688,إمتلاك,كاتب عدل,كهرباء دولة,ثالث,33.507817,36.292838,741,متوسطة,property_images/apartment_luxury.jpg,property_images/duplex_interior.jpg|property_images/apartment_luxury.jpg|property_images/apartment_kitchen.jpg
869,مكتب في البرامكة,"مكتب تجاري في حي البرامكة - مساحة 56 م², 1 حمامات. الحالة: كالجديد. الملكية: طابو أخضر. الطابق: أرضي. المميزات: قرب مستشفى, مصعد, شبابيك دبل غلاس, أبواب حديدية, إنترنت, مرآب",54200,البرامكة,56,0,1,مكتب,كالجديد,"قرب مستشفى, مصعد, شبابيك دبل غلاس, أبواب حديدية, إنترنت, مرآب",2026-01-31,بائع_279,943538959,دوشيش,طابو أخضر,غير محدد,أرضي,33.506566,36.290431,968,متوسطة,property_images/apartment_interior.jpg,property_images/building_needs_renovation.jpg|property_images/apartment_kitchen.jpg|property_images/villa_interior.jpg
870,شقة في البرامكة,"شقة سكنية في بناء سكني في حي البرامكة - مساحة 154 م² - 1 غرف, 1 حمامات. الحالة: ممتاز. الملكية: حكم محكمة. الطابق: سابع. المميزات: كهرباء دولة, إنترنت",92400,البرامكة,154,1,1,شقة,ممتاز,"كهرباء دولة, إنترنت",2026-03-31,بائع_62,933269864,سوق.كوم,حكم محكمة,كهرباء دولة,سابع,33.510307,36.295773,600,متوسطة,property_images/apartment_kitchen.jpg,property_images/house_traditional.jpg|property_images/building_needs_renovation.jpg|property_images/apartment_economy.jpg
871,منزل في البرامكة,"منزل سكني عائلي في حي البرامكة - مساحة 146 م² - 4 غرف, 3 حمامات. الحالة: جيد. الملكية: سجل عقاري. الطابق: أرضي. المميزات: أبواب حديدية, موقف سيارات, بلكونة, مرآب",74900,البرامكة,146,4,3,منزل,جيد,"أبواب حديدية, موقف سيارات, بلكونة, مرآب",2026-03-29,بائع_154,947882911,إمتلاك,سجل عقاري,"كهرباء دولة, طاقة شمسية",أرضي,33.507277,36.292872,513,متوسطة,property_images/townhouse.jpg,property_images/apartment_luxury.jpg|property_images/apartment_kitchen.jpg|property_images/villa_interior.jpg
872,شقة في البرامكة,"شقة سكنية في بناء سكني في حي البرامكة - مساحة 84 م² - 1 غرف, 1 حمامات. الحالة: ممتاز. الملكية: سجل عقاري. الطابق: خامس. المميزات: كهرباء دولة, قرب مستشفى, شقة مفروشة, مصعد, بئر مياه خاص, مكيف",74300,البرامكة,84,1,1,شقة,ممتاز,"كهرباء دولة, قرب مستشفى, شقة مفروشة, مصعد, بئر مياه خاص, مكيف",2026-03-12,بائع_97,990601508,دوشيش,سجل عقاري,غير محدد,خامس,33.51106,36.29433,885,متوسطة,property_images/apartment_street.jpg,property_images/apartment_economy.jpg|property_images/house_traditional.jpg|property_images/villa_interior.jpg
873,شقة في البرامكة,"شقة سكنية في بناء سكني في حي البرامكة - مساحة 87 م² - 1 غرف, 1 حمامات. الحالة: كالجديد. الملكية: حكم محكمة. الطابق: سابع. المميزات: شقة مفروشة, مكيف, موقف سيارات",61300,البرامكة,87,1,1,شقة,كالجديد,"شقة مفروشة, مكيف, موقف سيارات",2025-12-12,بائع_85,961757395,ماروتا سيتي,حكم محكمة,كهرباء دولة,سابع,33.507346,36.292573,705,متوسطة,property_images/apartment_economy.jpg,property_images/villa_modern.jpg|property_images/apartment_modern.jpg|property_images/building_new_construction.jpg
874,منزل في البرامكة,"منزل سكني عائلي في حي البرامكة - مساحة 182 م² - 4 غرف, 2 حمامات. الحالة: جيد. الملكية: بدون أوراق. الطابق: أول. المميزات: مرآب, تدفئة مركزية",106800,البرامكة,182,4,2,منزل,جيد,"مرآب, تدفئة مركزية",2025-11-15,بائع_192,980571679,إكار,بدون أوراق,طاقة شمسية,أول,33.509023,36.29687,587,متوسطة,property_images/duplex_interior.jpg,property_images/duplex_interior.jpg|property_images/building_needs_renovation.jpg|property_images/townhouse.jpg
875,محل تجاري في البرامكة,"محل تجاري أو مكتب في حي البرامكة - مساحة 80 م² - 1 غرف, 1 حمامات. الحالة: كالجديد. الملكية: بدون أوراق. الطابق: أول. المميزات: طاقة شمسية, إطلالة مفتوحة, شقة مفروشة",78100,البرامكة,80,1,1,محل تجاري,كالجديد,"طاقة شمسية, إطلالة مفتوحة, شقة مفروشة",2025-12-03,بائع_16,983169556,إكار,بدون أوراق,"كهرباء دولة, طاقة شمسية",أول,33.507634,36.292287,976,متوسطة,property_images/building_new_construction.jpg,property_images/apartment_modern.jpg|property_images/villa_interior.jpg|property_images/apartment_luxury.jpg
876,شقة في البرامكة,"شقة سكنية في بناء سكني في حي البرامكة - مساحة 161 م² - 1 غرف, 2 حمامات. الحالة: مقبول. الملكية: طابو أخضر. الطابق: رابع. المميزات: غاز مركزي, كهرباء دولة, شبابيك دبل غلاس, حديقة",113200,البرامكة,161,1,2,شقة,مقبول,"غاز مركزي, كهرباء دولة, شبابيك دبل غلاس, حديقة",2026-02-16,بائع_241,995611482,دوشيش,طابو أخضر,غير محدد,رابع,33.50809,36.293102,703,متوسطة,property_images/apartment_kitchen.jpg,property_images/building_needs_renovation.jpg|property_images/apartment_interior.jpg|property_images/apartment_kitchen.jpg
877,بيت قديم في البرامكة,"بيت تراثي دمشقي قديم في حي البرامكة - مساحة 82 م² - 4 غرف, 1 حمامات. الحالة: مقبول. الملكية: حكم محكمة. الطابق: ملحق. المميزات: حديقة, موقف سيارات, أبواب حديدية, شارع رئيسي, شقة مفروشة",33200,البرامكة,82,4,1,بيت قديم,مقبول,"حديقة, موقف سيارات, أبواب حديدية, شارع رئيسي, شقة مفروشة",2026-02-26,بائع_139,966723309,إكار,حكم محكمة,طاقة شمسية,ملحق,33.508646,36.292878,405,متوسطة,property_images/house_traditional.jpg,property_images/apartment_interior.jpg|property_images/apartment_modern.jpg|property_images/apartment_street.jpg
878,شقة في البرامكة,"شقة سكنية في بناء سكني في حي البرامكة - مساحة 137 م² - 2 غرف, 1 حمامات. الحالة: يحتاج ترميم. الملكية: طابو نظامي. الطابق: سادس. المميزات: بئر مياه خاص, أثاث, حديقة, شقة مفروشة",82300,البرامكة,137,2,1,شقة,يحتاج ترميم,"بئر مياه خاص, أثاث, حديقة, شقة مفروشة",2025-11-15,بائع_97,947941214,ماروتا سيتي,طابو نظامي,كهرباء دولة,سادس,33.510442,36.291246,601,متوسطة,property_images/apartment_interior.jpg,property_images/townhouse.jpg|property_images/villa_interior.jpg|property_images/apartment_economy.jpg
879,بيت قديم في البرامكة,"بيت تراثي دمشقي قديم في حي البرامكة - مساحة 159 م² - 4 غرف, 2 حمامات. الحالة: كالجديد. الملكية: حكم محكمة. الطابق: أرضي. المميزات: شبابيك دبل غلاس, قرب مستشفى, شقة مفروشة",79600,البرامكة,159,4,2,بيت قديم,كالجديد,"شبابيك دبل غلاس, قرب مستشفى, شقة مفروشة",2026-02-20,بائع_127,956727186,ماروتا سيتي,حكم محكمة,كهرباء دولة,أرضي,33.50887,36.293951,501,متوسطة,property_images/house_traditional.jpg,property_images/house_traditional.jpg|property_images/building_new_construction.jpg|property_images/villa_modern.jpg
880,بيت في البرامكة,"بيت سكني تقليدي في حي البرامكة - مساحة 86 م² - 2 غرف, 2 حمامات. الحالة: ممتاز. الملكية: كاتب عدل. الطابق: سابع. المميزات: غاز مركزي, أبواب حديدية, كهرباء دولة",80100,البرامكة,86,2,2,بيت,ممتاز,"غاز مركزي, أبواب حديدية, كهرباء دولة",2025-12-01,بائع_37,962230473,دوشيش,كاتب عدل,"كهرباء دولة, طاقة شمسية",سابع,33.510559,36.288566,931,متوسطة,property_images/house_traditional.jpg,property_images/townhouse.jpg|property_images/apartment_kitchen.jpg|property_images/house_traditional.jpg
881,بيت عربي في البرامكة,"بيت عربي بقاعة داخلية واسعة في حي البرامكة - مساحة 205 م² - 3 غرف, 2 حمامات. الحالة: يحتاج ترميم. الملكية: طابو أخضر. الطابق: ملحق. المميزات: شبابيك دبل غلاس, قرب مدرسة, قرب مستشفى, كهرباء دولة, شقة مفروشة",75600,البرامكة,205,3,2,بيت عربي,يحتاج ترميم,"شبابيك دبل غلاس, قرب مدرسة, قرب مستشفى, كهرباء دولة, شقة مفروشة",2026-01-16,بائع_251,943599508,دوشيش,طابو أخضر,"كهرباء دولة, طاقة شمسية",ملحق,33.506069,36.296258,369,متوسطة,property_images/duplex_interior.jpg,property_images/apartment_economy.jpg|property_images/villa_interior.jpg|property_images/bedroom.jpg
882,شقة في البرامكة,"شقة سكنية في بناء سكني في حي البرامكة - مساحة 99 م² - 3 غرف, 1 حمامات. الحالة: كالجديد. الملكية: طابو أخضر. الطابق: أول. المميزات: موقف سيارات, كهرباء دولة",84100,البرامكة,99,3,1,شقة,كالجديد,"موقف سيارات, كهرباء دولة",2026-04-11,بائع_217,956141877,إمتلاك,طابو أخضر,"كهرباء دولة, طاقة شمسية",أول,33.507604,36.297136,849,متوسطة,property_images/apartment_street.jpg,property_images/apartment_modern.jpg|property_images/building_new_construction.jpg|property_images/apartment_economy.jpg
883,منزل في البرامكة,"منزل سكني عائلي في حي البرامكة - مساحة 80 م² - 4 غرف, 2 حمامات. الحالة: جديد. الملكية: طابو نظامي. الطابق: أرضي. المميزات: طاقة شمسية, شارع رئيسي, إطلالة مفتوحة, كهرباء دولة, إنترنت",73100,البرامكة,80,4,2,منزل,جديد,"طاقة شمسية, شارع رئيسي, إطلالة مفتوحة, كهرباء دولة, إنترنت",2026-02-13,بائع_113,951944848,ماروتا سيتي,طابو نظامي,كهرباء دولة,أرضي,33.510995,36.296715,914,متوسطة,property_images/house_traditional.jpg,property_images/villa_interior.jpg|property_images/apartment_kitchen.jpg|property_images/apartment_modern.jpg
884,شقة في البرامكة,"شقة سكنية في بناء سكني في حي البرامكة - مساحة 116 م² - 2 غرف, 1 حمامات. الحالة: جيد. الملكية: طابو أخضر. الطابق: سادس. المميزات: إطلالة مفتوحة, كهرباء دولة, أبواب حديدية, حارس أمن, قرب مدرسة, طاقة شمسية",79100,البرامكة,116,2,1,شقة,جيد,"إطلالة مفتوحة, كهرباء دولة, أبواب حديدية, حارس أمن, قرب مدرسة, طاقة شمسية",2026-03-24,بائع_89,958393046,سوق.كوم,طابو أخضر,كهرباء دولة,سادس,33.512192,36.296189,682,متوسطة,property_images/apartment_street.jpg,property_images/bedroom.jpg|property_images/villa_interior.jpg|property_images/apartment_street.jpg
885,شقة في البرامكة,"شقة سكنية في بناء سكني في حي البرامكة - مساحة 143 م² - 4 غرف, 2 حمامات. الحالة: جيد. الملكية: سجل عقاري. الطابق: سادس. المميزات: طاقة شمسية, حارس أمن, موقف سيارات",105200,البرامكة,143,4,2,شقة,جيد,"طاقة شمسية, حارس أمن, موقف سيارات",2026-01-27,بائع_195,932667557,ماروتا سيتي,سجل عقاري,غير محدد,سادس,33.507902,36.292679,736,متوسطة,property_images/bedroom.jpg,property_images/apartment_modern.jpg|property_images/building_needs_renovation.jpg|property_images/villa_modern.jpg
886,شقة في البرامكة,"شقة سكنية في بناء سكني في حي البرامكة - مساحة 131 م² - 3 غرف, 2 حمامات. الحالة: مقبول. الملكية: سجل عقاري. الطابق: سادس. المميزات: أبواب حديدية, شقة مفروشة",135500,البرامكة,131,3,2,شقة,مقبول,"أبواب حديدية, شقة مفروشة",2026-01-30,بائع_74,939730145,ماروتا سيتي,سجل عقاري,غير محدد,سادس,33.509759,36.290845,1034,متوسطة,property_images/apartment_economy.jpg,property_images/villa_interior.jpg|property_images/bedroom.jpg|property_images/townhouse.jpg
887,بيت قديم في البرامكة,"بيت تراثي دمشقي قديم في حي البرامكة - مساحة 148 م² - 2 غرف, 1 حمامات. الحالة: ممتاز. الملكية: كاتب عدل. الطابق: ملحق. المميزات: إنترنت, غاز مركزي, كهرباء دولة, طاقة شمسية",118800,البرامكة,148,2,1,بيت قديم,ممتاز,"إنترنت, غاز مركزي, كهرباء دولة, طاقة شمسية",2025-12-03,بائع_241,933819839,إكار,كاتب عدل,"كهرباء دولة, طاقة شمسية",ملحق,33.509374,36.295933,803,متوسطة,property_images/house_traditional.jpg,property_images/apartment_economy.jpg|property_images/townhouse.jpg|property_images/duplex_interior.jpg
888,شقة في البرامكة,"شقة سكنية في بناء سكني في حي البرامكة - مساحة 81 م² - 1 غرف, 2 حمامات. الحالة: جيد. الملكية: سجل عقاري. الطابق: سابع. المميزات: إنترنت, شارع رئيسي, غاز مركزي, مصعد, أبواب حديدية, مرآب",72300,البرامكة,81,1,2,شقة,جيد,"إنترنت, شارع رئيسي, غاز مركزي, مصعد, أبواب حديدية, مرآب",2026-03-01,بائع_179,959382194,بيوت شام,سجل عقاري,طاقة شمسية,سابع,33.506937,36.289864,893,متوسطة,property_images/apartment_street.jpg,property_images/apartment_modern.jpg|property_images/apartment_interior.jpg|property_images/house_traditional.jpg
889,مكتب في البرامكة,"مكتب تجاري في حي البرامكة - مساحة 61 م², 1 حمامات. الحالة: ممتاز. الملكية: طابو أخضر. الطابق: أول. المميزات: شارع رئيسي, شقة مفروشة, إطلالة مفتوحة, أثاث, تدفئة مركزية, غاز مركزي",105700,البرامكة,61,0,1,مكتب,ممتاز,"شارع رئيسي, شقة مفروشة, إطلالة مفتوحة, أثاث, تدفئة مركزية, غاز مركزي",2026-03-26,بائع_48,936362554,سوق.كوم,طابو أخضر,"كهرباء دولة, طاقة شمسية",أول,33.50432,36.292935,1733,متوسطة,property_images/apartment_interior.jpg,property_images/bedroom.jpg|property_images/villa_modern.jpg|property_images/townhouse.jpg
890,منزل في البرامكة,"منزل سكني عائلي في حي البرامكة - مساحة 188 م² - 3 غرف, 2 حمامات. الحالة: ممتاز. الملكية: طابو أخضر. الطابق: أرضي. المميزات: بلكونة, طاقة شمسية, مرآب, بئر مياه خاص",192700,البرامكة,188,3,2,منزل,ممتاز,"بلكونة, طاقة شمسية, مرآب, بئر مياه خاص",2026-04-12,بائع_27,952402244,إكار,طابو أخضر,"كهرباء دولة, طاقة شمسية",أرضي,33.507774,36.290402,1025,متوسطة,property_images/duplex_interior.jpg,property_images/apartment_luxury.jpg|property_images/apartment_economy.jpg|property_images/apartment_interior.jpg
891,منزل في البرامكة,"منزل سكني عائلي في حي البرامكة - مساحة 170 م² - 2 غرف, 1 حمامات. الحالة: ممتاز. الملكية: طابو أخضر. الطابق: أول. المميزات: موقف سيارات, شارع رئيسي, حارس أمن, كهرباء دولة, بلكونة, قرب مستشفى",140700,البرامكة,170,2,1,منزل,ممتاز,"موقف سيارات, شارع رئيسي, حارس أمن, كهرباء دولة, بلكونة, قرب مستشفى",2026-03-21,بائع_79,998295881,بيوتنا,طابو أخضر,كهرباء دولة,أول,33.50362,36.295389,828,متوسطة,property_images/duplex_interior.jpg,property_images/apartment_street.jpg|property_images/house_traditional.jpg|property_images/villa_modern.jpg
892,بيت عربي في البرامكة,"بيت عربي بقاعة داخلية واسعة في حي البرامكة - مساحة 227 م² - 4 غرف, 3 حمامات. الحالة: ممتاز. الملكية: طابو أخضر. الطابق: أرضي. المميزات: شقة مفروشة, شارع رئيسي",217000,البرامكة,227,4,3,بيت عربي,ممتاز,"شقة مفروشة, شارع رئيسي",2026-01-05,بائع_80,946353677,ماروتا سيتي,طابو أخضر,"كهرباء دولة, طاقة شمسية",أرضي,33.508458,36.295149,956,متوسطة,property_images/duplex_interior.jpg,property_images/villa_interior.jpg|property_images/apartment_kitchen.jpg|property_images/apartment_luxury.jpg
893,بيت في الحمرة,"بيت سكني تقليدي في حي الحمرة - مساحة 116 م² - 2 غرف, 1 حمامات. الحالة: ممتاز. الملكية: كاتب عدل. الطابق: أول. المميزات: بلكونة, حارس أمن, طاقة شمسية, شارع رئيسي, تدفئة مركزية",82400,الحمرة,116,2,1,بيت,ممتاز,"بلكونة, حارس أمن, طاقة شمسية, شارع رئيسي, تدفئة مركزية",2026-02-21,بائع_236,997937642,دوشيش,كاتب عدل,طاقة شمسية,أول,33.499405,36.297624,710,متوسطة,property_images/building_needs_renovation.jpg,property_images/building_new_construction.jpg|property_images/villa_modern.jpg|property_images/villa_interior.jpg
894,بيت في الحمرة,"بيت سكني تقليدي في حي الحمرة - مساحة 119 م² - 2 غرف, 2 حمامات. الحالة: ممتاز. الملكية: سجل عقاري. الطابق: ثاني. المميزات: إنترنت, إطلالة مفتوحة, قرب مستشفى, غاز مركزي, كهرباء دولة, مرآب",73700,الحمرة,119,2,2,بيت,ممتاز,"إنترنت, إطلالة مفتوحة, قرب مستشفى, غاز مركزي, كهرباء دولة, مرآب",2026-04-26,بائع_106,939728934,بيوت شام,سجل عقاري,كهرباء دولة,ثاني,33.49746,36.295574,619,متوسطة,property_images/building_needs_renovation.jpg,property_images/townhouse.jpg|property_images/bedroom.jpg|property_images/apartment_street.jpg
895,محل تجاري في الحمرة,"محل تجاري أو مكتب في حي الحمرة - مساحة 39 م² - 1 غرف, 1 حمامات. الحالة: كالجديد. الملكية: بدون أوراق. الطابق: أرضي. المميزات: إنترنت, مصعد, حديقة, أبواب حديدية",23300,الحمرة,39,1,1,محل تجاري,كالجديد,"إنترنت, مصعد, حديقة, أبواب حديدية",2025-11-23,بائع_76,987719110,ماروتا سيتي,بدون أوراق,طاقة شمسية,أرضي,33.498369,36.292868,597,متوسطة,property_images/building_new_construction.jpg,property_images/townhouse.jpg|property_images/duplex_interior.jpg|property_images/villa_interior.jpg
896,بيت قديم في الحمرة,"بيت تراثي دمشقي قديم في حي الحمرة - مساحة 174 م² - 3 غرف, 1 حمامات. الحالة: كالجديد. الملكية: كاتب عدل. الطابق: أول. المميزات: مصعد, طاقة شمسية, شبابيك دبل غلاس",129200,الحمرة,174,3,1,بيت قديم,كالجديد,"مصعد, طاقة شمسية, شبابيك دبل غلاس",2026-01-06,بائع_191,956585804,بيوتنا,كاتب عدل,كهرباء دولة,أول,33.503841,36.292554,743,متوسطة,property_images/building_needs_renovation.jpg,property_images/apartment_interior.jpg|property_images/apartment_luxury.jpg|property_images/bedroom.jpg
897,منزل في الحمرة,"منزل سكني عائلي في حي الحمرة - مساحة 163 م² - 2 غرف, 2 حمامات. الحالة: جديد. الملكية: بدون أوراق. الطابق: ملحق. المميزات: تدفئة مركزية, إنترنت, شبابيك دبل غلاس, غاز مركزي",73300,الحمرة,163,2,2,منزل,جديد,"تدفئة مركزية, إنترنت, شبابيك دبل غلاس, غاز مركزي",2026-02-19,بائع_182,995678401,دوشيش,بدون أوراق,طاقة شمسية,ملحق,33.498609,36.293164,450,متوسطة,property_images/townhouse.jpg,property_images/apartment_economy.jpg|property_images/bedroom.jpg|property_images/house_traditional.jpg
898,شقة في الحمرة,"شقة سكنية في بناء سكني في حي الحمرة - مساحة 163 م² - 1 غرف, 2 حمامات. الحالة: يحتاج ترميم. الملكية: كاتب عدل. الطابق: أرضي. المميزات: أثاث, بئر مياه خاص, شقة مفروشة, بلكونة",67900,الحمرة,163,1,2,شقة,يحتاج ترميم,"أثاث, بئر مياه خاص, شقة مفروشة, بلكونة",2025-12-13,بائع_139,937125882,إكار,كاتب عدل,طاقة شمسية,أرضي,33.502137,36.296208,417,متوسطة,property_images/apartment_interior.jpg,property_images/apartment_kitchen.jpg|property_images/duplex_interior.jpg|property_images/apartment_economy.jpg
899,شقة في الحمرة,"شقة سكنية في بناء سكني في حي الحمرة - مساحة 200 م² - 4 غرف, 2 حمامات. الحالة: جيد. الملكية: طابو أخضر. الطابق: ملحق. المميزات: شبابيك دبل غلاس, إنترنت, حديقة, بئر مياه خاص, إطلالة مفتوحة, تدفئة مركزية",90400,الحمرة,200,4,2,شقة,جيد,"شبابيك دبل غلاس, إنترنت, حديقة, بئر مياه خاص, إطلالة مفتوحة, تدفئة مركزية",2026-01-01,بائع_222,995137912,إمتلاك,طابو أخضر,كهرباء دولة,ملحق,33.502518,36.297293,452,متوسطة,property_images/apartment_street.jpg,property_images/apartment_interior.jpg|property_images/villa_interior.jpg|property_images/townhouse.jpg
900,بيت عربي في الحمرة,"بيت عربي بقاعة داخلية واسعة في حي الحمرة - مساحة 131 م² - 2 غرف, 1 حمامات. الحالة: جيد. الملكية: حكم محكمة. الطابق: أرضي. المميزات: حديقة, شبابيك دبل غلاس, كهرباء دولة, مكيف, قرب مدرسة",90300,الحمرة,131,2,1,بيت عربي,جيد,"حديقة, شبابيك دبل غلاس, كهرباء دولة, مكيف, قرب مدرسة",2026-01-25,بائع_113,935146151,بيوت شام,حكم محكمة,كهرباء دولة,أرضي,33.500672,36.294545,689,متوسطة,property_images/house_traditional.jpg,property_images/building_new_construction.jpg|property_images/bedroom.jpg|property_images/apartment_economy.jpg
901,شقة في الحمرة,"شقة سكنية في بناء سكني في حي الحمرة - مساحة 91 م² - 2 غرف, 2 حمامات. الحالة: كالجديد. الملكية: سجل عقاري. الطابق: رابع. المميزات: مرآب, قرب مدرسة, قرب مستشفى",59300,الحمرة,91,2,2,شقة,كالجديد,"مرآب, قرب مدرسة, قرب مستشفى",2026-04-19,بائع_84,934378404,إمتلاك,سجل عقاري,طاقة شمسية,رابع,33.5041,36.295001,652,متوسطة,property_images/apartment_luxury.jpg,property_images/building_needs_renovation.jpg|property_images/duplex_interior.jpg|property_images/apartment_modern.jpg
902,منزل في الحمرة,"منزل سكني عائلي في حي الحمرة - مساحة 195 م² - 3 غرف, 3 حمامات. الحالة: جديد. الملكية: سجل عقاري. الطابق: أول. المميزات: حارس أمن, موقف سيارات, شبابيك دبل غلاس, حديقة, إنترنت",129200,الحمرة,195,3,3,منزل,جديد,"حارس أمن, موقف سيارات, شبابيك دبل غلاس, حديقة, إنترنت",2025-12-14,بائع_281,972762201,إمتلاك,سجل عقاري,طاقة شمسية,أول,33.49844,36.297164,663,متوسطة,property_images/townhouse.jpg,property_images/villa_interior.jpg|property_images/building_needs_renovation.jpg|property_images/apartment_interior.jpg
903,شقة في الحمرة,"شقة سكنية في بناء سكني في حي الحمرة - مساحة 72 م² - 3 غرف, 1 حمامات. الحالة: كالجديد. الملكية: حكم محكمة. الطابق: رابع. المميزات: مصعد, مرآب, أبواب حديدية",50500,الحمرة,72,3,1,شقة,كالجديد,"مصعد, مرآب, أبواب حديدية",2025-12-29,بائع_208,936720434,بيوت شام,حكم محكمة,كهرباء دولة,رابع,33.500068,36.295223,701,متوسطة,property_images/bedroom.jpg,property_images/duplex_interior.jpg|property_images/villa_modern.jpg|property_images/apartment_economy.jpg
904,بيت عربي في الحمرة,"بيت عربي بقاعة داخلية واسعة في حي الحمرة - مساحة 171 م² - 3 غرف, 1 حمامات. الحالة: ممتاز. الملكية: كاتب عدل. الطابق: ملحق. المميزات: شبابيك دبل غلاس, مكيف, حارس أمن",116900,الحمرة,171,3,1,بيت عربي,ممتاز,"شبابيك دبل غلاس, مكيف, حارس أمن",2026-01-23,بائع_215,972413612,سوق.كوم,كاتب عدل,كهرباء دولة,ملحق,33.501386,36.296469,684,متوسطة,property_images/house_traditional.jpg,property_images/building_new_construction.jpg|property_images/apartment_economy.jpg|property_images/apartment_luxury.jpg
905,شقة في الحمرة,"شقة سكنية في بناء سكني في حي الحمرة - مساحة 85 م² - 1 غرف, 2 حمامات. الحالة: جيد. الملكية: بدون أوراق. الطابق: سادس. المميزات: مرآب, غاز مركزي",39200,الحمرة,85,1,2,شقة,جيد,"مرآب, غاز مركزي",2026-04-28,بائع_171,977223969,بيوت شام,بدون أوراق,كهرباء دولة,سادس,33.50239,36.296789,461,متوسطة,property_images/apartment_luxury.jpg,property_images/apartment_interior.jpg|property_images/villa_interior.jpg|property_images/townhouse.jpg
906,شقة في الحمرة,"شقة سكنية في بناء سكني في حي الحمرة - مساحة 71 م² - 4 غرف, 1 حمامات. الحالة: مقبول. الملكية: سجل عقاري. الطابق: خامس. المميزات: مرآب, طاقة شمسية, بئر مياه خاص, إطلالة مفتوحة, بلكونة",41700,الحمرة,71,4,1,شقة,مقبول,"مرآب, طاقة شمسية, بئر مياه خاص, إطلالة مفتوحة, بلكونة",2026-01-29,بائع_43,942186082,سوق.كوم,سجل عقاري,"كهرباء دولة, طاقة شمسية",خامس,33.496044,36.295094,587,متوسطة,property_images/apartment_modern.jpg,property_images/apartment_modern.jpg|property_images/building_new_construction.jpg|property_images/duplex_interior.jpg
907,بيت عربي في الحمرة,"بيت عربي بقاعة داخلية واسعة في حي الحمرة - مساحة 274 م² - 5 غرف, 1 حمامات. الحالة: جديد. الملكية: سجل عقاري. الطابق: أرضي. المميزات: تدفئة مركزية, مصعد, أبواب حديدية",165100,الحمرة,274,5,1,بيت عربي,جديد,"تدفئة مركزية, مصعد, أبواب حديدية",2026-02-01,بائع_183,941142393,بيوتنا,سجل عقاري,"كهرباء دولة, طاقة شمسية",أرضي,33.498331,36.296528,603,متوسطة,property_images/duplex_interior.jpg,property_images/townhouse.jpg|property_images/apartment_luxury.jpg|property_images/building_new_construction.jpg
908,محل تجاري في الحمرة,"محل تجاري أو مكتب في حي الحمرة - مساحة 30 م², 1 حمامات. الحالة: ممتاز. الملكية: طابو أخضر. الطابق: أول. المميزات: مصعد, أثاث, بلكونة, غاز مركزي, أبواب حديدية, حارس أمن",21900,الحمرة,30,0,1,محل تجاري,ممتاز,"مصعد, أثاث, بلكونة, غاز مركزي, أبواب حديدية, حارس أمن",2025-12-22,بائع_37,966245349,سوق.كوم,طابو أخضر,كهرباء دولة,أول,33.501193,36.293731,730,متوسطة,property_images/building_new_construction.jpg,property_images/townhouse.jpg|property_images/duplex_interior.jpg|property_images/apartment_modern.jpg
909,منزل في الحمرة,"منزل سكني عائلي في حي الحمرة - مساحة 149 م² - 2 غرف, 2 حمامات. الحالة: مقبول. الملكية: طابو أخضر. الطابق: ملحق. المميزات: طاقة شمسية, بئر مياه خاص, تدفئة مركزية, غاز مركزي, حديقة, بلكونة",94100,الحمرة,149,2,2,منزل,مقبول,"طاقة شمسية, بئر مياه خاص, تدفئة مركزية, غاز مركزي, حديقة, بلكونة",2025-12-26,بائع_157,967785233,إمتلاك,طابو أخضر,كهرباء دولة,ملحق,33.500843,36.295534,632,متوسطة,property_images/duplex_interior.jpg,property_images/apartment_interior.jpg|property_images/duplex_interior.jpg|property_images/townhouse.jpg
910,بيت عربي في الحمرة,"بيت عربي بقاعة داخلية واسعة في حي الحمرة - مساحة 163 م² - 4 غرف, 3 حمامات. الحالة: ممتاز. الملكية: بدون أوراق. الطابق: ملحق. المميزات: أثاث, طاقة شمسية, شبابيك دبل غلاس, مكيف",86400,الحمرة,163,4,3,بيت عربي,ممتاز,"أثاث, طاقة شمسية, شبابيك دبل غلاس, مكيف",2025-12-06,بائع_61,948212904,دوشيش,بدون أوراق,"كهرباء دولة, طاقة شمسية",ملحق,33.499753,36.295916,530,متوسطة,property_images/house_traditional.jpg,property_images/apartment_modern.jpg|property_images/building_needs_renovation.jpg|property_images/duplex_interior.jpg
911,شقة في الحمرة,"شقة سكنية في بناء سكني في حي الحمرة - مساحة 102 م² - 3 غرف, 2 حمامات. الحالة: جيد. الملكية: طابو نظامي. الطابق: ثالث. المميزات: طاقة شمسية, أبواب حديدية, مرآب, قرب مستشفى, حارس أمن, بئر مياه خاص",64800,الحمرة,102,3,2,شقة,جيد,"طاقة شمسية, أبواب حديدية, مرآب, قرب مستشفى, حارس أمن, بئر مياه خاص",2026-02-01,بائع_81,980300790,بيوت شام,طابو نظامي,غير محدد,ثالث,33.49802,36.29493,635,متوسطة,property_images/apartment_modern.jpg,property_images/apartment_economy.jpg|property_images/apartment_street.jpg|property_images/apartment_luxury.jpg
912,شقة في الحمرة,"شقة سكنية في بناء سكني في حي الحمرة - مساحة 91 م² - 3 غرف, 2 حمامات. الحالة: جديد. الملكية: كاتب عدل. الطابق: خامس. المميزات: أبواب حديدية, شبابيك دبل غلاس, غاز مركزي",58200,الحمرة,91,3,2,شقة,جديد,"أبواب حديدية, شبابيك دبل غلاس, غاز مركزي",2026-01-17,بائع_162,953107800,ماروتا سيتي,كاتب عدل,كهرباء دولة,خامس,33.500517,36.295425,640,متوسطة,property_images/apartment_luxury.jpg,property_images/building_needs_renovation.jpg|property_images/apartment_kitchen.jpg|property_images/building_new_construction.jpg
913,بيت عربي في الحمرة,"بيت عربي بقاعة داخلية واسعة في حي الحمرة - مساحة 219 م² - 5 غرف, 2 حمامات. الحالة: يحتاج ترميم. الملكية: سجل عقاري. الطابق: ملحق. المميزات: تدفئة مركزية, مكيف, طاقة شمسية",81400,الحمرة,219,5,2,بيت عربي,يحتاج ترميم,"تدفئة مركزية, مكيف, طاقة شمسية",2026-03-15,بائع_93,983140316,ماروتا سيتي,سجل عقاري,غير محدد,ملحق,33.500816,36.296102,372,متوسطة,property_images/house_traditional.jpg,property_images/duplex_interior.jpg|property_images/apartment_street.jpg|property_images/apartment_interior.jpg
914,شقة في الحمرة,"شقة سكنية في بناء سكني في حي الحمرة - مساحة 135 م² - 3 غرف, 2 حمامات. الحالة: ممتاز. الملكية: طابو نظامي. الطابق: ملحق. المميزات: حارس أمن, أبواب حديدية",81700,الحمرة,135,3,2,شقة,ممتاز,"حارس أمن, أبواب حديدية",2025-11-12,بائع_259,965656656,دوشيش,طابو نظامي,"كهرباء دولة, طاقة شمسية",ملحق,33.500299,36.295728,605,متوسطة,property_images/apartment_modern.jpg,property_images/bedroom.jpg|property_images/building_needs_renovation.jpg|property_images/apartment_luxury.jpg
915,محل تجاري في الحمرة,"محل تجاري أو مكتب في حي الحمرة - مساحة 60 م², 1 حمامات. الحالة: يحتاج ترميم. الملكية: حكم محكمة. الطابق: ثاني. المميزات: شبابيك دبل غلاس, قرب مستشفى",20200,الحمرة,60,0,1,محل تجاري,يحتاج ترميم,"شبابيك دبل غلاس, قرب مستشفى",2026-01-09,بائع_23,966448762,سوق.كوم,حكم محكمة,كهرباء دولة,ثاني,33.500321,36.299425,337,متوسطة,property_images/building_new_construction.jpg,property_images/villa_modern.jpg|property_images/duplex_interior.jpg|property_images/apartment_street.jpg
916,منزل في الحمرة,"منزل سكني عائلي في حي الحمرة - مساحة 143 م² - 5 غرف, 2 حمامات. الحالة: جيد. الملكية: كاتب عدل. الطابق: أول. المميزات: إطلالة مفتوحة, قرب مستشفى, طاقة شمسية, حديقة, شارع رئيسي",72200,الحمرة,143,5,2,منزل,جيد,"إطلالة مفتوحة, قرب مستشفى, طاقة شمسية, حديقة, شارع رئيسي",2026-04-26,بائع_118,962513990,بيوت شام,كاتب عدل,كهرباء دولة,أول,33.500747,36.295625,505,متوسطة,property_images/townhouse.jpg,property_images/apartment_luxury.jpg|property_images/apartment_kitchen.jpg|property_images/house_traditional.jpg
917,شقة في الحمرة,"شقة سكنية في بناء سكني في حي الحمرة - مساحة 161 م² - 4 غرف, 1 حمامات. الحالة: كالجديد. الملكية: طابو نظامي. الطابق: ملحق. المميزات: مصعد, مرآب, تدفئة مركزية, موقف سيارات, كهرباء دولة",95100,الحمرة,161,4,1,شقة,كالجديد,"مصعد, مرآب, تدفئة مركزية, موقف سيارات, كهرباء دولة",2026-01-19,بائع_9,994868344,ماروتا سيتي,طابو نظامي,غير محدد,ملحق,33.501463,36.296181,591,متوسطة,property_images/apartment_modern.jpg,property_images/bedroom.jpg|property_images/building_needs_renovation.jpg|property_images/apartment_economy.jpg
918,بيت عربي في الحمرة,"بيت عربي بقاعة داخلية واسعة في حي الحمرة - مساحة 172 م² - 2 غرف, 2 حمامات. الحالة: مقبول. الملكية: كاتب عدل. الطابق: أول. المميزات: أثاث, قرب مدرسة, إطلالة مفتوحة, بئر مياه خاص, حارس أمن, طاقة شمسية",90700,الحمرة,172,2,2,بيت عربي,مقبول,"أثاث, قرب مدرسة, إطلالة مفتوحة, بئر مياه خاص, حارس أمن, طاقة شمسية",2025-12-17,بائع_103,931818362,دوشيش,كاتب عدل,"كهرباء دولة, طاقة شمسية",أول,33.502059,36.296745,527,متوسطة,property_images/duplex_interior.jpg,property_images/villa_modern.jpg|property_images/building_new_construction.jpg|property_images/villa_interior.jpg
919,شقة في الحمرة,"شقة سكنية في بناء سكني في حي الحمرة - مساحة 79 م² - 1 غرف, 1 حمامات. الحالة: جيد. الملكية: بدون أوراق. الطابق: رابع. المميزات: كهرباء دولة, بلكونة, بئر مياه خاص",45600,الحمرة,79,1,1,شقة,جيد,"كهرباء دولة, بلكونة, بئر مياه خاص",2026-03-14,بائع_84,976202345,ماروتا سيتي,بدون أوراق,كهرباء دولة,رابع,33.499871,36.295146,577,متوسطة,property_images/apartment_economy.jpg,property_images/villa_modern.jpg|property_images/house_traditional.jpg|property_images/building_new_construction.jpg
920,مكتب في الحمرة,"مكتب تجاري في حي الحمرة - مساحة 56 م², 1 حمامات. الحالة: ممتاز. الملكية: سجل عقاري. الطابق: أرضي. المميزات: مكيف, حارس أمن",41700,الحمرة,56,0,1,مكتب,ممتاز,"مكيف, حارس أمن",2026-02-25,بائع_92,944902056,دوشيش,سجل عقاري,طاقة شمسية,أرضي,33.502383,36.294833,745,متوسطة,property_images/apartment_interior.jpg,property_images/villa_modern.jpg|property_images/villa_interior.jpg|property_images/apartment_street.jpg
921,شقة في الحمرة,"شقة سكنية في بناء سكني في حي الحمرة - مساحة 80 م² - 4 غرف, 1 حمامات. الحالة: جيد. الملكية: كاتب عدل. الطابق: خامس. المميزات: إطلالة مفتوحة, كهرباء دولة, موقف سيارات, إنترنت, قرب مستشفى",46100,الحمرة,80,4,1,شقة,جيد,"إطلالة مفتوحة, كهرباء دولة, موقف سيارات, إنترنت, قرب مستشفى",2025-12-17,بائع_129,932750475,ماروتا سيتي,كاتب عدل,كهرباء دولة,خامس,33.500357,36.297458,576,متوسطة,property_images/apartment_economy.jpg,property_images/townhouse.jpg|property_images/house_traditional.jpg|property_images/apartment_kitchen.jpg
922,مكتب في الحمرة,"مكتب تجاري في حي الحمرة - مساحة 67 م², 1 حمامات. الحالة: مقبول. الملكية: بدون أوراق. الطابق: ثاني. المميزات: حديقة, بلكونة, شقة مفروشة",25700,الحمرة,67,0,1,مكتب,مقبول,"حديقة, بلكونة, شقة مفروشة",2025-11-25,بائع_180,933456705,ماروتا سيتي,بدون أوراق,كهرباء دولة,ثاني,33.50497,36.29553,384,متوسطة,property_images/apartment_modern.jpg,property_images/apartment_street.jpg|property_images/villa_interior.jpg|property_images/house_traditional.jpg
923,شقة في الحمرة,"شقة سكنية في بناء سكني في حي الحمرة - مساحة 164 م² - 4 غرف, 1 حمامات. الحالة: مقبول. الملكية: طابو أخضر. الطابق: أول. المميزات: أثاث, إطلالة مفتوحة, أبواب حديدية",91000,الحمرة,164,4,1,شقة,مقبول,"أثاث, إطلالة مفتوحة, أبواب حديدية",2025-11-18,بائع_254,988506087,بيوت شام,طابو أخضر,غير محدد,أول,33.501067,36.296679,555,متوسطة,property_images/apartment_modern.jpg,property_images/building_new_construction.jpg|property_images/house_traditional.jpg|property_images/apartment_kitchen.jpg
924,بيت في الحمرة,"بيت سكني تقليدي في حي الحمرة - مساحة 146 م² - 2 غرف, 1 حمامات. الحالة: كالجديد. الملكية: طابو أخضر. الطابق: أرضي. المميزات: قرب مستشفى, إنترنت",123100,الحمرة,146,2,1,بيت,كالجديد,"قرب مستشفى, إنترنت",2025-11-20,بائع_174,983886151,ماروتا سيتي,طابو أخضر,غير محدد,أرضي,33.501744,36.29437,843,متوسطة,property_images/house_traditional.jpg,property_images/building_new_construction.jpg|property_images/apartment_kitchen.jpg|property_images/townhouse.jpg
925,شقة في الحمرة,"شقة سكنية في بناء سكني في حي الحمرة - مساحة 99 م² - 2 غرف, 1 حمامات. الحالة: ممتاز. الملكية: سجل عقاري. الطابق: ملحق. المميزات: شقة مفروشة, قرب مدرسة, حارس أمن, مكيف, أبواب حديدية, شارع رئيسي",74200,الحمرة,99,2,1,شقة,ممتاز,"شقة مفروشة, قرب مدرسة, حارس أمن, مكيف, أبواب حديدية, شارع رئيسي",2026-02-07,بائع_62,934924334,ماروتا سيتي,سجل عقاري,غير محدد,ملحق,33.501866,36.294555,749,متوسطة,property_images/apartment_kitchen.jpg,property_images/apartment_economy.jpg|property_images/villa_interior.jpg|property_images/apartment_interior.jpg
926,بيت في الحمرة,"بيت سكني تقليدي في حي الحمرة - مساحة 141 م² - 2 غرف, 2 حمامات. الحالة: كالجديد. الملكية: سجل عقاري. الطابق: رابع. المميزات: حارس أمن, تدفئة مركزية",121000,الحمرة,141,2,2,بيت,كالجديد,"حارس أمن, تدفئة مركزية",2025-11-08,بائع_133,978260470,بيوت شام,سجل عقاري,غير محدد,رابع,33.498167,36.293326,858,متوسطة,property_images/house_traditional.jpg,property_images/apartment_kitchen.jpg|property_images/apartment_luxury.jpg|property_images/apartment_street.jpg
927,شقة في الحمرة,"شقة سكنية في بناء سكني في حي الحمرة - مساحة 115 م² - 3 غرف, 1 حمامات. الحالة: ممتاز. الملكية: طابو أخضر. الطابق: رابع. المميزات: بئر مياه خاص, شارع رئيسي, مرآب, مصعد, قرب مدرسة",90100,الحمرة,115,3,1,شقة,ممتاز,"بئر مياه خاص, شارع رئيسي, مرآب, مصعد, قرب مدرسة",2026-03-31,بائع_269,942480142,سوق.كوم,طابو أخضر,كهرباء دولة,رابع,33.498951,36.297704,783,متوسطة,property_images/apartment_interior.jpg,property_images/apartment_economy.jpg|property_images/bedroom.jpg|property_images/building_new_construction.jpg
928,شقة في باب توما,"شقة سكنية في بناء سكني في حي باب توما - مساحة 134 م² - 1 غرف, 1 حمامات. الحالة: ممتاز. الملكية: طابو نظامي. الطابق: رابع. المميزات: أثاث, قرب مستشفى, موقف سيارات, طاقة شمسية, تدفئة مركزية, كهرباء دولة",113500,باب توما,134,1,1,شقة,ممتاز,"أثاث, قرب مستشفى, موقف سيارات, طاقة شمسية, تدفئة مركزية, كهرباء دولة",2025-12-18,بائع_41,999411643,إكار,طابو نظامي,غير محدد,رابع,33.508128,36.297368,847,متوسطة,property_images/apartment_kitchen.jpg,property_images/apartment_street.jpg|property_images/bedroom.jpg|property_images/building_new_construction.jpg
929,بيت في باب توما,"بيت سكني تقليدي في حي باب توما - مساحة 118 م² - 1 غرف, 2 حمامات. الحالة: كالجديد. الملكية: سجل عقاري. الطابق: أول. المميزات: موقف سيارات, حديقة, كهرباء دولة, تدفئة مركزية, مكيف",55200,باب توما,118,1,2,بيت,كالجديد,"موقف سيارات, حديقة, كهرباء دولة, تدفئة مركزية, مكيف",2026-05-04,بائع_55,991144590,دوشيش,سجل عقاري,كهرباء دولة,أول,33.513025,36.299684,468,متوسطة,property_images/building_needs_renovation.jpg,property_images/house_traditional.jpg|property_images/bedroom.jpg|property_images/building_needs_renovation.jpg
930,بيت عربي في باب توما,"بيت عربي بقاعة داخلية واسعة في حي باب توما - مساحة 300 م² - 3 غرف, 3 حمامات. الحالة: ممتاز. الملكية: طابو أخضر. الطابق: ملحق. المميزات: طاقة شمسية, موقف سيارات, حديقة, بلكونة, قرب مدرسة, حارس أمن",340200,باب توما,300,3,3,بيت عربي,ممتاز,"طاقة شمسية, موقف سيارات, حديقة, بلكونة, قرب مدرسة, حارس أمن",2026-04-03,بائع_87,995350176,دوشيش,طابو أخضر,غير محدد,ملحق,33.510637,36.299787,1134,متوسطة,property_images/duplex_interior.jpg,property_images/house_traditional.jpg|property_images/building_needs_renovation.jpg|property_images/building_new_construction.jpg
931,شقة في باب توما,"شقة سكنية في بناء سكني في حي باب توما - مساحة 154 م² - 2 غرف, 2 حمامات. الحالة: جيد. الملكية: طابو نظامي. الطابق: ملحق. المميزات: طاقة شمسية, تدفئة مركزية, مرآب, أثاث, غاز مركزي, قرب مدرسة",159800,باب توما,154,2,2,شقة,جيد,"طاقة شمسية, تدفئة مركزية, مرآب, أثاث, غاز مركزي, قرب مدرسة",2025-12-05,بائع_211,966382444,بيوتنا,طابو نظامي,"كهرباء دولة, طاقة شمسية",ملحق,33.507724,36.296427,1038,متوسطة,property_images/apartment_street.jpg,property_images/duplex_interior.jpg|property_images/bedroom.jpg|property_images/apartment_modern.jpg
932,بيت في باب توما,"بيت سكني تقليدي في حي باب توما - مساحة 91 م² - 2 غرف, 2 حمامات. الحالة: مقبول. الملكية: حكم محكمة. الطابق: ثالث. المميزات: حارس أمن, غاز مركزي",54400,باب توما,91,2,2,بيت,مقبول,"حارس أمن, غاز مركزي",2025-12-09,بائع_95,945803619,بيوتنا,حكم محكمة,غير محدد,ثالث,33.511994,36.30214,598,متوسطة,property_images/building_needs_renovation.jpg,property_images/villa_interior.jpg|property_images/building_new_construction.jpg|property_images/apartment_luxury.jpg
933,شقة في باب توما,"شقة سكنية في بناء سكني في حي باب توما - مساحة 78 م² - 1 غرف, 1 حمامات. الحالة: جديد. الملكية: بدون أوراق. الطابق: ثالث. المميزات: مكيف, أثاث, كهرباء دولة, حارس أمن, مصعد",36500,باب توما,78,1,1,شقة,جديد,"مكيف, أثاث, كهرباء دولة, حارس أمن, مصعد",2026-05-02,بائع_212,943457938,بيوتنا,بدون أوراق,غير محدد,ثالث,33.512716,36.298344,468,متوسطة,property_images/apartment_economy.jpg,property_images/apartment_modern.jpg|property_images/townhouse.jpg|property_images/villa_modern.jpg
934,منزل في باب توما,"منزل سكني عائلي في حي باب توما - مساحة 80 م² - 2 غرف, 2 حمامات. الحالة: كالجديد. الملكية: حكم محكمة. الطابق: أول. المميزات: مرآب, غاز مركزي, شقة مفروشة, كهرباء دولة",69000,باب توما,80,2,2,منزل,كالجديد,"مرآب, غاز مركزي, شقة مفروشة, كهرباء دولة",2026-03-29,بائع_106,979470334,بيوتنا,حكم محكمة,غير محدد,أول,33.512586,36.299756,862,متوسطة,property_images/townhouse.jpg,property_images/apartment_street.jpg|property_images/duplex_interior.jpg|property_images/building_needs_renovation.jpg
935,محل تجاري في باب توما,"محل تجاري أو مكتب في حي باب توما - مساحة 48 م² - 1 غرف, 1 حمامات. الحالة: مقبول. الملكية: حكم محكمة. الطابق: أول. المميزات: مرآب, تدفئة مركزية, كهرباء دولة, مصعد",33200,باب توما,48,1,1,محل تجاري,مقبول,"مرآب, تدفئة مركزية, كهرباء دولة, مصعد",2026-04-20,بائع_235,997403114,بيوتنا,حكم محكمة,"كهرباء دولة, طاقة شمسية",أول,33.510259,36.297304,692,متوسطة,property_images/building_new_construction.jpg,property_images/apartment_kitchen.jpg|property_images/apartment_interior.jpg|property_images/apartment_luxury.jpg
936,منزل في باب توما,"منزل سكني عائلي في حي باب توما - مساحة 127 م² - 4 غرف, 1 حمامات. الحالة: مقبول. الملكية: طابو أخضر. الطابق: أول. المميزات: مصعد, أبواب حديدية, شقة مفروشة, موقف سيارات, شبابيك دبل غلاس",88100,باب توما,127,4,1,منزل,مقبول,"مصعد, أبواب حديدية, شقة مفروشة, موقف سيارات, شبابيك دبل غلاس",2026-03-15,بائع_142,991509568,بيوت شام,طابو أخضر,"كهرباء دولة, طاقة شمسية",أول,33.511643,36.300336,694,متوسطة,property_images/duplex_interior.jpg,property_images/house_traditional.jpg|property_images/apartment_luxury.jpg|property_images/apartment_interior.jpg
937,شقة في باب توما,"شقة سكنية في بناء سكني في حي باب توما - مساحة 85 م² - 1 غرف, 1 حمامات. الحالة: كالجديد. الملكية: بدون أوراق. الطابق: أول. المميزات: غاز مركزي, طاقة شمسية, قرب مدرسة, شقة مفروشة, مكيف",56000,باب توما,85,1,1,شقة,كالجديد,"غاز مركزي, طاقة شمسية, قرب مدرسة, شقة مفروشة, مكيف",2026-03-01,بائع_51,964790271,إكار,بدون أوراق,كهرباء دولة,أول,33.506646,36.300357,659,متوسطة,property_images/apartment_economy.jpg,property_images/apartment_street.jpg|property_images/villa_modern.jpg|property_images/house_traditional.jpg
938,بيت عربي في باب توما,"بيت عربي بقاعة داخلية واسعة في حي باب توما - مساحة 251 م² - 2 غرف, 1 حمامات. الحالة: جيد. الملكية: طابو أخضر. الطابق: أرضي. المميزات: كهرباء دولة, طاقة شمسية, قرب مدرسة, شقة مفروشة",115700,باب توما,251,2,1,بيت عربي,جيد,"كهرباء دولة, طاقة شمسية, قرب مدرسة, شقة مفروشة",2026-05-05,بائع_77,932443279,ماروتا سيتي,طابو أخضر,غير محدد,أرضي,33.509828,36.300658,461,متوسطة,property_images/duplex_interior.jpg,property_images/duplex_interior.jpg|property_images/house_traditional.jpg|property_images/apartment_kitchen.jpg
939,بيت قديم في باب توما,"بيت تراثي دمشقي قديم في حي باب توما - مساحة 143 م² - 2 غرف, 2 حمامات. الحالة: جيد. الملكية: حكم محكمة. الطابق: ملحق. المميزات: بلكونة, حارس أمن, بئر مياه خاص",69600,باب توما,143,2,2,بيت قديم,جيد,"بلكونة, حارس أمن, بئر مياه خاص",2026-02-25,بائع_103,981802374,ماروتا سيتي,حكم محكمة,طاقة شمسية,ملحق,33.509615,36.296062,487,متوسطة,property_images/house_traditional.jpg,property_images/apartment_modern.jpg|property_images/building_new_construction.jpg|property_images/townhouse.jpg
940,مكتب في باب توما,"مكتب تجاري في حي باب توما - مساحة 57 م², 1 حمامات. الحالة: جيد. الملكية: سجل عقاري. الطابق: أول. المميزات: إطلالة مفتوحة, أثاث, طاقة شمسية, حديقة, تدفئة مركزية",65300,باب توما,57,0,1,مكتب,جيد,"إطلالة مفتوحة, أثاث, طاقة شمسية, حديقة, تدفئة مركزية",2025-12-20,بائع_171,993338632,دوشيش,سجل عقاري,كهرباء دولة,أول,33.511555,36.299955,1146,متوسطة,property_images/apartment_interior.jpg,property_images/apartment_modern.jpg|property_images/apartment_interior.jpg|property_images/house_traditional.jpg
941,مكتب في باب توما,"مكتب تجاري في حي باب توما - مساحة 61 م², 1 حمامات. الحالة: جديد. الملكية: طابو أخضر. الطابق: أول. المميزات: مرآب, تدفئة مركزية, أثاث",67500,باب توما,61,0,1,مكتب,جديد,"مرآب, تدفئة مركزية, أثاث",2026-04-17,بائع_53,986853329,بيوتنا,طابو أخضر,كهرباء دولة,أول,33.509374,36.301647,1107,متوسطة,property_images/apartment_modern.jpg,property_images/townhouse.jpg|property_images/house_traditional.jpg|property_images/apartment_modern.jpg
942,شقة في باب توما,"شقة سكنية في بناء سكني في حي باب توما - مساحة 127 م² - 1 غرف, 2 حمامات. الحالة: كالجديد. الملكية: سجل عقاري. الطابق: أول. المميزات: قرب مستشفى, مرآب",112200,باب توما,127,1,2,شقة,كالجديد,"قرب مستشفى, مرآب",2026-01-10,بائع_108,941457369,بيوتنا,سجل عقاري,غير محدد,أول,33.509049,36.302607,883,متوسطة,property_images/apartment_kitchen.jpg,property_images/bedroom.jpg|property_images/house_traditional.jpg|property_images/apartment_kitchen.jpg
943,بيت في باب توما,"بيت سكني تقليدي في حي باب توما - مساحة 129 م² - 3 غرف, 1 حمامات. الحالة: جديد. الملكية: طابو نظامي. الطابق: ملحق. المميزات: أبواب حديدية, كهرباء دولة",97200,باب توما,129,3,1,بيت,جديد,"أبواب حديدية, كهرباء دولة",2026-05-04,بائع_251,957934375,دوشيش,طابو نظامي,كهرباء دولة,ملحق,33.513004,36.299005,753,متوسطة,property_images/building_needs_renovation.jpg,property_images/building_needs_renovation.jpg|property_images/apartment_street.jpg|property_images/apartment_interior.jpg
944,محل تجاري في باب توما,"محل تجاري أو مكتب في حي باب توما - مساحة 40 م², 1 حمامات. الحالة: كالجديد. الملكية: سجل عقاري. الطابق: أول. المميزات: مرآب, إنترنت",33800,باب توما,40,0,1,محل تجاري,كالجديد,"مرآب, إنترنت",2026-03-24,بائع_14,942757673,إكار,سجل عقاري,غير محدد,أول,33.507458,36.300943,845,متوسطة,property_images/building_new_construction.jpg,property_images/villa_interior.jpg|property_images/duplex_interior.jpg|property_images/villa_modern.jpg
945,شقة في باب توما,"شقة سكنية في بناء سكني في حي باب توما - مساحة 55 م² - 2 غرف, 1 حمامات. الحالة: ممتاز. الملكية: طابو أخضر. الطابق: ثالث. المميزات: بلكونة, أثاث",33800,باب توما,55,2,1,شقة,ممتاز,"بلكونة, أثاث",2026-04-20,بائع_231,958748697,بيوتنا,طابو أخضر,"كهرباء دولة, طاقة شمسية",ثالث,33.506849,36.299828,615,متوسطة,property_images/apartment_economy.jpg,property_images/bedroom.jpg|property_images/apartment_modern.jpg|property_images/apartment_street.jpg
946,شقة في باب توما,"شقة سكنية في بناء سكني في حي باب توما - مساحة 114 م² - 3 غرف, 2 حمامات. الحالة: جيد. الملكية: حكم محكمة. الطابق: أرضي. المميزات: مكيف, موقف سيارات, بلكونة, أبواب حديدية, غاز مركزي",76200,باب توما,114,3,2,شقة,جيد,"مكيف, موقف سيارات, بلكونة, أبواب حديدية, غاز مركزي",2026-03-22,بائع_216,943188947,ماروتا سيتي,حكم محكمة,"كهرباء دولة, طاقة شمسية",أرضي,33.508915,36.297656,668,متوسطة,property_images/apartment_interior.jpg,property_images/apartment_modern.jpg|property_images/duplex_interior.jpg|property_images/bedroom.jpg
947,شقة في باب توما,"شقة سكنية في بناء سكني في حي باب توما - مساحة 136 م² - 4 غرف, 1 حمامات. الحالة: جديد. الملكية: سجل عقاري. الطابق: ملحق. المميزات: كهرباء دولة, شقة مفروشة, قرب مدرسة",114800,باب توما,136,4,1,شقة,جديد,"كهرباء دولة, شقة مفروشة, قرب مدرسة",2025-12-07,بائع_169,987265042,ماروتا سيتي,سجل عقاري,غير محدد,ملحق,33.511633,36.29823,844,متوسطة,property_images/apartment_luxury.jpg,property_images/villa_interior.jpg|property_images/apartment_street.jpg|property_images/apartment_interior.jpg
948,مكتب في باب توما,"مكتب تجاري في حي باب توما - مساحة 58 م², 1 حمامات. الحالة: جيد. الملكية: حكم محكمة. الطابق: أول. المميزات: بلكونة, إطلالة مفتوحة, شبابيك دبل غلاس, كهرباء دولة, حديقة",59000,باب توما,58,0,1,مكتب,جيد,"بلكونة, إطلالة مفتوحة, شبابيك دبل غلاس, كهرباء دولة, حديقة",2026-04-30,بائع_101,981409890,دوشيش,حكم محكمة,غير محدد,أول,33.512172,36.299175,1017,متوسطة,property_images/apartment_interior.jpg,property_images/villa_interior.jpg|property_images/house_traditional.jpg|property_images/bedroom.jpg
949,بيت عربي في باب توما,"بيت عربي بقاعة داخلية واسعة في حي باب توما - مساحة 192 م² - 2 غرف, 3 حمامات. الحالة: جيد. الملكية: طابو أخضر. الطابق: أرضي. المميزات: تدفئة مركزية, طاقة شمسية, قرب مدرسة",123800,باب توما,192,2,3,بيت عربي,جيد,"تدفئة مركزية, طاقة شمسية, قرب مدرسة",2025-11-20,بائع_298,947155398,إكار,طابو أخضر,كهرباء دولة,أرضي,33.511016,36.299349,645,متوسطة,property_images/duplex_interior.jpg,property_images/apartment_interior.jpg|property_images/duplex_interior.jpg|property_images/bedroom.jpg
950,شقة في باب توما,"شقة سكنية في بناء سكني في حي باب توما - مساحة 114 م² - 2 غرف, 1 حمامات. الحالة: مقبول. الملكية: كاتب عدل. الطابق: ملحق. المميزات: إطلالة مفتوحة, قرب مدرسة, موقف سيارات, طاقة شمسية, قرب مستشفى, حديقة",74400,باب توما,114,2,1,شقة,مقبول,"إطلالة مفتوحة, قرب مدرسة, موقف سيارات, طاقة شمسية, قرب مستشفى, حديقة",2026-02-09,بائع_282,947968336,بيوتنا,كاتب عدل,"كهرباء دولة, طاقة شمسية",ملحق,33.509013,36.297968,653,متوسطة,property_images/apartment_economy.jpg,property_images/building_new_construction.jpg|property_images/duplex_interior.jpg|property_images/bedroom.jpg
951,شقة في باب توما,"شقة سكنية في بناء سكني في حي باب توما - مساحة 71 م² - 2 غرف, 1 حمامات. الحالة: جيد. الملكية: كاتب عدل. الطابق: سابع. المميزات: شقة مفروشة, مكيف",33200,باب توما,71,2,1,شقة,جيد,"شقة مفروشة, مكيف",2025-12-17,بائع_42,971583287,بيوتنا,كاتب عدل,كهرباء دولة,سابع,33.508565,36.300319,468,متوسطة,property_images/apartment_interior.jpg,property_images/townhouse.jpg|property_images/apartment_economy.jpg|property_images/villa_interior.jpg
952,بيت قديم في باب توما,"بيت تراثي دمشقي قديم في حي باب توما - مساحة 68 م² - 2 غرف, 1 حمامات. الحالة: يحتاج ترميم. الملكية: طابو نظامي. الطابق: أرضي. المميزات: مصعد, شارع رئيسي",31000,باب توما,68,2,1,بيت قديم,يحتاج ترميم,"مصعد, شارع رئيسي",2025-11-23,بائع_300,940186646,إمتلاك,طابو نظامي,كهرباء دولة,أرضي,33.511069,36.296063,456,متوسطة,property_images/building_needs_renovation.jpg,property_images/apartment_street.jpg|property_images/townhouse.jpg|property_images/building_new_construction.jpg
953,شقة في باب توما,"شقة سكنية في بناء سكني في حي باب توما - مساحة 142 م² - 3 غرف, 1 حمامات. الحالة: يحتاج ترميم. الملكية: طابو أخضر. الطابق: ملحق. المميزات: مصعد, مكيف, إنترنت, حديقة, غاز مركزي, حارس أمن",91300,باب توما,142,3,1,شقة,يحتاج ترميم,"مصعد, مكيف, إنترنت, حديقة, غاز مركزي, حارس أمن",2026-02-28,بائع_82,940672286,ماروتا سيتي,طابو أخضر,غير محدد,ملحق,33.509012,36.30084,643,متوسطة,property_images/bedroom.jpg,property_images/apartment_kitchen.jpg|property_images/apartment_economy.jpg|property_images/apartment_interior.jpg
954,شقة في باب توما,"شقة سكنية في بناء سكني في حي باب توما - مساحة 90 م² - 3 غرف, 2 حمامات. الحالة: جيد. الملكية: سجل عقاري. الطابق: خامس. المميزات: موقف سيارات, مكيف, بلكونة, بئر مياه خاص, شقة مفروشة, تدفئة مركزية",66200,باب توما,90,3,2,شقة,جيد,"موقف سيارات, مكيف, بلكونة, بئر مياه خاص, شقة مفروشة, تدفئة مركزية",2026-01-14,بائع_240,933146290,إكار,سجل عقاري,"كهرباء دولة, طاقة شمسية",خامس,33.508471,36.296414,736,متوسطة,property_images/apartment_economy.jpg,property_images/villa_interior.jpg|property_images/apartment_luxury.jpg|property_images/apartment_economy.jpg
955,شقة في باب توما,"شقة سكنية في بناء سكني في حي باب توما - مساحة 106 م² - 4 غرف, 2 حمامات. الحالة: جيد. الملكية: كاتب عدل. الطابق: ملحق. المميزات: موقف سيارات, إنترنت, شقة مفروشة, كهرباء دولة",74300,باب توما,106,4,2,شقة,جيد,"موقف سيارات, إنترنت, شقة مفروشة, كهرباء دولة",2026-04-04,بائع_121,982256524,ماروتا سيتي,كاتب عدل,كهرباء دولة,ملحق,33.510205,36.297632,701,متوسطة,property_images/apartment_street.jpg,property_images/villa_interior.jpg|property_images/townhouse.jpg|property_images/apartment_street.jpg
956,شقة في باب توما,"شقة سكنية في بناء سكني في حي باب توما - مساحة 106 م² - 1 غرف, 2 حمامات. الحالة: كالجديد. الملكية: طابو نظامي. الطابق: ملحق. المميزات: بلكونة, قرب مستشفى, غاز مركزي, تدفئة مركزية",103700,باب توما,106,1,2,شقة,كالجديد,"بلكونة, قرب مستشفى, غاز مركزي, تدفئة مركزية",2026-04-22,بائع_209,956352067,دوشيش,طابو نظامي,غير محدد,ملحق,33.51091,36.300365,978,متوسطة,property_images/apartment_kitchen.jpg,property_images/building_needs_renovation.jpg|property_images/house_traditional.jpg|property_images/villa_interior.jpg
957,بيت في باب توما,"بيت سكني تقليدي في حي باب توما - مساحة 89 م² - 2 غرف, 1 حمامات. الحالة: جيد. الملكية: سجل عقاري. الطابق: رابع. المميزات: شارع رئيسي, شقة مفروشة, بلكونة, مكيف, موقف سيارات, تدفئة مركزية",68400,باب توما,89,2,1,بيت,جيد,"شارع رئيسي, شقة مفروشة, بلكونة, مكيف, موقف سيارات, تدفئة مركزية",2026-01-25,بائع_130,997230300,إكار,سجل عقاري,غير محدد,رابع,33.508648,36.300975,769,متوسطة,property_images/house_traditional.jpg,property_images/apartment_kitchen.jpg|property_images/apartment_modern.jpg|property_images/villa_modern.jpg
958,مكتب في باب توما,"مكتب تجاري في حي باب توما - مساحة 78 م², 1 حمامات. الحالة: جيد. الملكية: طابو نظامي. الطابق: أرضي. المميزات: قرب مدرسة, أبواب حديدية, إطلالة مفتوحة",71700,باب توما,78,0,1,مكتب,جيد,"قرب مدرسة, أبواب حديدية, إطلالة مفتوحة",2026-03-18,بائع_271,938519124,بيوت شام,طابو نظامي,كهرباء دولة,أرضي,33.510595,36.298943,919,متوسطة,property_images/apartment_modern.jpg,property_images/building_new_construction.jpg|property_images/apartment_modern.jpg|property_images/villa_modern.jpg
959,شقة في باب توما,"شقة سكنية في بناء سكني في حي باب توما - مساحة 156 م² - 4 غرف, 2 حمامات. الحالة: جيد. الملكية: طابو أخضر. الطابق: سادس. المميزات: شقة مفروشة, قرب مستشفى, بئر مياه خاص",81200,باب توما,156,4,2,شقة,جيد,"شقة مفروشة, قرب مستشفى, بئر مياه خاص",2026-01-18,بائع_67,977857333,إمتلاك,طابو أخضر,"كهرباء دولة, طاقة شمسية",سادس,33.50906,36.299205,521,متوسطة,property_images/bedroom.jpg,property_images/townhouse.jpg|property_images/apartment_luxury.jpg|property_images/apartment_modern.jpg
960,محل تجاري في باب توما,"محل تجاري أو مكتب في حي باب توما - مساحة 90 م² - 1 غرف, 1 حمامات. الحالة: ممتاز. الملكية: طابو أخضر. الطابق: أول. المميزات: تدفئة مركزية, غاز مركزي, بئر مياه خاص, إطلالة مفتوحة, بلكونة",94200,باب توما,90,1,1,محل تجاري,ممتاز,"تدفئة مركزية, غاز مركزي, بئر مياه خاص, إطلالة مفتوحة, بلكونة",2026-02-20,بائع_22,953522868,ماروتا سيتي,طابو أخضر,غير محدد,أول,33.509064,36.299379,1047,متوسطة,property_images/building_new_construction.jpg,property_images/building_needs_renovation.jpg|property_images/bedroom.jpg|property_images/villa_interior.jpg
961,شقة في باب توما,"شقة سكنية في بناء سكني في حي باب توما - مساحة 98 م² - 2 غرف, 2 حمامات. الحالة: جيد. الملكية: طابو نظامي. الطابق: سادس. المميزات: مصعد, موقف سيارات, أبواب حديدية",62600,باب توما,98,2,2,شقة,جيد,"مصعد, موقف سيارات, أبواب حديدية",2026-02-20,بائع_263,997629757,سوق.كوم,طابو نظامي,كهرباء دولة,سادس,33.512958,36.297257,639,متوسطة,property_images/apartment_kitchen.jpg,property_images/apartment_economy.jpg|property_images/duplex_interior.jpg|property_images/house_traditional.jpg
962,بيت عربي في باب توما,"بيت عربي بقاعة داخلية واسعة في حي باب توما - مساحة 260 م² - 3 غرف, 2 حمامات. الحالة: جيد. الملكية: سجل عقاري. الطابق: أرضي. المميزات: مكيف, شبابيك دبل غلاس, تدفئة مركزية, حديقة",199000,باب توما,260,3,2,بيت عربي,جيد,"مكيف, شبابيك دبل غلاس, تدفئة مركزية, حديقة",2026-02-20,بائع_123,956326632,بيوتنا,سجل عقاري,كهرباء دولة,أرضي,33.513182,36.299074,765,متوسطة,property_images/duplex_interior.jpg,property_images/bedroom.jpg|property_images/house_traditional.jpg|property_images/townhouse.jpg
963,مكتب في العباسيين,"مكتب تجاري في حي العباسيين - مساحة 52 م², 1 حمامات. الحالة: مقبول. الملكية: طابو أخضر. الطابق: أرضي. المميزات: حديقة, حارس أمن, غاز مركزي, طاقة شمسية, مكيف, إطلالة مفتوحة",16500,العباسيين,52,0,1,مكتب,مقبول,"حديقة, حارس أمن, غاز مركزي, طاقة شمسية, مكيف, إطلالة مفتوحة",2025-12-22,بائع_239,945670821,سوق.كوم,طابو أخضر,كهرباء دولة,أرضي,33.507951,36.316987,317,متوسطة,property_images/apartment_modern.jpg,property_images/apartment_interior.jpg|property_images/villa_interior.jpg|property_images/house_traditional.jpg
964,بيت في العباسيين,"بيت سكني تقليدي في حي العباسيين - مساحة 148 م² - 3 غرف, 1 حمامات. الحالة: كالجديد. الملكية: حكم محكمة. الطابق: أرضي. المميزات: أثاث, مكيف, غاز مركزي, حديقة, طاقة شمسية",55000,العباسيين,148,3,1,بيت,كالجديد,"أثاث, مكيف, غاز مركزي, حديقة, طاقة شمسية",2026-04-16,بائع_43,994620792,ماروتا سيتي,حكم محكمة,غير محدد,أرضي,33.508269,36.315697,372,متوسطة,property_images/house_traditional.jpg,property_images/apartment_modern.jpg|property_images/apartment_economy.jpg|property_images/apartment_luxury.jpg
965,مكتب في العباسيين,"مكتب تجاري في حي العباسيين - مساحة 27 م², 1 حمامات. الحالة: يحتاج ترميم. الملكية: طابو أخضر. الطابق: أرضي. المميزات: شقة مفروشة, مصعد, إطلالة مفتوحة, بلكونة, أثاث, قرب مستشفى",12800,العباسيين,27,0,1,مكتب,يحتاج ترميم,"شقة مفروشة, مصعد, إطلالة مفتوحة, بلكونة, أثاث, قرب مستشفى",2026-01-19,بائع_58,946978283,إكار,طابو أخضر,"كهرباء دولة, طاقة شمسية",أرضي,33.507552,36.315609,474,متوسطة,property_images/apartment_modern.jpg,property_images/apartment_modern.jpg|property_images/building_new_construction.jpg|property_images/apartment_economy.jpg
966,منزل في العباسيين,"منزل سكني عائلي في حي العباسيين - مساحة 139 م² - 4 غرف, 2 حمامات. الحالة: جديد. الملكية: حكم محكمة. الطابق: ملحق. المميزات: كهرباء دولة, بئر مياه خاص, حارس أمن, مرآب, مصعد",70000,العباسيين,139,4,2,منزل,جديد,"كهرباء دولة, بئر مياه خاص, حارس أمن, مرآب, مصعد",2025-11-30,بائع_178,947160759,سوق.كوم,حكم محكمة,غير محدد,ملحق,33.508986,36.315569,504,متوسطة,property_images/house_traditional.jpg,property_images/villa_modern.jpg|property_images/apartment_street.jpg|property_images/apartment_luxury.jpg
967,شقة في العباسيين,"شقة سكنية في بناء سكني في حي العباسيين - مساحة 106 م² - 3 غرف, 1 حمامات. الحالة: جديد. الملكية: طابو أخضر. الطابق: خامس. المميزات: بئر مياه خاص, طاقة شمسية, إطلالة مفتوحة, غاز مركزي, شقة مفروشة, أبواب حديدية",60100,العباسيين,106,3,1,شقة,جديد,"بئر مياه خاص, طاقة شمسية, إطلالة مفتوحة, غاز مركزي, شقة مفروشة, أبواب حديدية",2026-01-21,بائع_100,951954533,إمتلاك,طابو أخضر,غير محدد,خامس,33.509639,36.319307,567,متوسطة,property_images/apartment_economy.jpg,property_images/townhouse.jpg|property_images/apartment_luxury.jpg|property_images/apartment_street.jpg
968,شقة في العباسيين,"شقة سكنية في بناء سكني في حي العباسيين - مساحة 124 م² - 2 غرف, 1 حمامات. الحالة: كالجديد. الملكية: حكم محكمة. الطابق: خامس. المميزات: شبابيك دبل غلاس, كهرباء دولة, حديقة",93700,العباسيين,124,2,1,شقة,كالجديد,"شبابيك دبل غلاس, كهرباء دولة, حديقة",2026-04-26,بائع_151,946644924,إكار,حكم محكمة,"كهرباء دولة, طاقة شمسية",خامس,33.50622,36.316316,756,متوسطة,property_images/bedroom.jpg,property_images/building_new_construction.jpg|property_images/bedroom.jpg|property_images/villa_interior.jpg
969,منزل في العباسيين,"منزل سكني عائلي في حي العباسيين - مساحة 110 م² - 2 غرف, 2 حمامات. الحالة: جيد. الملكية: كاتب عدل. الطابق: أول. المميزات: أبواب حديدية, غاز مركزي, مرآب",32600,العباسيين,110,2,2,منزل,جيد,"أبواب حديدية, غاز مركزي, مرآب",2025-12-24,بائع_50,944882597,بيوتنا,كاتب عدل,غير محدد,أول,33.507521,36.318384,296,متوسطة,property_images/townhouse.jpg,property_images/building_needs_renovation.jpg|property_images/apartment_interior.jpg|property_images/apartment_street.jpg
970,منزل في العباسيين,"منزل سكني عائلي في حي العباسيين - مساحة 202 م² - 3 غرف, 1 حمامات. الحالة: مقبول. الملكية: بدون أوراق. الطابق: أول. المميزات: أثاث, إنترنت, غاز مركزي, قرب مستشفى, موقف سيارات, مصعد",68100,العباسيين,202,3,1,منزل,مقبول,"أثاث, إنترنت, غاز مركزي, قرب مستشفى, موقف سيارات, مصعد",2026-02-12,بائع_109,942284033,ماروتا سيتي,بدون أوراق,كهرباء دولة,أول,33.505935,36.315607,337,متوسطة,property_images/duplex_interior.jpg,property_images/apartment_modern.jpg|property_images/villa_modern.jpg|property_images/bedroom.jpg
971,شقة في العباسيين,"شقة سكنية في بناء سكني في حي العباسيين - مساحة 130 م² - 4 غرف, 1 حمامات. الحالة: مقبول. الملكية: سجل عقاري. الطابق: ملحق. المميزات: قرب مستشفى, حارس أمن, أبواب حديدية, شارع رئيسي, مرآب",58200,العباسيين,130,4,1,شقة,مقبول,"قرب مستشفى, حارس أمن, أبواب حديدية, شارع رئيسي, مرآب",2026-03-13,بائع_269,963404507,إمتلاك,سجل عقاري,طاقة شمسية,ملحق,33.505312,36.314219,448,متوسطة,property_images/apartment_street.jpg,property_images/apartment_street.jpg|property_images/apartment_luxury.jpg|property_images/duplex_interior.jpg
972,مكتب في العباسيين,"مكتب تجاري في حي العباسيين - مساحة 53 م², 1 حمامات. الحالة: كالجديد. الملكية: طابو نظامي. الطابق: ثاني. المميزات: شبابيك دبل غلاس, أثاث, حديقة, بئر مياه خاص, طاقة شمسية, أبواب حديدية",42000,العباسيين,53,0,1,مكتب,كالجديد,"شبابيك دبل غلاس, أثاث, حديقة, بئر مياه خاص, طاقة شمسية, أبواب حديدية",2025-12-21,بائع_70,982148360,بيوتنا,طابو نظامي,غير محدد,ثاني,33.504608,36.315676,792,متوسطة,property_images/apartment_modern.jpg,property_images/bedroom.jpg|property_images/apartment_economy.jpg|property_images/duplex_interior.jpg
973,شقة في العباسيين,"شقة سكنية في بناء سكني في حي العباسيين - مساحة 125 م² - 1 غرف, 1 حمامات. الحالة: ممتاز. الملكية: حكم محكمة. الطابق: خامس. المميزات: شبابيك دبل غلاس, مصعد, تدفئة مركزية, شقة مفروشة",83400,العباسيين,125,1,1,شقة,ممتاز,"شبابيك دبل غلاس, مصعد, تدفئة مركزية, شقة مفروشة",2026-04-19,بائع_149,966701974,بيوتنا,حكم محكمة,غير محدد,خامس,33.510386,36.317165,667,متوسطة,property_images/apartment_economy.jpg,property_images/building_needs_renovation.jpg|property_images/apartment_modern.jpg|property_images/townhouse.jpg
974,مكتب في العباسيين,"مكتب تجاري في حي العباسيين - مساحة 39 م², 1 حمامات. الحالة: جيد. الملكية: سجل عقاري. الطابق: ثاني. المميزات: بلكونة, غاز مركزي, قرب مستشفى, مرآب, إطلالة مفتوحة, بئر مياه خاص",11600,العباسيين,39,0,1,مكتب,جيد,"بلكونة, غاز مركزي, قرب مستشفى, مرآب, إطلالة مفتوحة, بئر مياه خاص",2025-11-13,بائع_234,941647579,بيوت شام,سجل عقاري,غير محدد,ثاني,33.508214,36.318003,297,متوسطة,property_images/apartment_interior.jpg,property_images/house_traditional.jpg|property_images/townhouse.jpg|property_images/apartment_kitchen.jpg
975,شقة في العباسيين,"شقة سكنية في بناء سكني في حي العباسيين - مساحة 168 م² - 2 غرف, 1 حمامات. الحالة: مقبول. الملكية: حكم محكمة. الطابق: ملحق. المميزات: قرب مستشفى, حارس أمن, بئر مياه خاص, مصعد",84900,العباسيين,168,2,1,شقة,مقبول,"قرب مستشفى, حارس أمن, بئر مياه خاص, مصعد",2026-03-17,بائع_90,954213618,بيوتنا,حكم محكمة,غير محدد,ملحق,33.509859,36.316759,505,متوسطة,property_images/apartment_economy.jpg,property_images/apartment_kitchen.jpg|property_images/apartment_economy.jpg|property_images/house_traditional.jpg
976,محل تجاري في العباسيين,"محل تجاري أو مكتب في حي العباسيين - مساحة 46 م², 1 حمامات. الحالة: مقبول. الملكية: طابو نظامي. الطابق: ثاني. المميزات: قرب مستشفى, قرب مدرسة, تدفئة مركزية, مرآب, مصعد",23100,العباسيين,46,0,1,محل تجاري,مقبول,"قرب مستشفى, قرب مدرسة, تدفئة مركزية, مرآب, مصعد",2026-04-05,بائع_235,983132002,إمتلاك,طابو نظامي,كهرباء دولة,ثاني,33.512338,36.314115,502,متوسطة,property_images/building_new_construction.jpg,property_images/townhouse.jpg|property_images/apartment_luxury.jpg|property_images/bedroom.jpg
977,منزل في العباسيين,"منزل سكني عائلي في حي العباسيين - مساحة 232 م² - 3 غرف, 3 حمامات. الحالة: جيد. الملكية: طابو نظامي. الطابق: ملحق. المميزات: طاقة شمسية, حديقة, إنترنت, شارع رئيسي, شقة مفروشة, مكيف",105300,العباسيين,232,3,3,منزل,جيد,"طاقة شمسية, حديقة, إنترنت, شارع رئيسي, شقة مفروشة, مكيف",2026-02-22,بائع_2,974527265,إمتلاك,طابو نظامي,غير محدد,ملحق,33.511651,36.313186,454,متوسطة,property_images/townhouse.jpg,property_images/villa_modern.jpg|property_images/villa_interior.jpg|property_images/apartment_modern.jpg
978,شقة في العباسيين,"شقة سكنية في بناء سكني في حي العباسيين - مساحة 140 م² - 4 غرف, 2 حمامات. الحالة: كالجديد. الملكية: حكم محكمة. الطابق: سادس. المميزات: قرب مدرسة, مكيف",69100,العباسيين,140,4,2,شقة,كالجديد,"قرب مدرسة, مكيف",2025-11-13,بائع_76,985793023,بيوت شام,حكم محكمة,كهرباء دولة,سادس,33.506169,36.316437,494,متوسطة,property_images/apartment_kitchen.jpg,property_images/duplex_interior.jpg|property_images/apartment_interior.jpg|property_images/villa_interior.jpg
979,شقة في العباسيين,"شقة سكنية في بناء سكني في حي العباسيين - مساحة 155 م² - 3 غرف, 2 حمامات. الحالة: جيد. الملكية: حكم محكمة. الطابق: ملحق. المميزات: أثاث, مصعد",60500,العباسيين,155,3,2,شقة,جيد,"أثاث, مصعد",2025-11-14,بائع_75,954946444,إكار,حكم محكمة,كهرباء دولة,ملحق,33.506002,36.315816,390,متوسطة,property_images/apartment_kitchen.jpg,property_images/townhouse.jpg|property_images/apartment_kitchen.jpg|property_images/villa_modern.jpg
980,شقة في العباسيين,"شقة سكنية في بناء سكني في حي العباسيين - مساحة 116 م² - 1 غرف, 2 حمامات. الحالة: ممتاز. الملكية: بدون أوراق. الطابق: ثاني. المميزات: كهرباء دولة, غاز مركزي, قرب مدرسة",56600,العباسيين,116,1,2,شقة,ممتاز,"كهرباء دولة, غاز مركزي, قرب مدرسة",2026-02-15,بائع_261,964756451,سوق.كوم,بدون أوراق,كهرباء دولة,ثاني,33.510899,36.315881,488,متوسطة,property_images/apartment_kitchen.jpg,property_images/villa_modern.jpg|property_images/apartment_street.jpg|property_images/bedroom.jpg
981,محل تجاري في العباسيين,"محل تجاري أو مكتب في حي العباسيين - مساحة 106 م², 1 حمامات. الحالة: مقبول. الملكية: طابو أخضر. الطابق: ثاني. المميزات: شقة مفروشة, مرآب",58000,العباسيين,106,0,1,محل تجاري,مقبول,"شقة مفروشة, مرآب",2026-04-19,بائع_29,944974208,ماروتا سيتي,طابو أخضر,كهرباء دولة,ثاني,33.508307,36.312777,547,متوسطة,property_images/building_new_construction.jpg,property_images/townhouse.jpg|property_images/house_traditional.jpg|property_images/villa_interior.jpg
982,شقة في العباسيين,"شقة سكنية في بناء سكني في حي العباسيين - مساحة 110 م² - 2 غرف, 2 حمامات. الحالة: كالجديد. الملكية: طابو أخضر. الطابق: سادس. المميزات: تدفئة مركزية, موقف سيارات",64000,العباسيين,110,2,2,شقة,كالجديد,"تدفئة مركزية, موقف سيارات",2026-02-23,بائع_42,967760458,إكار,طابو أخضر,كهرباء دولة,سادس,33.510921,36.316925,582,متوسطة,property_images/apartment_interior.jpg,property_images/villa_interior.jpg|property_images/building_new_construction.jpg|property_images/apartment_street.jpg
983,شقة في العباسيين,"شقة سكنية في بناء سكني في حي العباسيين - مساحة 78 م² - 4 غرف, 1 حمامات. الحالة: جيد. الملكية: طابو أخضر. الطابق: خامس. المميزات: أثاث, قرب مستشفى, شبابيك دبل غلاس, مرآب, مكيف, تدفئة مركزية",42300,العباسيين,78,4,1,شقة,جيد,"أثاث, قرب مستشفى, شبابيك دبل غلاس, مرآب, مكيف, تدفئة مركزية",2026-05-01,بائع_254,986564199,إكار,طابو أخضر,"كهرباء دولة, طاقة شمسية",خامس,33.510343,36.319056,542,متوسطة,property_images/apartment_modern.jpg,property_images/apartment_economy.jpg|property_images/apartment_kitchen.jpg|property_images/apartment_interior.jpg
984,شقة في العباسيين,"شقة سكنية في بناء سكني في حي العباسيين - مساحة 151 م² - 4 غرف, 1 حمامات. الحالة: كالجديد. الملكية: حكم محكمة. الطابق: ملحق. المميزات: مرآب, مكيف, إطلالة مفتوحة, إنترنت, مصعد",108700,العباسيين,151,4,1,شقة,كالجديد,"مرآب, مكيف, إطلالة مفتوحة, إنترنت, مصعد",2025-12-31,بائع_243,979150011,بيوتنا,حكم محكمة,غير محدد,ملحق,33.50912,36.316777,720,متوسطة,property_images/apartment_luxury.jpg,property_images/apartment_street.jpg|property_images/townhouse.jpg|property_images/house_traditional.jpg
985,منزل في العباسيين,"منزل سكني عائلي في حي العباسيين - مساحة 216 م² - 4 غرف, 1 حمامات. الحالة: يحتاج ترميم. الملكية: طابو أخضر. الطابق: أرضي. المميزات: شقة مفروشة, قرب مدرسة, كهرباء دولة, موقف سيارات, أثاث",51400,العباسيين,216,4,1,منزل,يحتاج ترميم,"شقة مفروشة, قرب مدرسة, كهرباء دولة, موقف سيارات, أثاث",2026-04-02,بائع_161,975849646,بيوتنا,طابو أخضر,"كهرباء دولة, طاقة شمسية",أرضي,33.508301,36.314455,238,متوسطة,property_images/townhouse.jpg,property_images/apartment_luxury.jpg|property_images/building_new_construction.jpg|property_images/villa_modern.jpg
986,شقة في العباسيين,"شقة سكنية في بناء سكني في حي العباسيين - مساحة 133 م² - 4 غرف, 1 حمامات. الحالة: يحتاج ترميم. الملكية: سجل عقاري. الطابق: ثاني. المميزات: مصعد, أثاث, بلكونة, حارس أمن, موقف سيارات",62200,العباسيين,133,4,1,شقة,يحتاج ترميم,"مصعد, أثاث, بلكونة, حارس أمن, موقف سيارات",2026-01-17,بائع_122,995802160,بيوت شام,سجل عقاري,"كهرباء دولة, طاقة شمسية",ثاني,33.507806,36.311219,468,متوسطة,property_images/bedroom.jpg,property_images/apartment_economy.jpg|property_images/house_traditional.jpg|property_images/building_needs_renovation.jpg
987,شقة في العباسيين,"شقة سكنية في بناء سكني في حي العباسيين - مساحة 105 م² - 3 غرف, 2 حمامات. الحالة: جيد. الملكية: حكم محكمة. الطابق: سابع. المميزات: أثاث, شارع رئيسي",63800,العباسيين,105,3,2,شقة,جيد,"أثاث, شارع رئيسي",2026-02-19,بائع_158,963721338,سوق.كوم,حكم محكمة,كهرباء دولة,سابع,33.510075,36.316856,608,متوسطة,property_images/apartment_economy.jpg,property_images/apartment_street.jpg|property_images/villa_modern.jpg|property_images/building_new_construction.jpg
988,بيت قديم في العباسيين,"بيت تراثي دمشقي قديم في حي العباسيين - مساحة 90 م² - 2 غرف, 1 حمامات. الحالة: كالجديد. الملكية: حكم محكمة. الطابق: أول. المميزات: بئر مياه خاص, شقة مفروشة, تدفئة مركزية, حارس أمن, مرآب",27800,العباسيين,90,2,1,بيت قديم,كالجديد,"بئر مياه خاص, شقة مفروشة, تدفئة مركزية, حارس أمن, مرآب",2026-01-10,بائع_105,962972415,سوق.كوم,حكم محكمة,"كهرباء دولة, طاقة شمسية",أول,33.510031,36.314331,309,متوسطة,property_images/building_needs_renovation.jpg,property_images/apartment_interior.jpg|property_images/apartment_kitchen.jpg|property_images/bedroom.jpg
989,شقة في العباسيين,"شقة سكنية في بناء سكني في حي العباسيين - مساحة 196 م² - 4 غرف, 2 حمامات. الحالة: جيد. الملكية: بدون أوراق. الطابق: سابع. المميزات: بلكونة, شارع رئيسي, موقف سيارات, مصعد, إطلالة مفتوحة, قرب مستشفى",86500,العباسيين,196,4,2,شقة,جيد,"بلكونة, شارع رئيسي, موقف سيارات, مصعد, إطلالة مفتوحة, قرب مستشفى",2026-03-20,بائع_53,954373781,إكار,بدون أوراق,غير محدد,سابع,33.507839,36.314777,441,متوسطة,property_images/apartment_interior.jpg,property_images/bedroom.jpg|property_images/apartment_modern.jpg|property_images/apartment_luxury.jpg
990,مكتب في العباسيين,"مكتب تجاري في حي العباسيين - مساحة 53 م², 1 حمامات. الحالة: ممتاز. الملكية: حكم محكمة. الطابق: ثاني. المميزات: إطلالة مفتوحة, شبابيك دبل غلاس, طاقة شمسية, مرآب, قرب مستشفى",30100,العباسيين,53,0,1,مكتب,ممتاز,"إطلالة مفتوحة, شبابيك دبل غلاس, طاقة شمسية, مرآب, قرب مستشفى",2025-12-25,بائع_91,999814637,بيوت شام,حكم محكمة,"كهرباء دولة, طاقة شمسية",ثاني,33.511234,36.316373,568,متوسطة,property_images/apartment_interior.jpg,property_images/bedroom.jpg|property_images/building_needs_renovation.jpg|property_images/house_traditional.jpg
991,منزل في العباسيين,"منزل سكني عائلي في حي العباسيين - مساحة 127 م² - 5 غرف, 3 حمامات. الحالة: ممتاز. الملكية: حكم محكمة. الطابق: ملحق. المميزات: أبواب حديدية, قرب مستشفى",97700,العباسيين,127,5,3,منزل,ممتاز,"أبواب حديدية, قرب مستشفى",2025-11-12,بائع_61,988601556,إمتلاك,حكم محكمة,غير محدد,ملحق,33.509099,36.317538,769,متوسطة,property_images/townhouse.jpg,property_images/apartment_modern.jpg|property_images/villa_modern.jpg|property_images/townhouse.jpg
992,شقة في العباسيين,"شقة سكنية في بناء سكني في حي العباسيين - مساحة 98 م² - 4 غرف, 1 حمامات. الحالة: مقبول. الملكية: سجل عقاري. الطابق: سادس. المميزات: إنترنت, مصعد",45900,العباسيين,98,4,1,شقة,مقبول,"إنترنت, مصعد",2026-03-23,بائع_93,958759737,بيوت شام,سجل عقاري,"كهرباء دولة, طاقة شمسية",سادس,33.509622,36.312221,468,متوسطة,property_images/apartment_economy.jpg,property_images/apartment_economy.jpg|property_images/building_needs_renovation.jpg|property_images/building_new_construction.jpg
993,شقة في التجارة,"شقة سكنية في بناء سكني في حي التجارة - مساحة 190 م² - 3 غرف, 1 حمامات. الحالة: كالجديد. الملكية: بدون أوراق. الطابق: سادس. المميزات: قرب مدرسة, شبابيك دبل غلاس, حارس أمن, كهرباء دولة",167200,التجارة,190,3,1,شقة,كالجديد,"قرب مدرسة, شبابيك دبل غلاس, حارس أمن, كهرباء دولة",2025-12-23,بائع_90,939698336,بيوتنا,بدون أوراق,كهرباء دولة,سادس,33.509206,36.293795,880,متوسطة,property_images/apartment_kitchen.jpg,property_images/villa_interior.jpg|property_images/apartment_economy.jpg|property_images/building_needs_renovation.jpg
994,شقة في التجارة,"شقة سكنية في بناء سكني في حي التجارة - مساحة 132 م² - 1 غرف, 2 حمامات. الحالة: ممتاز. الملكية: سجل عقاري. الطابق: رابع. المميزات: مرآب, إطلالة مفتوحة, قرب مدرسة",107600,التجارة,132,1,2,شقة,ممتاز,"مرآب, إطلالة مفتوحة, قرب مدرسة",2026-03-26,بائع_65,934992204,بيوت شام,سجل عقاري,غير محدد,رابع,33.510711,36.296383,815,متوسطة,property_images/bedroom.jpg,property_images/apartment_street.jpg|property_images/apartment_interior.jpg|property_images/house_traditional.jpg
995,بيت عربي في التجارة,"بيت عربي بقاعة داخلية واسعة في حي التجارة - مساحة 205 م² - 3 غرف, 3 حمامات. الحالة: يحتاج ترميم. الملكية: حكم محكمة. الطابق: أول. المميزات: مرآب, إطلالة مفتوحة, كهرباء دولة, شقة مفروشة, بئر مياه خاص, مكيف",126300,التجارة,205,3,3,بيت عربي,يحتاج ترميم,"مرآب, إطلالة مفتوحة, كهرباء دولة, شقة مفروشة, بئر مياه خاص, مكيف",2025-11-30,بائع_263,938778712,سوق.كوم,حكم محكمة,طاقة شمسية,أول,33.511136,36.293901,616,متوسطة,property_images/house_traditional.jpg,property_images/duplex_interior.jpg|property_images/building_new_construction.jpg|property_images/apartment_interior.jpg
996,شقة في التجارة,"شقة سكنية في بناء سكني في حي التجارة - مساحة 167 م² - 4 غرف, 1 حمامات. الحالة: جيد. الملكية: سجل عقاري. الطابق: سابع. المميزات: موقف سيارات, إنترنت, بلكونة, طاقة شمسية, غاز مركزي",163400,التجارة,167,4,1,شقة,جيد,"موقف سيارات, إنترنت, بلكونة, طاقة شمسية, غاز مركزي",2025-11-18,بائع_96,933745485,دوشيش,سجل عقاري,"كهرباء دولة, طاقة شمسية",سابع,33.516304,36.293753,978,متوسطة,property_images/apartment_economy.jpg,property_images/building_needs_renovation.jpg|property_images/apartment_street.jpg|property_images/villa_interior.jpg
997,شقة في التجارة,"شقة سكنية في بناء سكني في حي التجارة - مساحة 128 م² - 1 غرف, 2 حمامات. الحالة: مقبول. الملكية: بدون أوراق. الطابق: سادس. المميزات: إطلالة مفتوحة, قرب مدرسة, أبواب حديدية, غاز مركزي, مكيف",38900,التجارة,128,1,2,شقة,مقبول,"إطلالة مفتوحة, قرب مدرسة, أبواب حديدية, غاز مركزي, مكيف",2026-03-27,بائع_67,970641187,إكار,بدون أوراق,كهرباء دولة,سادس,33.511106,36.294904,304,متوسطة,property_images/apartment_street.jpg,property_images/apartment_kitchen.jpg|property_images/duplex_interior.jpg|property_images/house_traditional.jpg
998,شقة في التجارة,"شقة سكنية في بناء سكني في حي التجارة - مساحة 187 م² - 3 غرف, 1 حمامات. الحالة: يحتاج ترميم. الملكية: طابو أخضر. الطابق: رابع. المميزات: شارع رئيسي, بلكونة, طاقة شمسية, إنترنت, تدفئة مركزية",84800,التجارة,187,3,1,شقة,يحتاج ترميم,"شارع رئيسي, بلكونة, طاقة شمسية, إنترنت, تدفئة مركزية",2026-02-02,بائع_200,978863036,إكار,طابو أخضر,غير محدد,رابع,33.506622,36.295057,453,متوسطة,property_images/apartment_modern.jpg,property_images/apartment_modern.jpg|property_images/villa_modern.jpg|property_images/apartment_interior.jpg
999,شقة في التجارة,"شقة سكنية في بناء سكني في حي التجارة - مساحة 55 م² - 1 غرف, 1 حمامات. الحالة: جيد. الملكية: طابو أخضر. الطابق: رابع. المميزات: قرب مدرسة, بلكونة, حديقة, إنترنت",48400,التجارة,55,1,1,شقة,جيد,"قرب مدرسة, بلكونة, حديقة, إنترنت",2026-01-25,بائع_236,980305633,بيوتنا,طابو أخضر,كهرباء دولة,رابع,33.50587,36.296057,880,متوسطة,property_images/bedroom.jpg,property_images/apartment_modern.jpg|property_images/duplex_interior.jpg|property_images/apartment_kitchen.jpg
1000,شقة في التجارة,"شقة سكنية في بناء سكني في حي التجارة - مساحة 55 م² - 2 غرف, 1 حمامات. الحالة: مقبول. الملكية: طابو نظامي. الطابق: خامس. المميزات: قرب مستشفى, كهرباء دولة, غاز مركزي, طاقة شمسية, أثاث, حارس أمن",33500,التجارة,55,2,1,شقة,مقبول,"قرب مستشفى, كهرباء دولة, غاز مركزي, طاقة شمسية, أثاث, حارس أمن",2025-11-11,بائع_168,953658933,ماروتا سيتي,طابو نظامي,"كهرباء دولة, طاقة شمسية",خامس,33.513287,36.296721,609,متوسطة,property_images/apartment_luxury.jpg,property_images/apartment_luxury.jpg|property_images/house_traditional.jpg|property_images/apartment_interior.jpg
1001,شقة في التجارة,"شقة سكنية في بناء سكني في حي التجارة - مساحة 89 م² - 3 غرف, 2 حمامات. الحالة: يحتاج ترميم. الملكية: سجل عقاري. الطابق: ثالث. المميزات: قرب مستشفى, بلكونة, غاز مركزي",46000,التجارة,89,3,2,شقة,يحتاج ترميم,"قرب مستشفى, بلكونة, غاز مركزي",2025-12-21,بائع_190,943334412,ماروتا سيتي,سجل عقاري,طاقة شمسية,ثالث,33.510036,36.296945,517,متوسطة,property_images/apartment_economy.jpg,property_images/apartment_modern.jpg|property_images/duplex_interior.jpg|property_images/building_new_construction.jpg
1002,مكتب في التجارة,"مكتب تجاري في حي التجارة - مساحة 27 م², 1 حمامات. الحالة: جيد. الملكية: حكم محكمة. الطابق: أول. المميزات: إنترنت, مصعد, أبواب حديدية, شقة مفروشة",24200,التجارة,27,0,1,مكتب,جيد,"إنترنت, مصعد, أبواب حديدية, شقة مفروشة",2025-12-13,بائع_167,932739509,بيوت شام,حكم محكمة,غير محدد,أول,33.504591,36.29474,896,متوسطة,property_images/apartment_modern.jpg,property_images/building_new_construction.jpg|property_images/villa_interior.jpg|property_images/house_traditional.jpg
1003,بيت قديم في التجارة,"بيت تراثي دمشقي قديم في حي التجارة - مساحة 82 م² - 3 غرف, 1 حمامات. الحالة: مقبول. الملكية: طابو نظامي. الطابق: ملحق. المميزات: أثاث, بئر مياه خاص",45900,التجارة,82,3,1,بيت قديم,مقبول,"أثاث, بئر مياه خاص",2025-12-25,بائع_296,939972831,سوق.كوم,طابو نظامي,غير محدد,ملحق,33.510045,36.293189,560,متوسطة,property_images/building_needs_renovation.jpg,property_images/building_new_construction.jpg|property_images/villa_interior.jpg|property_images/house_traditional.jpg
1004,مكتب في التجارة,"مكتب تجاري في حي التجارة - مساحة 35 م², 1 حمامات. الحالة: جيد. الملكية: طابو أخضر. الطابق: أول. المميزات: حديقة, قرب مستشفى, طاقة شمسية, كهرباء دولة, تدفئة مركزية, موقف سيارات",30400,التجارة,35,0,1,مكتب,جيد,"حديقة, قرب مستشفى, طاقة شمسية, كهرباء دولة, تدفئة مركزية, موقف سيارات",2026-02-11,بائع_151,988212745,بيوت شام,طابو أخضر,"كهرباء دولة, طاقة شمسية",أول,33.509842,36.294842,869,متوسطة,property_images/apartment_interior.jpg,property_images/house_traditional.jpg|property_images/duplex_interior.jpg|property_images/building_needs_renovation.jpg
1005,محل تجاري في التجارة,"محل تجاري أو مكتب في حي التجارة - مساحة 47 م², 1 حمامات. الحالة: كالجديد. الملكية: طابو نظامي. الطابق: أول. المميزات: أثاث, مرآب, أبواب حديدية, شقة مفروشة, حارس أمن, طاقة شمسية",57500,التجارة,47,0,1,محل تجاري,كالجديد,"أثاث, مرآب, أبواب حديدية, شقة مفروشة, حارس أمن, طاقة شمسية",2026-05-01,بائع_137,949830989,ماروتا سيتي,طابو نظامي,"كهرباء دولة, طاقة شمسية",أول,33.508965,36.295824,1223,متوسطة,property_images/building_new_construction.jpg,property_images/building_needs_renovation.jpg|property_images/villa_modern.jpg|property_images/bedroom.jpg
1006,بيت في التجارة,"بيت سكني تقليدي في حي التجارة - مساحة 175 م² - 1 غرف, 1 حمامات. الحالة: كالجديد. الملكية: بدون أوراق. الطابق: أول. المميزات: بلكونة, شبابيك دبل غلاس, غاز مركزي, شقة مفروشة",70300,التجارة,175,1,1,بيت,كالجديد,"بلكونة, شبابيك دبل غلاس, غاز مركزي, شقة مفروشة",2025-12-13,بائع_31,946894573,دوشيش,بدون أوراق,غير محدد,أول,33.506296,36.297567,402,متوسطة,property_images/building_needs_renovation.jpg,property_images/bedroom.jpg|property_images/villa_interior.jpg|property_images/apartment_street.jpg
1007,شقة في التجارة,"شقة سكنية في بناء سكني في حي التجارة - مساحة 96 م² - 3 غرف, 2 حمامات. الحالة: ممتاز. الملكية: طابو نظامي. الطابق: سادس. المميزات: مكيف, حديقة, قرب مدرسة",75000,التجارة,96,3,2,شقة,ممتاز,"مكيف, حديقة, قرب مدرسة",2025-12-07,بائع_260,983930782,ماروتا سيتي,طابو نظامي,كهرباء دولة,سادس,33.508438,36.29548,781,متوسطة,property_images/apartment_kitchen.jpg,property_images/apartment_economy.jpg|property_images/building_needs_renovation.jpg|property_images/villa_modern.jpg
1008,منزل في التجارة,"منزل سكني عائلي في حي التجارة - مساحة 231 م² - 3 غرف, 1 حمامات. الحالة: ممتاز. الملكية: طابو نظامي. الطابق: ملحق. المميزات: حديقة, شقة مفروشة, شارع رئيسي, كهرباء دولة, قرب مستشفى",216700,التجارة,231,3,1,منزل,ممتاز,"حديقة, شقة مفروشة, شارع رئيسي, كهرباء دولة, قرب مستشفى",2026-02-13,بائع_148,952626417,بيوتنا,طابو نظامي,كهرباء دولة,ملحق,33.511724,36.293168,938,متوسطة,property_images/duplex_interior.jpg,property_images/apartment_street.jpg|property_images/apartment_modern.jpg|property_images/townhouse.jpg
1009,شقة في التجارة,"شقة سكنية في بناء سكني في حي التجارة - مساحة 79 م² - 1 غرف, 2 حمامات. الحالة: جيد. الملكية: طابو أخضر. الطابق: أرضي. المميزات: مصعد, مكيف, شارع رئيسي, تدفئة مركزية",37300,التجارة,79,1,2,شقة,جيد,"مصعد, مكيف, شارع رئيسي, تدفئة مركزية",2025-11-23,بائع_118,959176281,بيوتنا,طابو أخضر,"كهرباء دولة, طاقة شمسية",أرضي,33.508381,36.297913,472,متوسطة,property_images/apartment_kitchen.jpg,property_images/apartment_modern.jpg|property_images/house_traditional.jpg|property_images/townhouse.jpg
1010,شقة في التجارة,"شقة سكنية في بناء سكني في حي التجارة - مساحة 138 م² - 1 غرف, 2 حمامات. الحالة: مقبول. الملكية: كاتب عدل. الطابق: خامس. المميزات: موقف سيارات, أثاث, مصعد, حديقة",81900,التجارة,138,1,2,شقة,مقبول,"موقف سيارات, أثاث, مصعد, حديقة",2025-11-24,بائع_218,953815123,سوق.كوم,كاتب عدل,كهرباء دولة,خامس,33.509955,36.294622,593,متوسطة,property_images/apartment_interior.jpg,property_images/house_traditional.jpg|property_images/apartment_modern.jpg|property_images/apartment_luxury.jpg
1011,شقة في التجارة,"شقة سكنية في بناء سكني في حي التجارة - مساحة 127 م² - 4 غرف, 2 حمامات. الحالة: ممتاز. الملكية: سجل عقاري. الطابق: سابع. المميزات: إطلالة مفتوحة, أبواب حديدية, مكيف, شارع رئيسي, طاقة شمسية, مرآب",118600,التجارة,127,4,2,شقة,ممتاز,"إطلالة مفتوحة, أبواب حديدية, مكيف, شارع رئيسي, طاقة شمسية, مرآب",2026-02-20,بائع_212,949883181,سوق.كوم,سجل عقاري,غير محدد,سابع,33.506768,36.296599,934,متوسطة,property_images/bedroom.jpg,property_images/bedroom.jpg|property_images/building_new_construction.jpg|property_images/building_needs_renovation.jpg
1012,شقة في التجارة,"شقة سكنية في بناء سكني في حي التجارة - مساحة 152 م² - 2 غرف, 2 حمامات. الحالة: مقبول. الملكية: بدون أوراق. الطابق: ثاني. المميزات: أثاث, موقف سيارات, شقة مفروشة, شارع رئيسي",67300,التجارة,152,2,2,شقة,مقبول,"أثاث, موقف سيارات, شقة مفروشة, شارع رئيسي",2026-04-08,بائع_69,954976964,سوق.كوم,بدون أوراق,غير محدد,ثاني,33.511401,36.301629,443,متوسطة,property_images/apartment_modern.jpg,property_images/building_needs_renovation.jpg|property_images/apartment_interior.jpg|property_images/apartment_street.jpg
1013,شقة في التجارة,"شقة سكنية في بناء سكني في حي التجارة - مساحة 116 م² - 1 غرف, 2 حمامات. الحالة: جيد. الملكية: كاتب عدل. الطابق: سادس. المميزات: موقف سيارات, تدفئة مركزية, غاز مركزي, مصعد, شارع رئيسي, طاقة شمسية",90700,التجارة,116,1,2,شقة,جيد,"موقف سيارات, تدفئة مركزية, غاز مركزي, مصعد, شارع رئيسي, طاقة شمسية",2025-12-15,بائع_238,974125402,إكار,كاتب عدل,"كهرباء دولة, طاقة شمسية",سادس,33.508524,36.296363,782,متوسطة,property_images/bedroom.jpg,property_images/bedroom.jpg|property_images/villa_interior.jpg|property_images/duplex_interior.jpg
1014,شقة في التجارة,"شقة سكنية في بناء سكني في حي التجارة - مساحة 136 م² - 1 غرف, 2 حمامات. الحالة: جيد. الملكية: سجل عقاري. الطابق: سابع. المميزات: بلكونة, إنترنت, أبواب حديدية",102100,التجارة,136,1,2,شقة,جيد,"بلكونة, إنترنت, أبواب حديدية",2026-02-02,بائع_288,964607336,بيوتنا,سجل عقاري,كهرباء دولة,سابع,33.507961,36.296413,751,متوسطة,property_images/apartment_interior.jpg,property_images/apartment_kitchen.jpg|property_images/townhouse.jpg|property_images/apartment_economy.jpg
1015,شقة في التجارة,"شقة سكنية في بناء سكني في حي التجارة - مساحة 171 م² - 3 غرف, 1 حمامات. الحالة: مقبول. الملكية: بدون أوراق. الطابق: سادس. المميزات: موقف سيارات, شقة مفروشة, شبابيك دبل غلاس, غاز مركزي, طاقة شمسية, حارس أمن",91400,التجارة,171,3,1,شقة,مقبول,"موقف سيارات, شقة مفروشة, شبابيك دبل غلاس, غاز مركزي, طاقة شمسية, حارس أمن",2026-01-13,بائع_62,990284076,سوق.كوم,بدون أوراق,كهرباء دولة,سادس,33.511924,36.295526,535,متوسطة,property_images/bedroom.jpg,property_images/duplex_interior.jpg|property_images/apartment_modern.jpg|property_images/villa_modern.jpg
1016,منزل في التجارة,"منزل سكني عائلي في حي التجارة - مساحة 193 م² - 3 غرف, 3 حمامات. الحالة: كالجديد. الملكية: سجل عقاري. الطابق: ملحق. المميزات: بلكونة, مصعد, حديقة, شارع رئيسي, قرب مدرسة, مكيف",171200,التجارة,193,3,3,منزل,كالجديد,"بلكونة, مصعد, حديقة, شارع رئيسي, قرب مدرسة, مكيف",2026-03-12,بائع_211,951205706,إمتلاك,سجل عقاري,غير محدد,ملحق,33.508098,36.296637,887,متوسطة,property_images/house_traditional.jpg,property_images/building_needs_renovation.jpg|property_images/bedroom.jpg|property_images/townhouse.jpg
1017,منزل في التجارة,"منزل سكني عائلي في حي التجارة - مساحة 115 م² - 2 غرف, 3 حمامات. الحالة: ممتاز. الملكية: كاتب عدل. الطابق: أرضي. المميزات: طاقة شمسية, قرب مدرسة, إطلالة مفتوحة, مكيف",75300,التجارة,115,2,3,منزل,ممتاز,"طاقة شمسية, قرب مدرسة, إطلالة مفتوحة, مكيف",2026-02-01,بائع_126,999313056,بيوت شام,كاتب عدل,طاقة شمسية,أرضي,33.510379,36.296594,655,متوسطة,property_images/house_traditional.jpg,property_images/apartment_modern.jpg|property_images/apartment_interior.jpg|property_images/apartment_street.jpg
1018,منزل في التجارة,"منزل سكني عائلي في حي التجارة - مساحة 106 م² - 5 غرف, 3 حمامات. الحالة: ممتاز. الملكية: سجل عقاري. الطابق: أرضي. المميزات: أبواب حديدية, طاقة شمسية, بلكونة, غاز مركزي, بئر مياه خاص",99100,التجارة,106,5,3,منزل,ممتاز,"أبواب حديدية, طاقة شمسية, بلكونة, غاز مركزي, بئر مياه خاص",2026-02-28,بائع_130,993740903,إمتلاك,سجل عقاري,غير محدد,أرضي,33.511144,36.294591,935,متوسطة,property_images/house_traditional.jpg,property_images/apartment_street.jpg|property_images/duplex_interior.jpg|property_images/building_needs_renovation.jpg
1019,بيت قديم في التجارة,"بيت تراثي دمشقي قديم في حي التجارة - مساحة 50 م² - 2 غرف, 2 حمامات. الحالة: كالجديد. الملكية: سجل عقاري. الطابق: أرضي. المميزات: بلكونة, قرب مستشفى",32000,التجارة,50,2,2,بيت قديم,كالجديد,"بلكونة, قرب مستشفى",2026-02-10,بائع_127,989896651,إكار,سجل عقاري,"كهرباء دولة, طاقة شمسية",أرضي,33.509108,36.296226,640,متوسطة,property_images/house_traditional.jpg,property_images/apartment_interior.jpg|property_images/apartment_economy.jpg|property_images/house_traditional.jpg
1020,مكتب في التجارة,"مكتب تجاري في حي التجارة - مساحة 47 م², 1 حمامات. الحالة: جيد. الملكية: طابو نظامي. الطابق: أرضي. المميزات: قرب مستشفى, قرب مدرسة, شقة مفروشة",24400,التجارة,47,0,1,مكتب,جيد,"قرب مستشفى, قرب مدرسة, شقة مفروشة",2025-11-14,بائع_51,947931765,بيوت شام,طابو نظامي,"كهرباء دولة, طاقة شمسية",أرضي,33.509223,36.295389,519,متوسطة,property_images/apartment_modern.jpg,property_images/apartment_interior.jpg|property_images/villa_modern.jpg|property_images/apartment_street.jpg
1021,شقة في التجارة,"شقة سكنية في بناء سكني في حي التجارة - مساحة 142 م² - 2 غرف, 1 حمامات. الحالة: مقبول. الملكية: كاتب عدل. الطابق: ملحق. المميزات: تدفئة مركزية, كهرباء دولة",75100,التجارة,142,2,1,شقة,مقبول,"تدفئة مركزية, كهرباء دولة",2025-11-11,بائع_239,996627916,إكار,كاتب عدل,كهرباء دولة,ملحق,33.513357,36.292177,529,متوسطة,property_images/apartment_modern.jpg,property_images/apartment_modern.jpg|property_images/building_needs_renovation.jpg|property_images/villa_interior.jpg
1022,محل تجاري في التجارة,"محل تجاري أو مكتب في حي التجارة - مساحة 92 م² - 1 غرف, 1 حمامات. الحالة: ممتاز. الملكية: حكم محكمة. الطابق: أرضي. المميزات: طاقة شمسية, قرب مدرسة, غاز مركزي",80500,التجارة,92,1,1,محل تجاري,ممتاز,"طاقة شمسية, قرب مدرسة, غاز مركزي",2026-04-25,بائع_104,932391640,بيوت شام,حكم محكمة,غير محدد,أرضي,33.511719,36.29616,875,متوسطة,property_images/building_new_construction.jpg,property_images/villa_interior.jpg|property_images/apartment_modern.jpg|property_images/duplex_interior.jpg
1023,شقة في الحريقة,"شقة سكنية في بناء سكني في حي الحريقة - مساحة 159 م² - 3 غرف, 1 حمامات. الحالة: ممتاز. الملكية: طابو أخضر. الطابق: أرضي. المميزات: موقف سيارات, إنترنت, بلكونة, أثاث, شارع رئيسي",99600,الحريقة,159,3,1,شقة,ممتاز,"موقف سيارات, إنترنت, بلكونة, أثاث, شارع رئيسي",2026-03-24,بائع_179,933196967,بيوت شام,طابو أخضر,غير محدد,أرضي,33.512803,36.304841,626,متوسطة,property_images/apartment_luxury.jpg,property_images/apartment_luxury.jpg|property_images/house_traditional.jpg|property_images/apartment_interior.jpg
1024,شقة في الحريقة,"شقة سكنية في بناء سكني في حي الحريقة - مساحة 116 م² - 2 غرف, 1 حمامات. الحالة: ممتاز. الملكية: كاتب عدل. الطابق: ثالث. المميزات: أثاث, مصعد, قرب مستشفى, مرآب, أبواب حديدية, موقف سيارات",78900,الحريقة,116,2,1,شقة,ممتاز,"أثاث, مصعد, قرب مستشفى, مرآب, أبواب حديدية, موقف سيارات",2025-12-01,بائع_59,948517143,سوق.كوم,كاتب عدل,غير محدد,ثالث,33.51747,36.299936,680,متوسطة,property_images/bedroom.jpg,property_images/house_traditional.jpg|property_images/apartment_modern.jpg|property_images/townhouse.jpg
1025,بيت في الحريقة,"بيت سكني تقليدي في حي الحريقة - مساحة 127 م² - 1 غرف, 1 حمامات. الحالة: جيد. الملكية: طابو أخضر. الطابق: أول. المميزات: مرآب, شبابيك دبل غلاس, مكيف, تدفئة مركزية, حارس أمن",58000,الحريقة,127,1,1,بيت,جيد,"مرآب, شبابيك دبل غلاس, مكيف, تدفئة مركزية, حارس أمن",2026-04-09,بائع_67,953143884,سوق.كوم,طابو أخضر,كهرباء دولة,أول,33.514736,36.302145,457,متوسطة,property_images/building_needs_renovation.jpg,property_images/apartment_kitchen.jpg|property_images/villa_modern.jpg|property_images/apartment_street.jpg
1026,بيت في الحريقة,"بيت سكني تقليدي في حي الحريقة - مساحة 64 م² - 2 غرف, 2 حمامات. الحالة: جديد. الملكية: طابو أخضر. الطابق: أرضي. المميزات: أثاث, إطلالة مفتوحة, شارع رئيسي",37200,الحريقة,64,2,2,بيت,جديد,"أثاث, إطلالة مفتوحة, شارع رئيسي",2026-01-28,بائع_173,956662192,سوق.كوم,طابو أخضر,"كهرباء دولة, طاقة شمسية",أرضي,33.517702,36.303772,581,متوسطة,property_images/building_needs_renovation.jpg,property_images/building_needs_renovation.jpg|property_images/building_new_construction.jpg|property_images/apartment_street.jpg
1027,بيت في الحريقة,"بيت سكني تقليدي في حي الحريقة - مساحة 108 م² - 2 غرف, 1 حمامات. الحالة: جيد. الملكية: كاتب عدل. الطابق: أول. المميزات: بئر مياه خاص, بلكونة, حارس أمن",56500,الحريقة,108,2,1,بيت,جيد,"بئر مياه خاص, بلكونة, حارس أمن",2025-11-12,بائع_203,997247441,بيوت شام,كاتب عدل,كهرباء دولة,أول,33.514412,36.304713,523,متوسطة,property_images/building_needs_renovation.jpg,property_images/apartment_modern.jpg|property_images/apartment_interior.jpg|property_images/apartment_luxury.jpg
1028,محل تجاري في الحريقة,"محل تجاري أو مكتب في حي الحريقة - مساحة 54 م², 1 حمامات. الحالة: جيد. الملكية: طابو نظامي. الطابق: أول. المميزات: بئر مياه خاص, غاز مركزي, مكيف, مصعد, أثاث, إنترنت",40000,الحريقة,54,0,1,محل تجاري,جيد,"بئر مياه خاص, غاز مركزي, مكيف, مصعد, أثاث, إنترنت",2026-04-19,بائع_1,957850437,إمتلاك,طابو نظامي,غير محدد,أول,33.517292,36.300445,741,متوسطة,property_images/building_new_construction.jpg,property_images/apartment_modern.jpg|property_images/house_traditional.jpg|property_images/townhouse.jpg
1029,منزل في الحريقة,"منزل سكني عائلي في حي الحريقة - مساحة 230 م² - 5 غرف, 1 حمامات. الحالة: ممتاز. الملكية: كاتب عدل. الطابق: أرضي. المميزات: طاقة شمسية, شبابيك دبل غلاس",96000,الحريقة,230,5,1,منزل,ممتاز,"طاقة شمسية, شبابيك دبل غلاس",2026-02-03,بائع_282,971665852,بيوت شام,كاتب عدل,"كهرباء دولة, طاقة شمسية",أرضي,33.518259,36.301255,417,متوسطة,property_images/townhouse.jpg,property_images/building_needs_renovation.jpg|property_images/apartment_modern.jpg|property_images/apartment_interior.jpg
1030,شقة في الحريقة,"شقة سكنية في بناء سكني في حي الحريقة - مساحة 111 م² - 1 غرف, 2 حمامات. الحالة: مقبول. الملكية: طابو أخضر. الطابق: ثاني. المميزات: مكيف, مصعد",36400,الحريقة,111,1,2,شقة,مقبول,"مكيف, مصعد",2026-01-17,بائع_64,976744089,بيوتنا,طابو أخضر,غير محدد,ثاني,33.51409,36.29992,328,متوسطة,property_images/apartment_economy.jpg,property_images/building_new_construction.jpg|property_images/apartment_street.jpg|property_images/house_traditional.jpg
1031,منزل في الحريقة,"منزل سكني عائلي في حي الحريقة - مساحة 132 م² - 3 غرف, 3 حمامات. الحالة: جيد. الملكية: طابو نظامي. الطابق: أول. المميزات: تدفئة مركزية, شبابيك دبل غلاس, موقف سيارات, مرآب, قرب مدرسة, مصعد",74800,الحريقة,132,3,3,منزل,جيد,"تدفئة مركزية, شبابيك دبل غلاس, موقف سيارات, مرآب, قرب مدرسة, مصعد",2026-02-22,بائع_272,943459022,بيوت شام,طابو نظامي,"كهرباء دولة, طاقة شمسية",أول,33.516916,36.302415,567,متوسطة,property_images/duplex_interior.jpg,property_images/building_needs_renovation.jpg|property_images/apartment_luxury.jpg|property_images/duplex_interior.jpg
1032,شقة في الحريقة,"شقة سكنية في بناء سكني في حي الحريقة - مساحة 130 م² - 1 غرف, 1 حمامات. الحالة: مقبول. الملكية: كاتب عدل. الطابق: أرضي. المميزات: تدفئة مركزية, طاقة شمسية, شارع رئيسي, حارس أمن",50600,الحريقة,130,1,1,شقة,مقبول,"تدفئة مركزية, طاقة شمسية, شارع رئيسي, حارس أمن",2026-01-22,بائع_255,987486469,دوشيش,كاتب عدل,غير محدد,أرضي,33.513238,36.305597,389,متوسطة,property_images/apartment_modern.jpg,property_images/apartment_street.jpg|property_images/apartment_kitchen.jpg|property_images/apartment_luxury.jpg
1033,محل تجاري في الحريقة,"محل تجاري أو مكتب في حي الحريقة - مساحة 41 م² - 1 غرف, 1 حمامات. الحالة: ممتاز. الملكية: طابو أخضر. الطابق: أول. المميزات: بئر مياه خاص, مرآب, بلكونة, طاقة شمسية",43500,الحريقة,41,1,1,محل تجاري,ممتاز,"بئر مياه خاص, مرآب, بلكونة, طاقة شمسية",2026-03-02,بائع_237,985102864,سوق.كوم,طابو أخضر,"كهرباء دولة, طاقة شمسية",أول,33.514514,36.302005,1061,متوسطة,property_images/building_new_construction.jpg,property_images/building_new_construction.jpg|property_images/apartment_street.jpg|property_images/villa_interior.jpg
1034,شقة في الحريقة,"شقة سكنية في بناء سكني في حي الحريقة - مساحة 157 م² - 1 غرف, 1 حمامات. الحالة: جديد. الملكية: طابو أخضر. الطابق: ثالث. المميزات: مصعد, مرآب, قرب مدرسة",163200,الحريقة,157,1,1,شقة,جديد,"مصعد, مرآب, قرب مدرسة",2026-04-12,بائع_251,950544392,إكار,طابو أخضر,كهرباء دولة,ثالث,33.514778,36.301224,1039,متوسطة,property_images/apartment_luxury.jpg,property_images/building_new_construction.jpg|property_images/apartment_economy.jpg|property_images/house_traditional.jpg
1035,شقة في الحريقة,"شقة سكنية في بناء سكني في حي الحريقة - مساحة 118 م² - 3 غرف, 2 حمامات. الحالة: جديد. الملكية: طابو أخضر. الطابق: أرضي. المميزات: مكيف, قرب مستشفى",103600,الحريقة,118,3,2,شقة,جديد,"مكيف, قرب مستشفى",2026-02-07,بائع_32,989188536,بيوتنا,طابو أخضر,طاقة شمسية,أرضي,33.516783,36.302008,878,متوسطة,property_images/apartment_modern.jpg,property_images/duplex_interior.jpg|property_images/villa_interior.jpg|property_images/apartment_street.jpg
1036,منزل في الحريقة,"منزل سكني عائلي في حي الحريقة - مساحة 187 م² - 2 غرف, 2 حمامات. الحالة: ممتاز. الملكية: طابو أخضر. الطابق: أول. المميزات: حديقة, موقف سيارات, تدفئة مركزية",163300,الحريقة,187,2,2,منزل,ممتاز,"حديقة, موقف سيارات, تدفئة مركزية",2026-02-24,بائع_252,968309185,ماروتا سيتي,طابو أخضر,كهرباء دولة,أول,33.515763,36.302623,873,متوسطة,property_images/duplex_interior.jpg,property_images/townhouse.jpg|property_images/duplex_interior.jpg|property_images/apartment_modern.jpg
1037,منزل في الحريقة,"منزل سكني عائلي في حي الحريقة - مساحة 91 م² - 2 غرف, 3 حمامات. الحالة: كالجديد. الملكية: طابو أخضر. الطابق: أول. المميزات: بلكونة, إنترنت, قرب مدرسة, شقة مفروشة, إطلالة مفتوحة",39900,الحريقة,91,2,3,منزل,كالجديد,"بلكونة, إنترنت, قرب مدرسة, شقة مفروشة, إطلالة مفتوحة",2026-03-02,بائع_255,933314498,سوق.كوم,طابو أخضر,كهرباء دولة,أول,33.515777,36.30181,438,متوسطة,property_images/duplex_interior.jpg,property_images/apartment_street.jpg|property_images/building_new_construction.jpg|property_images/apartment_interior.jpg
1038,منزل في الحريقة,"منزل سكني عائلي في حي الحريقة - مساحة 136 م² - 3 غرف, 3 حمامات. الحالة: ممتاز. الملكية: بدون أوراق. الطابق: أول. المميزات: بلكونة, شبابيك دبل غلاس, كهرباء دولة, مرآب, غاز مركزي",68900,الحريقة,136,3,3,منزل,ممتاز,"بلكونة, شبابيك دبل غلاس, كهرباء دولة, مرآب, غاز مركزي",2025-12-07,بائع_33,997352232,ماروتا سيتي,بدون أوراق,طاقة شمسية,أول,33.514879,36.304256,507,متوسطة,property_images/townhouse.jpg,property_images/bedroom.jpg|property_images/villa_modern.jpg|property_images/apartment_economy.jpg
1039,شقة في الحريقة,"شقة سكنية في بناء سكني في حي الحريقة - مساحة 123 م² - 1 غرف, 2 حمامات. الحالة: مقبول. الملكية: طابو أخضر. الطابق: أرضي. المميزات: مرآب, شارع رئيسي, حارس أمن, بئر مياه خاص, حديقة",55100,الحريقة,123,1,2,شقة,مقبول,"مرآب, شارع رئيسي, حارس أمن, بئر مياه خاص, حديقة",2026-04-23,بائع_229,992798914,دوشيش,طابو أخضر,غير محدد,أرضي,33.51698,36.301566,448,متوسطة,property_images/apartment_interior.jpg,property_images/villa_interior.jpg|property_images/building_new_construction.jpg|property_images/apartment_modern.jpg
1040,شقة في الحريقة,"شقة سكنية في بناء سكني في حي الحريقة - مساحة 138 م² - 3 غرف, 1 حمامات. الحالة: ممتاز. الملكية: طابو أخضر. الطابق: ثالث. المميزات: قرب مدرسة, موقف سيارات, قرب مستشفى, كهرباء دولة, مصعد, حديقة",84700,الحريقة,138,3,1,شقة,ممتاز,"قرب مدرسة, موقف سيارات, قرب مستشفى, كهرباء دولة, مصعد, حديقة",2026-02-13,بائع_89,935367933,إكار,طابو أخضر,غير محدد,ثالث,33.5137,36.302168,614,متوسطة,property_images/apartment_modern.jpg,property_images/house_traditional.jpg|property_images/apartment_interior.jpg|property_images/apartment_luxury.jpg
1041,بيت في الحريقة,"بيت سكني تقليدي في حي الحريقة - مساحة 110 م² - 3 غرف, 2 حمامات. الحالة: جديد. الملكية: حكم محكمة. الطابق: ثالث. المميزات: إطلالة مفتوحة, شقة مفروشة, أبواب حديدية, طاقة شمسية, موقف سيارات",80300,الحريقة,110,3,2,بيت,جديد,"إطلالة مفتوحة, شقة مفروشة, أبواب حديدية, طاقة شمسية, موقف سيارات",2026-04-05,بائع_213,978732277,إكار,حكم محكمة,كهرباء دولة,ثالث,33.514463,36.298327,730,متوسطة,property_images/building_needs_renovation.jpg,property_images/apartment_kitchen.jpg|property_images/apartment_luxury.jpg|property_images/villa_interior.jpg
1042,بيت قديم في الحريقة,"بيت تراثي دمشقي قديم في حي الحريقة - مساحة 84 م² - 2 غرف, 1 حمامات. الحالة: كالجديد. الملكية: بدون أوراق. الطابق: أول. المميزات: أبواب حديدية, بئر مياه خاص, تدفئة مركزية",41000,الحريقة,84,2,1,بيت قديم,كالجديد,"أبواب حديدية, بئر مياه خاص, تدفئة مركزية",2026-03-07,بائع_90,971558116,بيوتنا,بدون أوراق,"كهرباء دولة, طاقة شمسية",أول,33.514405,36.301507,488,متوسطة,property_images/house_traditional.jpg,property_images/building_needs_renovation.jpg|property_images/apartment_economy.jpg|property_images/apartment_modern.jpg
1043,شقة في الحريقة,"شقة سكنية في بناء سكني في حي الحريقة - مساحة 154 م² - 3 غرف, 1 حمامات. الحالة: جيد. الملكية: سجل عقاري. الطابق: ثاني. المميزات: شبابيك دبل غلاس, مصعد, موقف سيارات, كهرباء دولة, بلكونة, مرآب",76500,الحريقة,154,3,1,شقة,جيد,"شبابيك دبل غلاس, مصعد, موقف سيارات, كهرباء دولة, بلكونة, مرآب",2025-12-25,بائع_236,999985261,بيوتنا,سجل عقاري,كهرباء دولة,ثاني,33.511914,36.301679,497,متوسطة,property_images/apartment_street.jpg,property_images/building_needs_renovation.jpg|property_images/apartment_interior.jpg|property_images/apartment_modern.jpg
1044,شقة في الحريقة,"شقة سكنية في بناء سكني في حي الحريقة - مساحة 103 م² - 1 غرف, 2 حمامات. الحالة: ممتاز. الملكية: كاتب عدل. الطابق: ثالث. المميزات: قرب مدرسة, موقف سيارات",53300,الحريقة,103,1,2,شقة,ممتاز,"قرب مدرسة, موقف سيارات",2025-11-29,بائع_293,995724399,إكار,كاتب عدل,كهرباء دولة,ثالث,33.514649,36.302983,517,متوسطة,property_images/apartment_economy.jpg,property_images/villa_interior.jpg|property_images/duplex_interior.jpg|property_images/building_needs_renovation.jpg
1045,محل تجاري في الحريقة,"محل تجاري أو مكتب في حي الحريقة - مساحة 59 م², 1 حمامات. الحالة: مقبول. الملكية: سجل عقاري. الطابق: ثاني. المميزات: شبابيك دبل غلاس, مصعد",36600,الحريقة,59,0,1,محل تجاري,مقبول,"شبابيك دبل غلاس, مصعد",2025-12-06,بائع_149,995132019,ماروتا سيتي,سجل عقاري,غير محدد,ثاني,33.518627,36.301314,620,متوسطة,property_images/building_new_construction.jpg,property_images/apartment_modern.jpg|property_images/townhouse.jpg|property_images/building_needs_renovation.jpg
1046,محل تجاري في الحريقة,"محل تجاري أو مكتب في حي الحريقة - مساحة 66 م² - 1 غرف, 1 حمامات. الحالة: جديد. الملكية: سجل عقاري. الطابق: أول. المميزات: قرب مدرسة, مكيف, بلكونة, حارس أمن",52800,الحريقة,66,1,1,محل تجاري,جديد,"قرب مدرسة, مكيف, بلكونة, حارس أمن",2025-12-23,بائع_263,959698828,دوشيش,سجل عقاري,غير محدد,أول,33.513307,36.30083,800,متوسطة,property_images/building_new_construction.jpg,property_images/townhouse.jpg|property_images/villa_interior.jpg|property_images/villa_modern.jpg
1047,مكتب في الحريقة,"مكتب تجاري في حي الحريقة - مساحة 45 م², 1 حمامات. الحالة: ممتاز. الملكية: بدون أوراق. الطابق: ثاني. المميزات: مصعد, كهرباء دولة",27000,الحريقة,45,0,1,مكتب,ممتاز,"مصعد, كهرباء دولة",2026-01-04,بائع_48,953983025,بيوتنا,بدون أوراق,كهرباء دولة,ثاني,33.519698,36.300568,600,متوسطة,property_images/apartment_modern.jpg,property_images/apartment_modern.jpg|property_images/apartment_interior.jpg|property_images/building_new_construction.jpg
1048,شقة في المزرعة,"شقة سكنية في بناء سكني في حي المزرعة - مساحة 105 م² - 1 غرف, 1 حمامات. الحالة: جديد. الملكية: حكم محكمة. الطابق: رابع. المميزات: شقة مفروشة, أبواب حديدية, قرب مستشفى",118300,المزرعة,105,1,1,شقة,جديد,"شقة مفروشة, أبواب حديدية, قرب مستشفى",2026-01-17,بائع_287,994257744,دوشيش,حكم محكمة,غير محدد,رابع,33.507792,36.280527,1127,متوسطة,property_images/apartment_luxury.jpg,property_images/townhouse.jpg|property_images/apartment_street.jpg|property_images/duplex_interior.jpg
1049,بيت قديم في المزرعة,"بيت تراثي دمشقي قديم في حي المزرعة - مساحة 144 م² - 4 غرف, 2 حمامات. الحالة: ممتاز. الملكية: بدون أوراق. الطابق: ملحق. المميزات: كهرباء دولة, تدفئة مركزية",50500,المزرعة,144,4,2,بيت قديم,ممتاز,"كهرباء دولة, تدفئة مركزية",2026-02-28,بائع_46,984217957,بيوت شام,بدون أوراق,كهرباء دولة,ملحق,33.502226,36.279008,351,متوسطة,property_images/house_traditional.jpg,property_images/apartment_economy.jpg|property_images/building_new_construction.jpg|property_images/townhouse.jpg
1050,منزل في المزرعة,"منزل سكني عائلي في حي المزرعة - مساحة 209 م² - 3 غرف, 1 حمامات. الحالة: جيد. الملكية: حكم محكمة. الطابق: ملحق. المميزات: بئر مياه خاص, قرب مدرسة, إطلالة مفتوحة, طاقة شمسية, حديقة",120800,المزرعة,209,3,1,منزل,جيد,"بئر مياه خاص, قرب مدرسة, إطلالة مفتوحة, طاقة شمسية, حديقة",2026-01-08,بائع_298,980290552,بيوت شام,حكم محكمة,"كهرباء دولة, طاقة شمسية",ملحق,33.500985,36.281142,578,متوسطة,property_images/house_traditional.jpg,property_images/building_needs_renovation.jpg|property_images/apartment_modern.jpg|property_images/apartment_street.jpg
1051,بيت في المزرعة,"بيت سكني تقليدي في حي المزرعة - مساحة 117 م² - 3 غرف, 2 حمامات. الحالة: مقبول. الملكية: بدون أوراق. الطابق: أرضي. المميزات: غاز مركزي, شارع رئيسي, قرب مدرسة, طاقة شمسية, كهرباء دولة, مرآب",45900,المزرعة,117,3,2,بيت,مقبول,"غاز مركزي, شارع رئيسي, قرب مدرسة, طاقة شمسية, كهرباء دولة, مرآب",2026-03-28,بائع_34,986112179,بيوتنا,بدون أوراق,كهرباء دولة,أرضي,33.505029,36.278061,392,متوسطة,property_images/building_needs_renovation.jpg,property_images/apartment_economy.jpg|property_images/apartment_interior.jpg|property_images/building_needs_renovation.jpg
1052,منزل في المزرعة,"منزل سكني عائلي في حي المزرعة - مساحة 164 م² - 4 غرف, 3 حمامات. الحالة: كالجديد. الملكية: طابو أخضر. الطابق: ملحق. المميزات: شارع رئيسي, مرآب, كهرباء دولة",151200,المزرعة,164,4,3,منزل,كالجديد,"شارع رئيسي, مرآب, كهرباء دولة",2025-12-10,بائع_114,964660591,دوشيش,طابو أخضر,"كهرباء دولة, طاقة شمسية",ملحق,33.507988,36.274291,922,متوسطة,property_images/house_traditional.jpg,property_images/apartment_luxury.jpg|property_images/duplex_interior.jpg|property_images/bedroom.jpg
1053,منزل في المزرعة,"منزل سكني عائلي في حي المزرعة - مساحة 121 م² - 5 غرف, 1 حمامات. الحالة: جيد. الملكية: حكم محكمة. الطابق: أول. المميزات: غاز مركزي, أبواب حديدية, مكيف, شقة مفروشة",77900,المزرعة,121,5,1,منزل,جيد,"غاز مركزي, أبواب حديدية, مكيف, شقة مفروشة",2026-04-30,بائع_33,941414467,سوق.كوم,حكم محكمة,طاقة شمسية,أول,33.506487,36.278924,644,متوسطة,property_images/house_traditional.jpg,property_images/apartment_economy.jpg|property_images/apartment_interior.jpg|property_images/building_needs_renovation.jpg
1054,شقة في المزرعة,"شقة سكنية في بناء سكني في حي المزرعة - مساحة 147 م² - 2 غرف, 2 حمامات. الحالة: مقبول. الملكية: حكم محكمة. الطابق: ثالث. المميزات: شارع رئيسي, بلكونة, أثاث, مرآب, حارس أمن, طاقة شمسية",71600,المزرعة,147,2,2,شقة,مقبول,"شارع رئيسي, بلكونة, أثاث, مرآب, حارس أمن, طاقة شمسية",2026-05-05,بائع_175,953360702,سوق.كوم,حكم محكمة,كهرباء دولة,ثالث,33.507091,36.281117,487,متوسطة,property_images/apartment_luxury.jpg,property_images/duplex_interior.jpg|property_images/house_traditional.jpg|property_images/apartment_economy.jpg
1055,مكتب في المزرعة,"مكتب تجاري في حي المزرعة - مساحة 92 م², 1 حمامات. الحالة: ممتاز. الملكية: سجل عقاري. الطابق: أول. المميزات: مصعد, بلكونة, إنترنت, كهرباء دولة",87600,المزرعة,92,0,1,مكتب,ممتاز,"مصعد, بلكونة, إنترنت, كهرباء دولة",2025-11-29,بائع_50,984433325,إمتلاك,سجل عقاري,"كهرباء دولة, طاقة شمسية",أول,33.507649,36.276392,952,متوسطة,property_images/apartment_modern.jpg,property_images/villa_interior.jpg|property_images/apartment_interior.jpg|property_images/building_needs_renovation.jpg
1056,شقة في المزرعة,"شقة سكنية في بناء سكني في حي المزرعة - مساحة 55 م² - 1 غرف, 2 حمامات. الحالة: كالجديد. الملكية: طابو نظامي. الطابق: ثاني. المميزات: موقف سيارات, أبواب حديدية, إطلالة مفتوحة, شارع رئيسي, شقة مفروشة",69700,المزرعة,55,1,2,شقة,كالجديد,"موقف سيارات, أبواب حديدية, إطلالة مفتوحة, شارع رئيسي, شقة مفروشة",2025-12-10,بائع_280,935673261,إكار,طابو نظامي,غير محدد,ثاني,33.506989,36.282357,1267,متوسطة,property_images/apartment_modern.jpg,property_images/apartment_economy.jpg|property_images/bedroom.jpg|property_images/building_needs_renovation.jpg
1057,مكتب في المزرعة,"مكتب تجاري في حي المزرعة - مساحة 27 م², 1 حمامات. الحالة: جيد. الملكية: كاتب عدل. الطابق: أول. المميزات: مكيف, حارس أمن, كهرباء دولة, موقف سيارات, شبابيك دبل غلاس, قرب مستشفى",27800,المزرعة,27,0,1,مكتب,جيد,"مكيف, حارس أمن, كهرباء دولة, موقف سيارات, شبابيك دبل غلاس, قرب مستشفى",2026-03-09,بائع_168,953513683,إمتلاك,كاتب عدل,كهرباء دولة,أول,33.510738,36.280839,1030,متوسطة,property_images/apartment_interior.jpg,property_images/duplex_interior.jpg|property_images/apartment_economy.jpg|property_images/building_needs_renovation.jpg
1058,شقة في المزرعة,"شقة سكنية في بناء سكني في حي المزرعة - مساحة 129 م² - 2 غرف, 2 حمامات. الحالة: ممتاز. الملكية: سجل عقاري. الطابق: أول. المميزات: قرب مدرسة, شبابيك دبل غلاس, بئر مياه خاص, شقة مفروشة, غاز مركزي, قرب مستشفى",122700,المزرعة,129,2,2,شقة,ممتاز,"قرب مدرسة, شبابيك دبل غلاس, بئر مياه خاص, شقة مفروشة, غاز مركزي, قرب مستشفى",2026-02-14,بائع_26,944230145,إكار,سجل عقاري,كهرباء دولة,أول,33.503858,36.282711,951,متوسطة,property_images/apartment_kitchen.jpg,property_images/bedroom.jpg|property_images/townhouse.jpg|property_images/duplex_interior.jpg
1059,شقة في المزرعة,"شقة سكنية في بناء سكني في حي المزرعة - مساحة 98 م² - 4 غرف, 2 حمامات. الحالة: جيد. الملكية: طابو أخضر. الطابق: أول. المميزات: غاز مركزي, تدفئة مركزية, إنترنت",96200,المزرعة,98,4,2,شقة,جيد,"غاز مركزي, تدفئة مركزية, إنترنت",2025-11-12,بائع_32,959972964,إكار,طابو أخضر,"كهرباء دولة, طاقة شمسية",أول,33.503874,36.277641,982,متوسطة,property_images/apartment_interior.jpg,property_images/building_new_construction.jpg|property_images/apartment_street.jpg|property_images/villa_interior.jpg
1060,منزل في المزرعة,"منزل سكني عائلي في حي المزرعة - مساحة 224 م² - 3 غرف, 2 حمامات. الحالة: مقبول. الملكية: كاتب عدل. الطابق: ملحق. المميزات: طاقة شمسية, مرآب, مكيف, حارس أمن",147600,المزرعة,224,3,2,منزل,مقبول,"طاقة شمسية, مرآب, مكيف, حارس أمن",2025-12-03,بائع_29,978609092,سوق.كوم,كاتب عدل,"كهرباء دولة, طاقة شمسية",ملحق,33.509907,36.279844,659,متوسطة,property_images/townhouse.jpg,property_images/apartment_interior.jpg|property_images/bedroom.jpg|property_images/townhouse.jpg
1061,شقة في المزرعة,"شقة سكنية في بناء سكني في حي المزرعة - مساحة 55 م² - 1 غرف, 1 حمامات. الحالة: جيد. الملكية: حكم محكمة. الطابق: أرضي. المميزات: شقة مفروشة, قرب مستشفى, كهرباء دولة, بلكونة",54800,المزرعة,55,1,1,شقة,جيد,"شقة مفروشة, قرب مستشفى, كهرباء دولة, بلكونة",2026-01-29,بائع_141,985552292,دوشيش,حكم محكمة,كهرباء دولة,أرضي,33.50582,36.281397,996,متوسطة,property_images/apartment_interior.jpg,property_images/apartment_interior.jpg|property_images/townhouse.jpg|property_images/apartment_street.jpg
1062,منزل في المزرعة,"منزل سكني عائلي في حي المزرعة - مساحة 161 م² - 3 غرف, 1 حمامات. الحالة: ممتاز. الملكية: سجل عقاري. الطابق: أول. المميزات: حديقة, مرآب, إنترنت, أبواب حديدية",104000,المزرعة,161,3,1,منزل,ممتاز,"حديقة, مرآب, إنترنت, أبواب حديدية",2025-12-10,بائع_231,969905312,بيوت شام,سجل عقاري,كهرباء دولة,أول,33.507329,36.284392,646,متوسطة,property_images/townhouse.jpg,property_images/villa_interior.jpg|property_images/villa_modern.jpg|property_images/apartment_luxury.jpg
1063,مكتب في المزرعة,"مكتب تجاري في حي المزرعة - مساحة 64 م², 1 حمامات. الحالة: كالجديد. الملكية: سجل عقاري. الطابق: أول. المميزات: مكيف, طاقة شمسية, إنترنت, كهرباء دولة, غاز مركزي",72800,المزرعة,64,0,1,مكتب,كالجديد,"مكيف, طاقة شمسية, إنترنت, كهرباء دولة, غاز مركزي",2026-03-19,بائع_215,973834630,بيوت شام,سجل عقاري,غير محدد,أول,33.509151,36.280421,1138,متوسطة,property_images/apartment_interior.jpg,property_images/building_needs_renovation.jpg|property_images/bedroom.jpg|property_images/house_traditional.jpg
1064,شقة في المزرعة,"شقة سكنية في بناء سكني في حي المزرعة - مساحة 127 م² - 3 غرف, 1 حمامات. الحالة: ممتاز. الملكية: طابو نظامي. الطابق: ثاني. المميزات: مصعد, مرآب",101200,المزرعة,127,3,1,شقة,ممتاز,"مصعد, مرآب",2026-03-28,بائع_151,953899053,ماروتا سيتي,طابو نظامي,طاقة شمسية,ثاني,33.507468,36.282071,797,متوسطة,property_images/apartment_interior.jpg,property_images/apartment_street.jpg|property_images/apartment_luxury.jpg|property_images/bedroom.jpg
1065,منزل في المزرعة,"منزل سكني عائلي في حي المزرعة - مساحة 122 م² - 5 غرف, 2 حمامات. الحالة: يحتاج ترميم. الملكية: سجل عقاري. الطابق: أرضي. المميزات: مكيف, حديقة, موقف سيارات, غاز مركزي, مصعد",90300,المزرعة,122,5,2,منزل,يحتاج ترميم,"مكيف, حديقة, موقف سيارات, غاز مركزي, مصعد",2026-04-10,بائع_48,977993163,إكار,سجل عقاري,"كهرباء دولة, طاقة شمسية",أرضي,33.506817,36.278224,740,متوسطة,property_images/duplex_interior.jpg,property_images/apartment_luxury.jpg|property_images/apartment_street.jpg|property_images/house_traditional.jpg
1066,بيت عربي في المزرعة,"بيت عربي بقاعة داخلية واسعة في حي المزرعة - مساحة 229 م² - 5 غرف, 1 حمامات. الحالة: ممتاز. الملكية: كاتب عدل. الطابق: أرضي. المميزات: قرب مدرسة, مصعد",185500,المزرعة,229,5,1,بيت عربي,ممتاز,"قرب مدرسة, مصعد",2026-01-24,بائع_247,993685975,بيوتنا,كاتب عدل,كهرباء دولة,أرضي,33.508519,36.279416,810,متوسطة,property_images/duplex_interior.jpg,property_images/townhouse.jpg|property_images/building_new_construction.jpg|property_images/duplex_interior.jpg
1067,شقة في المزرعة,"شقة سكنية في بناء سكني في حي المزرعة - مساحة 117 م² - 3 غرف, 2 حمامات. الحالة: جديد. الملكية: حكم محكمة. الطابق: ثاني. المميزات: كهرباء دولة, شبابيك دبل غلاس",145500,المزرعة,117,3,2,شقة,جديد,"كهرباء دولة, شبابيك دبل غلاس",2026-02-27,بائع_85,984179838,بيوتنا,حكم محكمة,غير محدد,ثاني,33.507582,36.276009,1244,متوسطة,property_images/apartment_economy.jpg,property_images/apartment_economy.jpg|property_images/building_needs_renovation.jpg|property_images/villa_modern.jpg
1068,بيت قديم في المزرعة,"بيت تراثي دمشقي قديم في حي المزرعة - مساحة 60 م² - 4 غرف, 2 حمامات. الحالة: يحتاج ترميم. الملكية: طابو أخضر. الطابق: أول. المميزات: أبواب حديدية, حديقة, طاقة شمسية",34200,المزرعة,60,4,2,بيت قديم,يحتاج ترميم,"أبواب حديدية, حديقة, طاقة شمسية",2026-01-27,بائع_273,936583607,إكار,طابو أخضر,كهرباء دولة,أول,33.506736,36.278953,570,متوسطة,property_images/house_traditional.jpg,property_images/apartment_kitchen.jpg|property_images/villa_modern.jpg|property_images/building_new_construction.jpg
1069,شقة في المزرعة,"شقة سكنية في بناء سكني في حي المزرعة - مساحة 72 م² - 3 غرف, 1 حمامات. الحالة: مقبول. الملكية: طابو أخضر. الطابق: ملحق. المميزات: مكيف, حارس أمن, قرب مدرسة, طاقة شمسية",44900,المزرعة,72,3,1,شقة,مقبول,"مكيف, حارس أمن, قرب مدرسة, طاقة شمسية",2026-02-26,بائع_25,934808649,دوشيش,طابو أخضر,"كهرباء دولة, طاقة شمسية",ملحق,33.502956,36.279797,624,متوسطة,property_images/apartment_kitchen.jpg,property_images/apartment_luxury.jpg|property_images/apartment_modern.jpg|property_images/apartment_interior.jpg
1070,شقة في المزرعة,"شقة سكنية في بناء سكني في حي المزرعة - مساحة 99 م² - 4 غرف, 2 حمامات. الحالة: جيد. الملكية: طابو نظامي. الطابق: ثاني. المميزات: أثاث, موقف سيارات, حارس أمن",73100,المزرعة,99,4,2,شقة,جيد,"أثاث, موقف سيارات, حارس أمن",2026-01-11,بائع_147,998744640,ماروتا سيتي,طابو نظامي,طاقة شمسية,ثاني,33.506864,36.280728,738,متوسطة,property_images/apartment_interior.jpg,property_images/apartment_luxury.jpg|property_images/villa_interior.jpg|property_images/apartment_street.jpg
1071,بيت قديم في المزرعة,"بيت تراثي دمشقي قديم في حي المزرعة - مساحة 173 م² - 4 غرف, 1 حمامات. الحالة: يحتاج ترميم. الملكية: حكم محكمة. الطابق: ملحق. المميزات: شبابيك دبل غلاس, غاز مركزي, أثاث, طاقة شمسية, بئر مياه خاص",57800,المزرعة,173,4,1,بيت قديم,يحتاج ترميم,"شبابيك دبل غلاس, غاز مركزي, أثاث, طاقة شمسية, بئر مياه خاص",2025-12-31,بائع_87,933300936,ماروتا سيتي,حكم محكمة,غير محدد,ملحق,33.509319,36.281946,334,متوسطة,property_images/building_needs_renovation.jpg,property_images/villa_interior.jpg|property_images/apartment_luxury.jpg|property_images/duplex_interior.jpg
1072,محل تجاري في المزرعة,"محل تجاري أو مكتب في حي المزرعة - مساحة 40 م², 1 حمامات. الحالة: جيد. الملكية: حكم محكمة. الطابق: ثاني. المميزات: مصعد, قرب مدرسة, تدفئة مركزية, موقف سيارات",40800,المزرعة,40,0,1,محل تجاري,جيد,"مصعد, قرب مدرسة, تدفئة مركزية, موقف سيارات",2026-04-25,بائع_131,972849478,إمتلاك,حكم محكمة,غير محدد,ثاني,33.506085,36.280371,1020,متوسطة,property_images/building_new_construction.jpg,property_images/apartment_interior.jpg|property_images/apartment_modern.jpg|property_images/apartment_luxury.jpg
1073,شقة في المزرعة,"شقة سكنية في بناء سكني في حي المزرعة - مساحة 172 م² - 2 غرف, 2 حمامات. الحالة: ممتاز. الملكية: بدون أوراق. الطابق: رابع. المميزات: شقة مفروشة, مكيف, كهرباء دولة, طاقة شمسية, حديقة, قرب مدرسة",141700,المزرعة,172,2,2,شقة,ممتاز,"شقة مفروشة, مكيف, كهرباء دولة, طاقة شمسية, حديقة, قرب مدرسة",2025-11-07,بائع_54,995172481,إمتلاك,بدون أوراق,كهرباء دولة,رابع,33.508017,36.279139,824,متوسطة,property_images/apartment_street.jpg,property_images/duplex_interior.jpg|property_images/building_needs_renovation.jpg|property_images/apartment_modern.jpg
1074,محل تجاري في المزرعة,"محل تجاري أو مكتب في حي المزرعة - مساحة 30 م², 1 حمامات. الحالة: ممتاز. الملكية: سجل عقاري. الطابق: ثاني. المميزات: بلكونة, كهرباء دولة, إطلالة مفتوحة, قرب مستشفى",31500,المزرعة,30,0,1,محل تجاري,ممتاز,"بلكونة, كهرباء دولة, إطلالة مفتوحة, قرب مستشفى",2026-01-16,بائع_28,998320479,ماروتا سيتي,سجل عقاري,طاقة شمسية,ثاني,33.509413,36.276946,1050,متوسطة,property_images/building_new_construction.jpg,property_images/building_needs_renovation.jpg|property_images/house_traditional.jpg|property_images/apartment_modern.jpg
1075,منزل في المزرعة,"منزل سكني عائلي في حي المزرعة - مساحة 112 م² - 3 غرف, 2 حمامات. الحالة: ممتاز. الملكية: طابو أخضر. الطابق: ملحق. المميزات: حارس أمن, مصعد, حديقة, طاقة شمسية, شارع رئيسي, مكيف",108600,المزرعة,112,3,2,منزل,ممتاز,"حارس أمن, مصعد, حديقة, طاقة شمسية, شارع رئيسي, مكيف",2025-11-17,بائع_131,998871061,دوشيش,طابو أخضر,كهرباء دولة,ملحق,33.505031,36.278415,970,متوسطة,property_images/townhouse.jpg,property_images/apartment_luxury.jpg|property_images/bedroom.jpg|property_images/villa_interior.jpg
1076,بيت عربي في المزرعة,"بيت عربي بقاعة داخلية واسعة في حي المزرعة - مساحة 158 م² - 3 غرف, 3 حمامات. الحالة: جيد. الملكية: سجل عقاري. الطابق: أرضي. المميزات: تدفئة مركزية, بئر مياه خاص, حديقة, أبواب حديدية, مكيف, قرب مدرسة",91000,المزرعة,158,3,3,بيت عربي,جيد,"تدفئة مركزية, بئر مياه خاص, حديقة, أبواب حديدية, مكيف, قرب مدرسة",2026-03-31,بائع_130,978343847,سوق.كوم,سجل عقاري,كهرباء دولة,أرضي,33.505052,36.281407,576,متوسطة,property_images/house_traditional.jpg,property_images/apartment_street.jpg|property_images/building_needs_renovation.jpg|property_images/townhouse.jpg
1077,بيت عربي في المزرعة,"بيت عربي بقاعة داخلية واسعة في حي المزرعة - مساحة 114 م² - 5 غرف, 3 حمامات. الحالة: مقبول. الملكية: بدون أوراق. الطابق: ملحق. المميزات: بلكونة, كهرباء دولة, مكيف, أثاث",41800,المزرعة,114,5,3,بيت عربي,مقبول,"بلكونة, كهرباء دولة, مكيف, أثاث",2026-03-25,بائع_267,960349841,إكار,بدون أوراق,غير محدد,ملحق,33.50574,36.281464,367,متوسطة,property_images/duplex_interior.jpg,property_images/building_needs_renovation.jpg|property_images/villa_interior.jpg|property_images/apartment_interior.jpg
1078,بيت عربي في المزرعة,"بيت عربي بقاعة داخلية واسعة في حي المزرعة - مساحة 170 م² - 5 غرف, 1 حمامات. الحالة: كالجديد. الملكية: طابو أخضر. الطابق: ملحق. المميزات: بلكونة, قرب مستشفى, أثاث, شارع رئيسي, شقة مفروشة",153500,المزرعة,170,5,1,بيت عربي,كالجديد,"بلكونة, قرب مستشفى, أثاث, شارع رئيسي, شقة مفروشة",2025-12-14,بائع_109,951252783,سوق.كوم,طابو أخضر,غير محدد,ملحق,33.507089,36.276509,903,متوسطة,property_images/duplex_interior.jpg,property_images/building_new_construction.jpg|property_images/apartment_economy.jpg|property_images/apartment_luxury.jpg
1079,شقة في المزرعة,"شقة سكنية في بناء سكني في حي المزرعة - مساحة 137 م² - 2 غرف, 1 حمامات. الحالة: كالجديد. الملكية: طابو أخضر. الطابق: سادس. المميزات: موقف سيارات, شقة مفروشة",160900,المزرعة,137,2,1,شقة,كالجديد,"موقف سيارات, شقة مفروشة",2026-04-24,بائع_16,995982140,إمتلاك,طابو أخضر,كهرباء دولة,سادس,33.506181,36.282012,1174,متوسطة,property_images/apartment_modern.jpg,property_images/villa_interior.jpg|property_images/house_traditional.jpg|property_images/apartment_economy.jpg
1080,بيت في المزرعة,"بيت سكني تقليدي في حي المزرعة - مساحة 76 م² - 3 غرف, 2 حمامات. الحالة: مقبول. الملكية: بدون أوراق. الطابق: ثالث. المميزات: حارس أمن, مصعد, قرب مدرسة, موقف سيارات, بئر مياه خاص",45100,المزرعة,76,3,2,بيت,مقبول,"حارس أمن, مصعد, قرب مدرسة, موقف سيارات, بئر مياه خاص",2026-02-21,بائع_32,960679896,بيوت شام,بدون أوراق,كهرباء دولة,ثالث,33.507309,36.279327,593,متوسطة,property_images/house_traditional.jpg,property_images/building_needs_renovation.jpg|property_images/house_traditional.jpg|property_images/townhouse.jpg
1081,مكتب في المزرعة,"مكتب تجاري في حي المزرعة - مساحة 54 م², 1 حمامات. الحالة: جيد. الملكية: حكم محكمة. الطابق: أرضي. المميزات: شقة مفروشة, تدفئة مركزية, أبواب حديدية, كهرباء دولة, مرآب, مكيف",49800,المزرعة,54,0,1,مكتب,جيد,"شقة مفروشة, تدفئة مركزية, أبواب حديدية, كهرباء دولة, مرآب, مكيف",2025-12-06,بائع_162,942136563,سوق.كوم,حكم محكمة,كهرباء دولة,أرضي,33.509441,36.277847,922,متوسطة,property_images/apartment_modern.jpg,property_images/villa_interior.jpg|property_images/apartment_street.jpg|property_images/house_traditional.jpg
1082,شقة في المزرعة,"شقة سكنية في بناء سكني في حي المزرعة - مساحة 93 م² - 4 غرف, 1 حمامات. الحالة: مقبول. الملكية: طابو أخضر. الطابق: خامس. المميزات: إنترنت, كهرباء دولة",86200,المزرعة,93,4,1,شقة,مقبول,"إنترنت, كهرباء دولة",2026-01-13,بائع_39,972120494,إمتلاك,طابو أخضر,غير محدد,خامس,33.505809,36.281801,927,متوسطة,property_images/apartment_economy.jpg,property_images/villa_modern.jpg|property_images/apartment_street.jpg|property_images/building_new_construction.jpg
1083,شقة في المزرعة,"شقة سكنية في بناء سكني في حي المزرعة - مساحة 179 م² - 4 غرف, 2 حمامات. الحالة: ممتاز. الملكية: كاتب عدل. الطابق: خامس. المميزات: موقف سيارات, شارع رئيسي, مصعد, غاز مركزي",157500,المزرعة,179,4,2,شقة,ممتاز,"موقف سيارات, شارع رئيسي, مصعد, غاز مركزي",2026-04-12,بائع_116,966101662,ماروتا سيتي,كاتب عدل,"كهرباء دولة, طاقة شمسية",خامس,33.508363,36.277693,880,متوسطة,property_images/bedroom.jpg,property_images/apartment_kitchen.jpg|property_images/bedroom.jpg|property_images/apartment_economy.jpg
1084,منزل في المزرعة,"منزل سكني عائلي في حي المزرعة - مساحة 193 م² - 4 غرف, 3 حمامات. الحالة: ممتاز. الملكية: سجل عقاري. الطابق: أول. المميزات: تدفئة مركزية, شقة مفروشة, مصعد, إنترنت, أثاث",180600,المزرعة,193,4,3,منزل,ممتاز,"تدفئة مركزية, شقة مفروشة, مصعد, إنترنت, أثاث",2025-12-15,بائع_73,978660249,إمتلاك,سجل عقاري,"كهرباء دولة, طاقة شمسية",أول,33.507946,36.278709,936,متوسطة,property_images/townhouse.jpg,property_images/apartment_kitchen.jpg|property_images/apartment_street.jpg|property_images/villa_modern.jpg
1085,منزل في المزرعة,"منزل سكني عائلي في حي المزرعة - مساحة 85 م² - 5 غرف, 1 حمامات. الحالة: جيد. الملكية: طابو أخضر. الطابق: أول. المميزات: طاقة شمسية, قرب مدرسة, مرآب, إطلالة مفتوحة, شقة مفروشة, حارس أمن",79200,المزرعة,85,5,1,منزل,جيد,"طاقة شمسية, قرب مدرسة, مرآب, إطلالة مفتوحة, شقة مفروشة, حارس أمن",2025-11-22,بائع_249,939481770,سوق.كوم,طابو أخضر,كهرباء دولة,أول,33.502873,36.279365,932,متوسطة,property_images/townhouse.jpg,property_images/bedroom.jpg|property_images/apartment_luxury.jpg|property_images/townhouse.jpg
1086,شقة في المزرعة,"شقة سكنية في بناء سكني في حي المزرعة - مساحة 152 م² - 4 غرف, 1 حمامات. الحالة: جيد. الملكية: طابو أخضر. الطابق: أول. المميزات: شبابيك دبل غلاس, غاز مركزي, مصعد, طاقة شمسية, مكيف, قرب مستشفى",141300,المزرعة,152,4,1,شقة,جيد,"شبابيك دبل غلاس, غاز مركزي, مصعد, طاقة شمسية, مكيف, قرب مستشفى",2026-02-03,بائع_233,996705355,إكار,طابو أخضر,كهرباء دولة,أول,33.510897,36.28205,930,متوسطة,property_images/apartment_economy.jpg,property_images/villa_interior.jpg|property_images/duplex_interior.jpg|property_images/apartment_modern.jpg
1087,محل تجاري في المزرعة,"محل تجاري أو مكتب في حي المزرعة - مساحة 43 م², 1 حمامات. الحالة: كالجديد. الملكية: طابو أخضر. الطابق: ثاني. المميزات: إنترنت, مكيف, موقف سيارات, شبابيك دبل غلاس, شارع رئيسي, حديقة",54500,المزرعة,43,0,1,محل تجاري,كالجديد,"إنترنت, مكيف, موقف سيارات, شبابيك دبل غلاس, شارع رئيسي, حديقة",2026-01-08,بائع_250,988404912,إمتلاك,طابو أخضر,كهرباء دولة,ثاني,33.506905,36.276836,1267,متوسطة,property_images/building_new_construction.jpg,property_images/apartment_kitchen.jpg|property_images/building_new_construction.jpg|property_images/villa_interior.jpg
1088,شقة في المزرعة,"شقة سكنية في بناء سكني في حي المزرعة - مساحة 87 م² - 4 غرف, 1 حمامات. الحالة: جيد. الملكية: سجل عقاري. الطابق: ملحق. المميزات: حارس أمن, قرب مدرسة",66700,المزرعة,87,4,1,شقة,جيد,"حارس أمن, قرب مدرسة",2025-12-05,بائع_207,947556909,بيوت شام,سجل عقاري,"كهرباء دولة, طاقة شمسية",ملحق,33.502928,36.280095,767,متوسطة,property_images/apartment_economy.jpg,property_images/bedroom.jpg|property_images/duplex_interior.jpg|property_images/apartment_interior.jpg
1089,شقة في المزرعة,"شقة سكنية في بناء سكني في حي المزرعة - مساحة 111 م² - 3 غرف, 1 حمامات. الحالة: كالجديد. الملكية: بدون أوراق. الطابق: أول. المميزات: تدفئة مركزية, كهرباء دولة, إنترنت, إطلالة مفتوحة, مكيف",62600,المزرعة,111,3,1,شقة,كالجديد,"تدفئة مركزية, كهرباء دولة, إنترنت, إطلالة مفتوحة, مكيف",2026-02-19,بائع_191,992973924,ماروتا سيتي,بدون أوراق,طاقة شمسية,أول,33.507808,36.281432,564,متوسطة,property_images/apartment_street.jpg,property_images/villa_interior.jpg|property_images/apartment_kitchen.jpg|property_images/house_traditional.jpg
1090,شقة في المزرعة,"شقة سكنية في بناء سكني في حي المزرعة - مساحة 127 م² - 1 غرف, 1 حمامات. الحالة: ممتاز. الملكية: سجل عقاري. الطابق: أرضي. المميزات: إنترنت, أبواب حديدية, مصعد",113400,المزرعة,127,1,1,شقة,ممتاز,"إنترنت, أبواب حديدية, مصعد",2025-11-25,بائع_205,958838330,بيوت شام,سجل عقاري,طاقة شمسية,أرضي,33.508183,36.28136,893,متوسطة,property_images/apartment_interior.jpg,property_images/apartment_luxury.jpg|property_images/villa_interior.jpg|property_images/apartment_kitchen.jpg
1091,منزل في المزرعة,"منزل سكني عائلي في حي المزرعة - مساحة 173 م² - 3 غرف, 1 حمامات. الحالة: يحتاج ترميم. الملكية: سجل عقاري. الطابق: ملحق. المميزات: أبواب حديدية, بلكونة, شقة مفروشة, إطلالة مفتوحة",86100,المزرعة,173,3,1,منزل,يحتاج ترميم,"أبواب حديدية, بلكونة, شقة مفروشة, إطلالة مفتوحة",2026-02-23,بائع_3,937193280,دوشيش,سجل عقاري,غير محدد,ملحق,33.507553,36.282391,498,متوسطة,property_images/house_traditional.jpg,property_images/apartment_modern.jpg|property_images/house_traditional.jpg|property_images/villa_interior.jpg
1092,منزل في المزرعة,"منزل سكني عائلي في حي المزرعة - مساحة 133 م² - 3 غرف, 1 حمامات. الحالة: يحتاج ترميم. الملكية: كاتب عدل. الطابق: أول. المميزات: شبابيك دبل غلاس, طاقة شمسية, موقف سيارات, مكيف",106800,المزرعة,133,3,1,منزل,يحتاج ترميم,"شبابيك دبل غلاس, طاقة شمسية, موقف سيارات, مكيف",2025-12-18,بائع_192,930604858,سوق.كوم,كاتب عدل,كهرباء دولة,أول,33.505949,36.280065,803,متوسطة,property_images/house_traditional.jpg,property_images/apartment_street.jpg|property_images/apartment_kitchen.jpg|property_images/bedroom.jpg
1093,شقة في المزرعة,"شقة سكنية في بناء سكني في حي المزرعة - مساحة 96 م² - 1 غرف, 1 حمامات. الحالة: ممتاز. الملكية: حكم محكمة. الطابق: أرضي. المميزات: قرب مستشفى, إنترنت",95000,المزرعة,96,1,1,شقة,ممتاز,"قرب مستشفى, إنترنت",2026-04-08,بائع_45,970294961,دوشيش,حكم محكمة,غير محدد,أرضي,33.503516,36.278908,990,متوسطة,property_images/apartment_street.jpg,property_images/apartment_interior.jpg|property_images/duplex_interior.jpg|property_images/building_needs_renovation.jpg
1094,شقة في المزرعة,"شقة سكنية في بناء سكني في حي المزرعة - مساحة 81 م² - 2 غرف, 2 حمامات. الحالة: مقبول. الملكية: حكم محكمة. الطابق: ثالث. المميزات: قرب مستشفى, مكيف",61500,المزرعة,81,2,2,شقة,مقبول,"قرب مستشفى, مكيف",2026-01-15,بائع_161,931104827,دوشيش,حكم محكمة,كهرباء دولة,ثالث,33.508989,36.281292,759,متوسطة,property_images/bedroom.jpg,property_images/house_traditional.jpg|property_images/building_new_construction.jpg|property_images/duplex_interior.jpg
1095,شقة في المزرعة,"شقة سكنية في بناء سكني في حي المزرعة - مساحة 55 م² - 1 غرف, 2 حمامات. الحالة: جيد. الملكية: بدون أوراق. الطابق: سادس. المميزات: حديقة, بئر مياه خاص, طاقة شمسية, مكيف, شقة مفروشة, شبابيك دبل غلاس",50200,المزرعة,55,1,2,شقة,جيد,"حديقة, بئر مياه خاص, طاقة شمسية, مكيف, شقة مفروشة, شبابيك دبل غلاس",2026-01-20,بائع_177,946724089,بيوت شام,بدون أوراق,كهرباء دولة,سادس,33.507591,36.278447,913,متوسطة,property_images/bedroom.jpg,property_images/apartment_kitchen.jpg|property_images/apartment_street.jpg|property_images/duplex_interior.jpg
1096,شقة في المزرعة,"شقة سكنية في بناء سكني في حي المزرعة - مساحة 125 م² - 1 غرف, 1 حمامات. الحالة: جيد. الملكية: طابو أخضر. الطابق: أول. المميزات: أثاث, بئر مياه خاص, قرب مدرسة, موقف سيارات, شارع رئيسي",115900,المزرعة,125,1,1,شقة,جيد,"أثاث, بئر مياه خاص, قرب مدرسة, موقف سيارات, شارع رئيسي",2026-03-27,بائع_181,981332552,إمتلاك,طابو أخضر,"كهرباء دولة, طاقة شمسية",أول,33.505666,36.280396,927,متوسطة,property_images/bedroom.jpg,property_images/apartment_modern.jpg|property_images/bedroom.jpg|property_images/apartment_street.jpg
1097,شقة في المزرعة,"شقة سكنية في بناء سكني في حي المزرعة - مساحة 98 م² - 3 غرف, 2 حمامات. الحالة: جيد. الملكية: طابو نظامي. الطابق: سادس. المميزات: شقة مفروشة, طاقة شمسية, حديقة, مكيف",81400,المزرعة,98,3,2,شقة,جيد,"شقة مفروشة, طاقة شمسية, حديقة, مكيف",2026-02-25,بائع_280,985140808,إمتلاك,طابو نظامي,كهرباء دولة,سادس,33.505627,36.277135,831,متوسطة,property_images/apartment_economy.jpg,property_images/apartment_modern.jpg|property_images/house_traditional.jpg|property_images/villa_interior.jpg
1098,منزل في المزرعة,"منزل سكني عائلي في حي المزرعة - مساحة 166 م² - 4 غرف, 2 حمامات. الحالة: كالجديد. الملكية: سجل عقاري. الطابق: أرضي. المميزات: شقة مفروشة, أثاث, قرب مدرسة, بئر مياه خاص, بلكونة, حديقة",182600,المزرعة,166,4,2,منزل,كالجديد,"شقة مفروشة, أثاث, قرب مدرسة, بئر مياه خاص, بلكونة, حديقة",2025-11-25,بائع_153,981244598,إكار,سجل عقاري,كهرباء دولة,أرضي,33.50803,36.28164,1100,متوسطة,property_images/duplex_interior.jpg,property_images/bedroom.jpg|property_images/apartment_street.jpg|property_images/townhouse.jpg
1099,شقة في المزرعة,"شقة سكنية في بناء سكني في حي المزرعة - مساحة 131 م² - 4 غرف, 2 حمامات. الحالة: ممتاز. الملكية: سجل عقاري. الطابق: سابع. المميزات: غاز مركزي, إنترنت",112200,المزرعة,131,4,2,شقة,ممتاز,"غاز مركزي, إنترنت",2026-02-01,بائع_204,950315996,إكار,سجل عقاري,غير محدد,سابع,33.508679,36.277285,856,متوسطة,property_images/apartment_interior.jpg,property_images/apartment_kitchen.jpg|property_images/apartment_street.jpg|property_images/house_traditional.jpg
1100,شقة في المزرعة,"شقة سكنية في بناء سكني في حي المزرعة - مساحة 88 م² - 3 غرف, 2 حمامات. الحالة: مقبول. الملكية: حكم محكمة. الطابق: رابع. المميزات: تدفئة مركزية, أبواب حديدية",53600,المزرعة,88,3,2,شقة,مقبول,"تدفئة مركزية, أبواب حديدية",2025-12-03,بائع_53,959204574,سوق.كوم,حكم محكمة,غير محدد,رابع,33.50916,36.281886,609,متوسطة,property_images/bedroom.jpg,property_images/apartment_street.jpg|property_images/apartment_modern.jpg|property_images/villa_interior.jpg
1101,مكتب في المزرعة,"مكتب تجاري في حي المزرعة - مساحة 64 م², 1 حمامات. الحالة: جيد. الملكية: سجل عقاري. الطابق: أرضي. المميزات: إطلالة مفتوحة, مصعد",72100,المزرعة,64,0,1,مكتب,جيد,"إطلالة مفتوحة, مصعد",2026-01-12,بائع_200,936820096,إمتلاك,سجل عقاري,"كهرباء دولة, طاقة شمسية",أرضي,33.505241,36.280697,1127,متوسطة,property_images/apartment_modern.jpg,property_images/apartment_interior.jpg|property_images/building_new_construction.jpg|property_images/villa_modern.jpg
1102,شقة في المزرعة,"شقة سكنية في بناء سكني في حي المزرعة - مساحة 115 م² - 3 غرف, 1 حمامات. الحالة: جيد. الملكية: سجل عقاري. الطابق: أول. المميزات: كهرباء دولة, موقف سيارات, بلكونة, مصعد",113700,المزرعة,115,3,1,شقة,جيد,"كهرباء دولة, موقف سيارات, بلكونة, مصعد",2026-02-14,بائع_290,975162412,سوق.كوم,سجل عقاري,طاقة شمسية,أول,33.50677,36.27923,989,متوسطة,property_images/bedroom.jpg,property_images/villa_interior.jpg|property_images/townhouse.jpg|property_images/building_new_construction.jpg
1103,شقة في المزرعة,"شقة سكنية في بناء سكني في حي المزرعة - مساحة 138 م² - 1 غرف, 1 حمامات. الحالة: ممتاز. الملكية: كاتب عدل. الطابق: خامس. المميزات: حارس أمن, حديقة, أثاث, بلكونة",152300,المزرعة,138,1,1,شقة,ممتاز,"حارس أمن, حديقة, أثاث, بلكونة",2025-11-11,بائع_133,986764499,إكار,كاتب عدل,غير محدد,خامس,33.505663,36.279878,1104,متوسطة,property_images/apartment_modern.jpg,property_images/villa_modern.jpg|property_images/villa_interior.jpg|property_images/townhouse.jpg
1104,شقة في المزرعة,"شقة سكنية في بناء سكني في حي المزرعة - مساحة 82 م² - 4 غرف, 1 حمامات. الحالة: ممتاز. الملكية: طابو أخضر. الطابق: خامس. المميزات: أثاث, مكيف, شبابيك دبل غلاس, قرب مدرسة, تدفئة مركزية",51700,المزرعة,82,4,1,شقة,ممتاز,"أثاث, مكيف, شبابيك دبل غلاس, قرب مدرسة, تدفئة مركزية",2026-02-01,بائع_15,959798799,ماروتا سيتي,طابو أخضر,غير محدد,خامس,33.507401,36.281218,630,متوسطة,property_images/apartment_luxury.jpg,property_images/apartment_interior.jpg|property_images/apartment_luxury.jpg|property_images/bedroom.jpg
1105,محل تجاري في المزرعة,"محل تجاري أو مكتب في حي المزرعة - مساحة 66 م² - 1 غرف, 1 حمامات. الحالة: جديد. الملكية: بدون أوراق. الطابق: أرضي. المميزات: مصعد, أثاث, قرب مستشفى, حارس أمن",43300,المزرعة,66,1,1,محل تجاري,جديد,"مصعد, أثاث, قرب مستشفى, حارس أمن",2026-04-27,بائع_110,984147822,إكار,بدون أوراق,"كهرباء دولة, طاقة شمسية",أرضي,33.506298,36.275563,656,متوسطة,property_images/building_new_construction.jpg,property_images/apartment_luxury.jpg|property_images/building_new_construction.jpg|property_images/apartment_economy.jpg
1106,بيت في المزرعة,"بيت سكني تقليدي في حي المزرعة - مساحة 151 م² - 1 غرف, 2 حمامات. الحالة: يحتاج ترميم. الملكية: طابو نظامي. الطابق: ثالث. المميزات: حارس أمن, طاقة شمسية, حديقة, بلكونة, إنترنت, شقة مفروشة",66600,المزرعة,151,1,2,بيت,يحتاج ترميم,"حارس أمن, طاقة شمسية, حديقة, بلكونة, إنترنت, شقة مفروشة",2026-02-07,بائع_76,935478898,دوشيش,طابو نظامي,غير محدد,ثالث,33.509511,36.281892,441,متوسطة,property_images/building_needs_renovation.jpg,property_images/apartment_kitchen.jpg|property_images/apartment_economy.jpg|property_images/apartment_luxury.jpg
1107,شقة في المزرعة,"شقة سكنية في بناء سكني في حي المزرعة - مساحة 88 م² - 1 غرف, 1 حمامات. الحالة: جديد. الملكية: بدون أوراق. الطابق: ملحق. المميزات: قرب مستشفى, مرآب, قرب مدرسة, تدفئة مركزية, موقف سيارات",61900,المزرعة,88,1,1,شقة,جديد,"قرب مستشفى, مرآب, قرب مدرسة, تدفئة مركزية, موقف سيارات",2026-02-27,بائع_23,960602249,إكار,بدون أوراق,كهرباء دولة,ملحق,33.507701,36.278311,703,متوسطة,property_images/apartment_kitchen.jpg,property_images/villa_modern.jpg|property_images/house_traditional.jpg|property_images/villa_interior.jpg
1108,شقة في المزرعة,"شقة سكنية في بناء سكني في حي المزرعة - مساحة 123 م² - 2 غرف, 1 حمامات. الحالة: جيد. الملكية: حكم محكمة. الطابق: أرضي. المميزات: بئر مياه خاص, شارع رئيسي, قرب مستشفى, إنترنت, طاقة شمسية, مصعد",95800,المزرعة,123,2,1,شقة,جيد,"بئر مياه خاص, شارع رئيسي, قرب مستشفى, إنترنت, طاقة شمسية, مصعد",2026-03-26,بائع_172,971108440,بيوتنا,حكم محكمة,كهرباء دولة,أرضي,33.503438,36.275539,779,متوسطة,property_images/apartment_kitchen.jpg,property_images/apartment_interior.jpg|property_images/townhouse.jpg|property_images/duplex_interior.jpg
1109,شقة في المزرعة,"شقة سكنية في بناء سكني في حي المزرعة - مساحة 127 م² - 4 غرف, 1 حمامات. الحالة: ممتاز. الملكية: طابو أخضر. الطابق: رابع. المميزات: حديقة, كهرباء دولة, مكيف, غاز مركزي, بلكونة",113600,المزرعة,127,4,1,شقة,ممتاز,"حديقة, كهرباء دولة, مكيف, غاز مركزي, بلكونة",2026-03-19,بائع_299,937758229,بيوتنا,طابو أخضر,كهرباء دولة,رابع,33.505894,36.281392,894,متوسطة,property_images/apartment_interior.jpg,property_images/building_needs_renovation.jpg|property_images/townhouse.jpg|property_images/bedroom.jpg
1110,بيت في المزرعة,"بيت سكني تقليدي في حي المزرعة - مساحة 145 م² - 1 غرف, 1 حمامات. الحالة: جيد. الملكية: كاتب عدل. الطابق: أرضي. المميزات: حديقة, حارس أمن, موقف سيارات, مصعد",100100,المزرعة,145,1,1,بيت,جيد,"حديقة, حارس أمن, موقف سيارات, مصعد",2026-01-18,بائع_24,975356151,سوق.كوم,كاتب عدل,كهرباء دولة,أرضي,33.506319,36.281,690,متوسطة,property_images/building_needs_renovation.jpg,property_images/villa_interior.jpg|property_images/apartment_interior.jpg|property_images/building_new_construction.jpg
1111,بيت في المزرعة,"بيت سكني تقليدي في حي المزرعة - مساحة 69 م² - 2 غرف, 2 حمامات. الحالة: يحتاج ترميم. الملكية: حكم محكمة. الطابق: أول. المميزات: مصعد, مكيف, حارس أمن",37700,المزرعة,69,2,2,بيت,يحتاج ترميم,"مصعد, مكيف, حارس أمن",2026-04-01,بائع_4,966811289,بيوت شام,حكم محكمة,كهرباء دولة,أول,33.508104,36.28136,546,متوسطة,property_images/building_needs_renovation.jpg,property_images/villa_modern.jpg|property_images/building_needs_renovation.jpg|property_images/apartment_interior.jpg
1112,مكتب في المزرعة,"مكتب تجاري في حي المزرعة - مساحة 25 م², 1 حمامات. الحالة: يحتاج ترميم. الملكية: سجل عقاري. الطابق: ثاني. المميزات: قرب مستشفى, بلكونة, موقف سيارات, إطلالة مفتوحة",14600,المزرعة,25,0,1,مكتب,يحتاج ترميم,"قرب مستشفى, بلكونة, موقف سيارات, إطلالة مفتوحة",2026-02-15,بائع_86,980148681,بيوتنا,سجل عقاري,غير محدد,ثاني,33.505243,36.2802,584,متوسطة,property_images/apartment_interior.jpg,property_images/bedroom.jpg|property_images/house_traditional.jpg|property_images/apartment_kitchen.jpg
1113,مكتب في المزرعة,"مكتب تجاري في حي المزرعة - مساحة 64 م², 1 حمامات. الحالة: كالجديد. الملكية: حكم محكمة. الطابق: أول. المميزات: مكيف, شبابيك دبل غلاس",93900,المزرعة,64,0,1,مكتب,كالجديد,"مكيف, شبابيك دبل غلاس",2026-03-01,بائع_237,989125862,إمتلاك,حكم محكمة,"كهرباء دولة, طاقة شمسية",أول,33.50601,36.279005,1467,متوسطة,property_images/apartment_modern.jpg,property_images/apartment_economy.jpg|property_images/apartment_interior.jpg|property_images/apartment_modern.jpg
1114,بيت في المزرعة,"بيت سكني تقليدي في حي المزرعة - مساحة 144 م² - 1 غرف, 2 حمامات. الحالة: جديد. الملكية: سجل عقاري. الطابق: ثاني. المميزات: طاقة شمسية, قرب مدرسة, مصعد",147200,المزرعة,144,1,2,بيت,جديد,"طاقة شمسية, قرب مدرسة, مصعد",2026-03-23,بائع_51,951170805,بيوت شام,سجل عقاري,كهرباء دولة,ثاني,33.509535,36.280577,1022,متوسطة,property_images/house_traditional.jpg,property_images/apartment_luxury.jpg|property_images/villa_modern.jpg|property_images/apartment_street.jpg
1115,محل تجاري في برزة,"محل تجاري أو مكتب في حي برزة - مساحة 31 م² - 1 غرف, 1 حمامات. الحالة: جيد. الملكية: طابو أخضر. الطابق: أرضي. المميزات: قرب مستشفى, حارس أمن, مرآب, إطلالة مفتوحة",9000,برزة,31,1,1,محل تجاري,جيد,"قرب مستشفى, حارس أمن, مرآب, إطلالة مفتوحة",2026-01-30,بائع_171,940865806,إكار,طابو أخضر,"كهرباء دولة, طاقة شمسية",أرضي,33.521897,36.301324,290,اقتصادية,property_images/building_new_construction.jpg,property_images/apartment_economy.jpg|property_images/apartment_interior.jpg|property_images/villa_interior.jpg
1116,محل تجاري في برزة,"محل تجاري أو مكتب في حي برزة - مساحة 89 م² - 1 غرف, 1 حمامات. الحالة: جيد. الملكية: سجل عقاري. الطابق: ثاني. المميزات: غاز مركزي, قرب مدرسة",75900,برزة,89,1,1,محل تجاري,جيد,"غاز مركزي, قرب مدرسة",2026-02-08,بائع_122,991660965,ماروتا سيتي,سجل عقاري,"كهرباء دولة, طاقة شمسية",ثاني,33.526686,36.302326,853,اقتصادية,property_images/building_new_construction.jpg,property_images/building_needs_renovation.jpg|property_images/apartment_kitchen.jpg|property_images/building_new_construction.jpg
1117,بيت عربي في برزة,"بيت عربي بقاعة داخلية واسعة في حي برزة - مساحة 150 م² - 5 غرف, 3 حمامات. الحالة: جيد. الملكية: طابو نظامي. الطابق: أرضي. المميزات: شقة مفروشة, قرب مستشفى, أبواب حديدية",38000,برزة,150,5,3,بيت عربي,جيد,"شقة مفروشة, قرب مستشفى, أبواب حديدية",2026-02-15,بائع_28,942638877,بيوتنا,طابو نظامي,طاقة شمسية,أرضي,33.5267,36.300835,253,اقتصادية,property_images/house_traditional.jpg,property_images/bedroom.jpg|property_images/apartment_economy.jpg|property_images/apartment_luxury.jpg
1118,شقة في برزة,"شقة سكنية في بناء سكني في حي برزة - مساحة 123 م² - 1 غرف, 1 حمامات. الحالة: مقبول. الملكية: طابو أخضر. الطابق: ثاني. المميزات: أثاث, إطلالة مفتوحة, بئر مياه خاص, قرب مدرسة, مكيف, طاقة شمسية",57200,برزة,123,1,1,شقة,مقبول,"أثاث, إطلالة مفتوحة, بئر مياه خاص, قرب مدرسة, مكيف, طاقة شمسية",2026-03-02,بائع_46,965392284,دوشيش,طابو أخضر,طاقة شمسية,ثاني,33.525646,36.302568,465,اقتصادية,property_images/apartment_street.jpg,property_images/building_new_construction.jpg|property_images/building_needs_renovation.jpg|property_images/bedroom.jpg
1119,مكتب في برزة,"مكتب تجاري في حي برزة - مساحة 80 م², 1 حمامات. الحالة: جيد. الملكية: حكم محكمة. الطابق: ثاني. المميزات: مرآب, إنترنت",47100,برزة,80,0,1,مكتب,جيد,"مرآب, إنترنت",2026-05-03,بائع_65,931233778,سوق.كوم,حكم محكمة,طاقة شمسية,ثاني,33.526692,36.301028,589,اقتصادية,property_images/apartment_interior.jpg,property_images/building_needs_renovation.jpg|property_images/villa_modern.jpg|property_images/apartment_economy.jpg
1120,بيت في برزة,"بيت سكني تقليدي في حي برزة - مساحة 96 م² - 3 غرف, 1 حمامات. الحالة: يحتاج ترميم. الملكية: طابو نظامي. الطابق: سابع. المميزات: مكيف, شارع رئيسي, شبابيك دبل غلاس",35200,برزة,96,3,1,بيت,يحتاج ترميم,"مكيف, شارع رئيسي, شبابيك دبل غلاس",2025-11-08,بائع_53,961491046,إمتلاك,طابو نظامي,كهرباء دولة,سابع,33.522211,36.302108,367,اقتصادية,property_images/house_traditional.jpg,property_images/bedroom.jpg|property_images/house_traditional.jpg|property_images/villa_interior.jpg
1121,شقة في برزة,"شقة سكنية في بناء سكني في حي برزة - مساحة 78 م² - 1 غرف, 2 حمامات. الحالة: مقبول. الملكية: كاتب عدل. الطابق: ثالث. المميزات: تدفئة مركزية, مرآب, كهرباء دولة, غاز مركزي",33500,برزة,78,1,2,شقة,مقبول,"تدفئة مركزية, مرآب, كهرباء دولة, غاز مركزي",2026-04-21,بائع_177,959968406,دوشيش,كاتب عدل,كهرباء دولة,ثالث,33.52331,36.301107,429,اقتصادية,property_images/apartment_economy.jpg,property_images/bedroom.jpg|property_images/apartment_interior.jpg|property_images/building_new_construction.jpg
1122,منزل في برزة,"منزل سكني عائلي في حي برزة - مساحة 158 م² - 2 غرف, 3 حمامات. الحالة: ممتاز. الملكية: بدون أوراق. الطابق: أول. المميزات: طاقة شمسية, مكيف, موقف سيارات, مصعد, بلكونة, قرب مستشفى",25900,برزة,158,2,3,منزل,ممتاز,"طاقة شمسية, مكيف, موقف سيارات, مصعد, بلكونة, قرب مستشفى",2026-04-17,بائع_241,968496487,ماروتا سيتي,بدون أوراق,غير محدد,أول,33.525841,36.298844,164,اقتصادية,property_images/house_traditional.jpg,property_images/villa_interior.jpg|property_images/building_needs_renovation.jpg|property_images/bedroom.jpg
1123,بيت في برزة,"بيت سكني تقليدي في حي برزة - مساحة 136 م² - 3 غرف, 1 حمامات. الحالة: مقبول. الملكية: طابو أخضر. الطابق: ثالث. المميزات: مصعد, كهرباء دولة",47400,برزة,136,3,1,بيت,مقبول,"مصعد, كهرباء دولة",2026-02-24,بائع_35,979510918,بيوتنا,طابو أخضر,غير محدد,ثالث,33.525791,36.298085,349,اقتصادية,property_images/house_traditional.jpg,property_images/townhouse.jpg|property_images/duplex_interior.jpg|property_images/apartment_street.jpg
1124,شقة في برزة,"شقة سكنية في بناء سكني في حي برزة - مساحة 99 م² - 1 غرف, 2 حمامات. الحالة: جديد. الملكية: كاتب عدل. الطابق: ملحق. المميزات: مصعد, شقة مفروشة, تدفئة مركزية, إنترنت, غاز مركزي",49900,برزة,99,1,2,شقة,جديد,"مصعد, شقة مفروشة, تدفئة مركزية, إنترنت, غاز مركزي",2026-01-19,بائع_202,988889727,سوق.كوم,كاتب عدل,غير محدد,ملحق,33.526713,36.303355,504,اقتصادية,property_images/apartment_street.jpg,property_images/building_needs_renovation.jpg|property_images/bedroom.jpg|property_images/house_traditional.jpg
1125,شقة في برزة,"شقة سكنية في بناء سكني في حي برزة - مساحة 91 م² - 1 غرف, 2 حمامات. الحالة: جيد. الملكية: بدون أوراق. الطابق: رابع. المميزات: إنترنت, تدفئة مركزية, بئر مياه خاص, قرب مستشفى",44000,برزة,91,1,2,شقة,جيد,"إنترنت, تدفئة مركزية, بئر مياه خاص, قرب مستشفى",2026-01-15,بائع_201,955818125,بيوت شام,بدون أوراق,"كهرباء دولة, طاقة شمسية",رابع,33.520661,36.297612,484,اقتصادية,property_images/apartment_economy.jpg,property_images/townhouse.jpg|property_images/apartment_interior.jpg|property_images/house_traditional.jpg
1126,بيت في برزة,"بيت سكني تقليدي في حي برزة - مساحة 81 م² - 2 غرف, 2 حمامات. الحالة: كالجديد. الملكية: طابو نظامي. الطابق: سادس. المميزات: بئر مياه خاص, إطلالة مفتوحة",20900,برزة,81,2,2,بيت,كالجديد,"بئر مياه خاص, إطلالة مفتوحة",2026-03-23,بائع_198,947554914,ماروتا سيتي,طابو نظامي,"كهرباء دولة, طاقة شمسية",سادس,33.521833,36.300826,258,اقتصادية,property_images/building_needs_renovation.jpg,property_images/apartment_kitchen.jpg|property_images/apartment_interior.jpg|property_images/building_needs_renovation.jpg
1127,شقة في برزة,"شقة سكنية في بناء سكني في حي برزة - مساحة 112 م² - 2 غرف, 2 حمامات. الحالة: ممتاز. الملكية: طابو أخضر. الطابق: رابع. المميزات: حديقة, قرب مدرسة, شارع رئيسي",66600,برزة,112,2,2,شقة,ممتاز,"حديقة, قرب مدرسة, شارع رئيسي",2025-12-25,بائع_263,935659730,إمتلاك,طابو أخضر,طاقة شمسية,رابع,33.526381,36.300531,595,اقتصادية,property_images/apartment_interior.jpg,property_images/apartment_economy.jpg|property_images/apartment_modern.jpg|property_images/building_new_construction.jpg
1128,منزل في برزة,"منزل سكني عائلي في حي برزة - مساحة 189 م² - 2 غرف, 3 حمامات. الحالة: يحتاج ترميم. الملكية: بدون أوراق. الطابق: أول. المميزات: مرآب, مكيف, طاقة شمسية, بئر مياه خاص, موقف سيارات, غاز مركزي",44400,برزة,189,2,3,منزل,يحتاج ترميم,"مرآب, مكيف, طاقة شمسية, بئر مياه خاص, موقف سيارات, غاز مركزي",2026-03-05,بائع_69,966583323,بيوتنا,بدون أوراق,كهرباء دولة,أول,33.522626,36.302116,235,اقتصادية,property_images/townhouse.jpg,property_images/villa_modern.jpg|property_images/building_new_construction.jpg|property_images/bedroom.jpg
1129,محل تجاري في برزة,"محل تجاري أو مكتب في حي برزة - مساحة 45 م², 1 حمامات. الحالة: جيد. الملكية: سجل عقاري. الطابق: ثاني. المميزات: كهرباء دولة, أثاث, تدفئة مركزية",15700,برزة,45,0,1,محل تجاري,جيد,"كهرباء دولة, أثاث, تدفئة مركزية",2026-02-01,بائع_271,993525373,سوق.كوم,سجل عقاري,"كهرباء دولة, طاقة شمسية",ثاني,33.524644,36.298174,349,اقتصادية,property_images/building_new_construction.jpg,property_images/house_traditional.jpg|property_images/apartment_modern.jpg|property_images/apartment_interior.jpg
1130,شقة في برزة,"شقة سكنية في بناء سكني في حي برزة - مساحة 105 م² - 4 غرف, 2 حمامات. الحالة: جيد. الملكية: سجل عقاري. الطابق: خامس. المميزات: كهرباء دولة, أبواب حديدية, حديقة, شبابيك دبل غلاس, غاز مركزي, شارع رئيسي",52900,برزة,105,4,2,شقة,جيد,"كهرباء دولة, أبواب حديدية, حديقة, شبابيك دبل غلاس, غاز مركزي, شارع رئيسي",2026-03-05,بائع_224,977691729,دوشيش,سجل عقاري,غير محدد,خامس,33.525697,36.298204,504,اقتصادية,property_images/apartment_kitchen.jpg,property_images/bedroom.jpg|property_images/duplex_interior.jpg|property_images/apartment_luxury.jpg
1131,مكتب في برزة,"مكتب تجاري في حي برزة - مساحة 45 م², 1 حمامات. الحالة: ممتاز. الملكية: سجل عقاري. الطابق: أول. المميزات: مرآب, أثاث",34100,برزة,45,0,1,مكتب,ممتاز,"مرآب, أثاث",2026-02-21,بائع_190,932661498,إمتلاك,سجل عقاري,"كهرباء دولة, طاقة شمسية",أول,33.525993,36.30415,758,اقتصادية,property_images/apartment_modern.jpg,property_images/apartment_luxury.jpg|property_images/house_traditional.jpg|property_images/apartment_kitchen.jpg
1132,محل تجاري في برزة,"محل تجاري أو مكتب في حي برزة - مساحة 89 م² - 1 غرف, 1 حمامات. الحالة: جيد. الملكية: بدون أوراق. الطابق: أول. المميزات: بلكونة, غاز مركزي, مكيف, حديقة",50300,برزة,89,1,1,محل تجاري,جيد,"بلكونة, غاز مركزي, مكيف, حديقة",2026-01-11,بائع_94,944994905,بيوتنا,بدون أوراق,كهرباء دولة,أول,33.522224,36.301528,565,اقتصادية,property_images/building_new_construction.jpg,property_images/villa_modern.jpg|property_images/apartment_modern.jpg|property_images/house_traditional.jpg
1133,شقة في برزة,"شقة سكنية في بناء سكني في حي برزة - مساحة 118 م² - 2 غرف, 2 حمامات. الحالة: مقبول. الملكية: طابو نظامي. الطابق: أرضي. المميزات: حارس أمن, كهرباء دولة, بلكونة, غاز مركزي, شارع رئيسي, بئر مياه خاص",39000,برزة,118,2,2,شقة,مقبول,"حارس أمن, كهرباء دولة, بلكونة, غاز مركزي, شارع رئيسي, بئر مياه خاص",2025-11-20,بائع_279,955359850,ماروتا سيتي,طابو نظامي,غير محدد,أرضي,33.525336,36.30189,331,اقتصادية,property_images/apartment_luxury.jpg,property_images/villa_interior.jpg|property_images/bedroom.jpg|property_images/apartment_modern.jpg
1134,محل تجاري في برزة,"محل تجاري أو مكتب في حي برزة - مساحة 72 م² - 1 غرف, 1 حمامات. الحالة: يحتاج ترميم. الملكية: كاتب عدل. الطابق: أرضي. المميزات: أثاث, تدفئة مركزية, شبابيك دبل غلاس, مرآب",18600,برزة,72,1,1,محل تجاري,يحتاج ترميم,"أثاث, تدفئة مركزية, شبابيك دبل غلاس, مرآب",2026-04-09,بائع_10,933660105,إمتلاك,كاتب عدل,غير محدد,أرضي,33.526485,36.298725,258,اقتصادية,property_images/building_new_construction.jpg,property_images/building_needs_renovation.jpg|property_images/apartment_modern.jpg|property_images/apartment_interior.jpg
1135,بيت قديم في برزة,"بيت تراثي دمشقي قديم في حي برزة - مساحة 107 م² - 3 غرف, 1 حمامات. الحالة: كالجديد. الملكية: بدون أوراق. الطابق: ملحق. المميزات: حارس أمن, موقف سيارات, إنترنت",30800,برزة,107,3,1,بيت قديم,كالجديد,"حارس أمن, موقف سيارات, إنترنت",2025-12-14,بائع_144,970264016,بيوتنا,بدون أوراق,"كهرباء دولة, طاقة شمسية",ملحق,33.524562,36.301532,288,اقتصادية,property_images/building_needs_renovation.jpg,property_images/bedroom.jpg|property_images/apartment_economy.jpg|property_images/apartment_street.jpg
1136,شقة في برزة,"شقة سكنية في بناء سكني في حي برزة - مساحة 83 م² - 2 غرف, 2 حمامات. الحالة: يحتاج ترميم. الملكية: طابو نظامي. الطابق: سابع. المميزات: شبابيك دبل غلاس, كهرباء دولة, إطلالة مفتوحة, أبواب حديدية, تدفئة مركزية, حارس أمن",47600,برزة,83,2,2,شقة,يحتاج ترميم,"شبابيك دبل غلاس, كهرباء دولة, إطلالة مفتوحة, أبواب حديدية, تدفئة مركزية, حارس أمن",2025-11-21,بائع_13,997530883,ماروتا سيتي,طابو نظامي,كهرباء دولة,سابع,33.521358,36.298805,573,اقتصادية,property_images/apartment_modern.jpg,property_images/house_traditional.jpg|property_images/villa_interior.jpg|property_images/apartment_luxury.jpg
1137,شقة في برزة,"شقة سكنية في بناء سكني في حي برزة - مساحة 132 م² - 4 غرف, 2 حمامات. الحالة: جيد. الملكية: طابو أخضر. الطابق: سادس. المميزات: مكيف, قرب مستشفى, مرآب, غاز مركزي, حديقة",75100,برزة,132,4,2,شقة,جيد,"مكيف, قرب مستشفى, مرآب, غاز مركزي, حديقة",2026-04-07,بائع_143,937777071,ماروتا سيتي,طابو أخضر,كهرباء دولة,سادس,33.524799,36.299885,569,اقتصادية,property_images/apartment_kitchen.jpg,property_images/house_traditional.jpg|property_images/apartment_economy.jpg|property_images/bedroom.jpg
1138,شقة في برزة,"شقة سكنية في بناء سكني في حي برزة - مساحة 134 م² - 2 غرف, 2 حمامات. الحالة: مقبول. الملكية: حكم محكمة. الطابق: أرضي. المميزات: موقف سيارات, مصعد, إنترنت, حديقة, شقة مفروشة, تدفئة مركزية",48000,برزة,134,2,2,شقة,مقبول,"موقف سيارات, مصعد, إنترنت, حديقة, شقة مفروشة, تدفئة مركزية",2025-11-12,بائع_92,946168904,بيوت شام,حكم محكمة,"كهرباء دولة, طاقة شمسية",أرضي,33.527786,36.301679,358,اقتصادية,property_images/bedroom.jpg,property_images/apartment_modern.jpg|property_images/villa_interior.jpg|property_images/duplex_interior.jpg
1139,شقة في برزة,"شقة سكنية في بناء سكني في حي برزة - مساحة 150 م² - 2 غرف, 1 حمامات. الحالة: جيد. الملكية: كاتب عدل. الطابق: ثالث. المميزات: مصعد, إطلالة مفتوحة, بئر مياه خاص, طاقة شمسية, حارس أمن",44700,برزة,150,2,1,شقة,جيد,"مصعد, إطلالة مفتوحة, بئر مياه خاص, طاقة شمسية, حارس أمن",2025-11-26,بائع_45,993272468,سوق.كوم,كاتب عدل,غير محدد,ثالث,33.524841,36.299399,298,اقتصادية,property_images/apartment_street.jpg,property_images/duplex_interior.jpg|property_images/townhouse.jpg|property_images/villa_interior.jpg
1140,شقة في برزة,"شقة سكنية في بناء سكني في حي برزة - مساحة 84 م² - 3 غرف, 1 حمامات. الحالة: كالجديد. الملكية: حكم محكمة. الطابق: خامس. المميزات: غاز مركزي, بلكونة, مصعد, إطلالة مفتوحة, أبواب حديدية, طاقة شمسية",52000,برزة,84,3,1,شقة,كالجديد,"غاز مركزي, بلكونة, مصعد, إطلالة مفتوحة, أبواب حديدية, طاقة شمسية",2025-11-29,بائع_181,957346028,بيوتنا,حكم محكمة,كهرباء دولة,خامس,33.523925,36.301311,619,اقتصادية,property_images/bedroom.jpg,property_images/building_needs_renovation.jpg|property_images/house_traditional.jpg|property_images/apartment_economy.jpg
1141,شقة في برزة,"شقة سكنية في بناء سكني في حي برزة - مساحة 82 م² - 4 غرف, 1 حمامات. الحالة: جيد. الملكية: كاتب عدل. الطابق: سابع. المميزات: أثاث, شقة مفروشة, بلكونة, مصعد, بئر مياه خاص, إنترنت",59100,برزة,82,4,1,شقة,جيد,"أثاث, شقة مفروشة, بلكونة, مصعد, بئر مياه خاص, إنترنت",2026-03-10,بائع_182,958235478,بيوتنا,كاتب عدل,غير محدد,سابع,33.523207,36.300439,721,اقتصادية,property_images/apartment_interior.jpg,property_images/apartment_modern.jpg|property_images/apartment_kitchen.jpg|property_images/apartment_street.jpg
1142,منزل في برزة,"منزل سكني عائلي في حي برزة - مساحة 195 م² - 2 غرف, 2 حمامات. الحالة: جديد. الملكية: سجل عقاري. الطابق: ملحق. المميزات: موقف سيارات, تدفئة مركزية, قرب مدرسة, شبابيك دبل غلاس, إطلالة مفتوحة",89000,برزة,195,2,2,منزل,جديد,"موقف سيارات, تدفئة مركزية, قرب مدرسة, شبابيك دبل غلاس, إطلالة مفتوحة",2026-04-05,بائع_259,950970071,ماروتا سيتي,سجل عقاري,كهرباء دولة,ملحق,33.526705,36.297542,456,اقتصادية,property_images/townhouse.jpg,property_images/apartment_interior.jpg|property_images/townhouse.jpg|property_images/duplex_interior.jpg
1143,شقة في برزة,"شقة سكنية في بناء سكني في حي برزة - مساحة 170 م² - 1 غرف, 1 حمامات. الحالة: جديد. الملكية: طابو أخضر. الطابق: أول. المميزات: حارس أمن, إنترنت, قرب مدرسة, طاقة شمسية, بلكونة",107600,برزة,170,1,1,شقة,جديد,"حارس أمن, إنترنت, قرب مدرسة, طاقة شمسية, بلكونة",2025-11-25,بائع_223,963660078,ماروتا سيتي,طابو أخضر,غير محدد,أول,33.523807,36.299402,633,اقتصادية,property_images/apartment_economy.jpg,property_images/house_traditional.jpg|property_images/apartment_economy.jpg|property_images/apartment_interior.jpg
1144,شقة في برزة,"شقة سكنية في بناء سكني في حي برزة - مساحة 148 م² - 4 غرف, 2 حمامات. الحالة: ممتاز. الملكية: طابو نظامي. الطابق: ثاني. المميزات: مكيف, أثاث, إطلالة مفتوحة",61800,برزة,148,4,2,شقة,ممتاز,"مكيف, أثاث, إطلالة مفتوحة",2025-12-26,بائع_9,943891026,إكار,طابو نظامي,"كهرباء دولة, طاقة شمسية",ثاني,33.523501,36.299557,418,اقتصادية,property_images/apartment_kitchen.jpg,property_images/apartment_interior.jpg|property_images/townhouse.jpg|property_images/apartment_street.jpg
1145,شقة في برزة,"شقة سكنية في بناء سكني في حي برزة - مساحة 78 م² - 2 غرف, 1 حمامات. الحالة: يحتاج ترميم. الملكية: طابو نظامي. الطابق: سادس. المميزات: إنترنت, غاز مركزي, تدفئة مركزية",43600,برزة,78,2,1,شقة,يحتاج ترميم,"إنترنت, غاز مركزي, تدفئة مركزية",2026-02-08,بائع_109,977787959,سوق.كوم,طابو نظامي,كهرباء دولة,سادس,33.523867,36.301663,559,اقتصادية,property_images/apartment_kitchen.jpg,property_images/duplex_interior.jpg|property_images/apartment_interior.jpg|property_images/apartment_luxury.jpg
1146,محل تجاري في برزة,"محل تجاري أو مكتب في حي برزة - مساحة 65 م² - 1 غرف, 1 حمامات. الحالة: كالجديد. الملكية: كاتب عدل. الطابق: ثاني. المميزات: شارع رئيسي, حارس أمن",26900,برزة,65,1,1,محل تجاري,كالجديد,"شارع رئيسي, حارس أمن",2025-12-31,بائع_142,943967878,بيوتنا,كاتب عدل,كهرباء دولة,ثاني,33.524988,36.301568,414,اقتصادية,property_images/building_new_construction.jpg,property_images/building_new_construction.jpg|property_images/apartment_kitchen.jpg|property_images/duplex_interior.jpg
1147,شقة في برزة,"شقة سكنية في بناء سكني في حي برزة - مساحة 113 م² - 3 غرف, 1 حمامات. الحالة: جيد. الملكية: طابو نظامي. الطابق: ثاني. المميزات: حديقة, مكيف, مصعد, موقف سيارات, طاقة شمسية, غاز مركزي",75700,برزة,113,3,1,شقة,جيد,"حديقة, مكيف, مصعد, موقف سيارات, طاقة شمسية, غاز مركزي",2026-02-21,بائع_205,959698643,ماروتا سيتي,طابو نظامي,"كهرباء دولة, طاقة شمسية",ثاني,33.527043,36.301838,670,اقتصادية,property_images/apartment_economy.jpg,property_images/building_needs_renovation.jpg|property_images/apartment_economy.jpg|property_images/villa_modern.jpg
1148,بيت قديم في برزة,"بيت تراثي دمشقي قديم في حي برزة - مساحة 83 م² - 3 غرف, 2 حمامات. الحالة: جيد. الملكية: سجل عقاري. الطابق: أرضي. المميزات: تدفئة مركزية, إنترنت, حديقة, كهرباء دولة, موقف سيارات",17400,برزة,83,3,2,بيت قديم,جيد,"تدفئة مركزية, إنترنت, حديقة, كهرباء دولة, موقف سيارات",2026-01-31,بائع_45,984855373,بيوت شام,سجل عقاري,غير محدد,أرضي,33.523773,36.300392,210,اقتصادية,property_images/house_traditional.jpg,property_images/apartment_kitchen.jpg|property_images/apartment_interior.jpg|property_images/apartment_street.jpg
1149,شقة في برزة,"شقة سكنية في بناء سكني في حي برزة - مساحة 139 م² - 3 غرف, 2 حمامات. الحالة: جيد. الملكية: بدون أوراق. الطابق: ثالث. المميزات: كهرباء دولة, مصعد, قرب مستشفى, موقف سيارات, غاز مركزي",19500,برزة,139,3,2,شقة,جيد,"كهرباء دولة, مصعد, قرب مستشفى, موقف سيارات, غاز مركزي",2025-12-29,بائع_184,953163122,دوشيش,بدون أوراق,كهرباء دولة,ثالث,33.524984,36.300316,140,اقتصادية,property_images/apartment_interior.jpg,property_images/apartment_interior.jpg|property_images/duplex_interior.jpg|property_images/apartment_luxury.jpg
1150,بيت عربي في برزة,"بيت عربي بقاعة داخلية واسعة في حي برزة - مساحة 166 م² - 3 غرف, 2 حمامات. الحالة: مقبول. الملكية: طابو أخضر. الطابق: أرضي. المميزات: مصعد, موقف سيارات, أبواب حديدية",88800,برزة,166,3,2,بيت عربي,مقبول,"مصعد, موقف سيارات, أبواب حديدية",2026-03-28,بائع_158,939311587,إكار,طابو أخضر,كهرباء دولة,أرضي,33.525844,36.30262,535,اقتصادية,property_images/duplex_interior.jpg,property_images/townhouse.jpg|property_images/apartment_kitchen.jpg|property_images/apartment_street.jpg
1151,شقة في برزة,"شقة سكنية في بناء سكني في حي برزة - مساحة 112 م² - 4 غرف, 2 حمامات. الحالة: جيد. الملكية: بدون أوراق. الطابق: ثالث. المميزات: قرب مستشفى, شبابيك دبل غلاس, غاز مركزي, تدفئة مركزية, شقة مفروشة, أبواب حديدية",52200,برزة,112,4,2,شقة,جيد,"قرب مستشفى, شبابيك دبل غلاس, غاز مركزي, تدفئة مركزية, شقة مفروشة, أبواب حديدية",2026-01-02,بائع_119,940936648,إكار,بدون أوراق,كهرباء دولة,ثالث,33.52827,36.302623,466,اقتصادية,property_images/apartment_interior.jpg,property_images/bedroom.jpg|property_images/villa_interior.jpg|property_images/apartment_economy.jpg
1152,مكتب في برزة,"مكتب تجاري في حي برزة - مساحة 33 م², 1 حمامات. الحالة: كالجديد. الملكية: سجل عقاري. الطابق: ثاني. المميزات: شبابيك دبل غلاس, حديقة",18200,برزة,33,0,1,مكتب,كالجديد,"شبابيك دبل غلاس, حديقة",2025-11-27,بائع_244,999540775,بيوت شام,سجل عقاري,كهرباء دولة,ثاني,33.52431,36.300979,552,اقتصادية,property_images/apartment_modern.jpg,property_images/apartment_kitchen.jpg|property_images/apartment_interior.jpg|property_images/bedroom.jpg
1153,شقة في برزة,"شقة سكنية في بناء سكني في حي برزة - مساحة 144 م² - 3 غرف, 1 حمامات. الحالة: جيد. الملكية: طابو نظامي. الطابق: سادس. المميزات: إطلالة مفتوحة, موقف سيارات",48100,برزة,144,3,1,شقة,جيد,"إطلالة مفتوحة, موقف سيارات",2025-12-25,بائع_297,972290514,بيوتنا,طابو نظامي,"كهرباء دولة, طاقة شمسية",سادس,33.525136,36.29596,334,اقتصادية,property_images/apartment_kitchen.jpg,property_images/townhouse.jpg|property_images/villa_interior.jpg|property_images/apartment_economy.jpg
1154,شقة في برزة,"شقة سكنية في بناء سكني في حي برزة - مساحة 170 م² - 1 غرف, 2 حمامات. الحالة: جديد. الملكية: طابو أخضر. الطابق: سادس. المميزات: إنترنت, أبواب حديدية",87900,برزة,170,1,2,شقة,جديد,"إنترنت, أبواب حديدية",2025-11-23,بائع_234,966603251,سوق.كوم,طابو أخضر,"كهرباء دولة, طاقة شمسية",سادس,33.525112,36.299381,517,اقتصادية,property_images/apartment_kitchen.jpg,property_images/townhouse.jpg|property_images/building_new_construction.jpg|property_images/building_needs_renovation.jpg
1155,بيت قديم في برزة,"بيت تراثي دمشقي قديم في حي برزة - مساحة 140 م² - 4 غرف, 2 حمامات. الحالة: جديد. الملكية: سجل عقاري. الطابق: أول. المميزات: بئر مياه خاص, شارع رئيسي, قرب مدرسة, مرآب, أبواب حديدية",25200,برزة,140,4,2,بيت قديم,جديد,"بئر مياه خاص, شارع رئيسي, قرب مدرسة, مرآب, أبواب حديدية",2026-01-10,بائع_159,941540181,ماروتا سيتي,سجل عقاري,كهرباء دولة,أول,33.524967,36.299788,180,اقتصادية,property_images/house_traditional.jpg,property_images/villa_interior.jpg|property_images/apartment_modern.jpg|property_images/building_new_construction.jpg
1156,شقة في برزة,"شقة سكنية في بناء سكني في حي برزة - مساحة 104 م² - 1 غرف, 2 حمامات. الحالة: مقبول. الملكية: سجل عقاري. الطابق: خامس. المميزات: تدفئة مركزية, مصعد, مرآب, طاقة شمسية",65100,برزة,104,1,2,شقة,مقبول,"تدفئة مركزية, مصعد, مرآب, طاقة شمسية",2026-03-16,بائع_20,979385631,إكار,سجل عقاري,"كهرباء دولة, طاقة شمسية",خامس,33.523225,36.301544,626,اقتصادية,property_images/apartment_street.jpg,property_images/apartment_kitchen.jpg|property_images/duplex_interior.jpg|property_images/apartment_luxury.jpg
1157,منزل في برزة,"منزل سكني عائلي في حي برزة - مساحة 176 م² - 2 غرف, 1 حمامات. الحالة: كالجديد. الملكية: سجل عقاري. الطابق: أرضي. المميزات: شارع رئيسي, إنترنت, مكيف, غاز مركزي, طاقة شمسية, حديقة",132600,برزة,176,2,1,منزل,كالجديد,"شارع رئيسي, إنترنت, مكيف, غاز مركزي, طاقة شمسية, حديقة",2026-01-06,بائع_5,952485883,بيوت شام,سجل عقاري,كهرباء دولة,أرضي,33.523666,36.298534,753,اقتصادية,property_images/house_traditional.jpg,property_images/villa_interior.jpg|property_images/apartment_street.jpg|property_images/building_new_construction.jpg
1158,شقة في برزة,"شقة سكنية في بناء سكني في حي برزة - مساحة 158 م² - 2 غرف, 2 حمامات. الحالة: جيد. الملكية: سجل عقاري. الطابق: ملحق. المميزات: طاقة شمسية, موقف سيارات, حديقة, بئر مياه خاص",81700,برزة,158,2,2,شقة,جيد,"طاقة شمسية, موقف سيارات, حديقة, بئر مياه خاص",2025-12-11,بائع_172,980465618,بيوت شام,سجل عقاري,غير محدد,ملحق,33.52191,36.298921,517,اقتصادية,property_images/apartment_interior.jpg,property_images/villa_interior.jpg|property_images/building_new_construction.jpg|property_images/apartment_modern.jpg
1159,منزل في برزة,"منزل سكني عائلي في حي برزة - مساحة 177 م² - 4 غرف, 2 حمامات. الحالة: ممتاز. الملكية: طابو نظامي. الطابق: أول. المميزات: طاقة شمسية, بئر مياه خاص, كهرباء دولة, موقف سيارات",114200,برزة,177,4,2,منزل,ممتاز,"طاقة شمسية, بئر مياه خاص, كهرباء دولة, موقف سيارات",2025-12-02,بائع_126,961974285,إمتلاك,طابو نظامي,غير محدد,أول,33.523642,36.294171,645,اقتصادية,property_images/house_traditional.jpg,property_images/house_traditional.jpg|property_images/duplex_interior.jpg|property_images/villa_modern.jpg
1160,مكتب في برزة,"مكتب تجاري في حي برزة - مساحة 65 م², 1 حمامات. الحالة: ممتاز. الملكية: حكم محكمة. الطابق: أول. المميزات: قرب مستشفى, كهرباء دولة, مرآب",20500,برزة,65,0,1,مكتب,ممتاز,"قرب مستشفى, كهرباء دولة, مرآب",2025-11-18,بائع_288,951253201,بيوتنا,حكم محكمة,كهرباء دولة,أول,33.520965,36.294335,315,اقتصادية,property_images/apartment_modern.jpg,property_images/apartment_economy.jpg|property_images/bedroom.jpg|property_images/apartment_street.jpg
1161,شقة في برزة,"شقة سكنية في بناء سكني في حي برزة - مساحة 148 م² - 4 غرف, 1 حمامات. الحالة: ممتاز. الملكية: سجل عقاري. الطابق: ثاني. المميزات: قرب مدرسة, شقة مفروشة, قرب مستشفى, كهرباء دولة, حارس أمن, طاقة شمسية",77300,برزة,148,4,1,شقة,ممتاز,"قرب مدرسة, شقة مفروشة, قرب مستشفى, كهرباء دولة, حارس أمن, طاقة شمسية",2025-12-10,بائع_229,946164176,إمتلاك,سجل عقاري,"كهرباء دولة, طاقة شمسية",ثاني,33.524549,36.302778,522,اقتصادية,property_images/apartment_economy.jpg,property_images/apartment_luxury.jpg|property_images/villa_interior.jpg|property_images/apartment_street.jpg
1162,شقة في برزة,"شقة سكنية في بناء سكني في حي برزة - مساحة 142 م² - 4 غرف, 2 حمامات. الحالة: مقبول. الملكية: كاتب عدل. الطابق: سادس. المميزات: شقة مفروشة, إنترنت, أثاث, بئر مياه خاص",86700,برزة,142,4,2,شقة,مقبول,"شقة مفروشة, إنترنت, أثاث, بئر مياه خاص",2025-12-07,بائع_68,946139103,بيوتنا,كاتب عدل,كهرباء دولة,سادس,33.522215,36.299931,611,اقتصادية,property_images/bedroom.jpg,property_images/apartment_interior.jpg|property_images/building_needs_renovation.jpg|property_images/apartment_modern.jpg
1163,شقة في برزة,"شقة سكنية في بناء سكني في حي برزة - مساحة 63 م² - 3 غرف, 2 حمامات. الحالة: ممتاز. الملكية: حكم محكمة. الطابق: ثالث. المميزات: مكيف, إطلالة مفتوحة",29000,برزة,63,3,2,شقة,ممتاز,"مكيف, إطلالة مفتوحة",2026-03-30,بائع_183,943242984,ماروتا سيتي,حكم محكمة,كهرباء دولة,ثالث,33.524503,36.301253,460,اقتصادية,property_images/apartment_luxury.jpg,property_images/apartment_modern.jpg|property_images/bedroom.jpg|property_images/duplex_interior.jpg
1164,شقة في برزة,"شقة سكنية في بناء سكني في حي برزة - مساحة 121 م² - 4 غرف, 2 حمامات. الحالة: جيد. الملكية: سجل عقاري. الطابق: أرضي. المميزات: إطلالة مفتوحة, غاز مركزي, أثاث, حديقة, قرب مدرسة, أبواب حديدية",66300,برزة,121,4,2,شقة,جيد,"إطلالة مفتوحة, غاز مركزي, أثاث, حديقة, قرب مدرسة, أبواب حديدية",2026-04-15,بائع_294,957172125,بيوت شام,سجل عقاري,كهرباء دولة,أرضي,33.526407,36.30431,548,اقتصادية,property_images/apartment_interior.jpg,property_images/villa_interior.jpg|property_images/townhouse.jpg|property_images/villa_modern.jpg
1165,بيت قديم في برزة,"بيت تراثي دمشقي قديم في حي برزة - مساحة 88 م² - 4 غرف, 2 حمامات. الحالة: جيد. الملكية: طابو أخضر. الطابق: ملحق. المميزات: غاز مركزي, طاقة شمسية, موقف سيارات, قرب مستشفى, إطلالة مفتوحة",20900,برزة,88,4,2,بيت قديم,جيد,"غاز مركزي, طاقة شمسية, موقف سيارات, قرب مستشفى, إطلالة مفتوحة",2026-03-14,بائع_152,953299747,ماروتا سيتي,طابو أخضر,"كهرباء دولة, طاقة شمسية",ملحق,33.525492,36.298395,238,اقتصادية,property_images/house_traditional.jpg,property_images/apartment_interior.jpg|property_images/apartment_economy.jpg|property_images/apartment_kitchen.jpg
1166,منزل في برزة,"منزل سكني عائلي في حي برزة - مساحة 226 م² - 2 غرف, 1 حمامات. الحالة: يحتاج ترميم. الملكية: حكم محكمة. الطابق: أرضي. المميزات: بئر مياه خاص, شبابيك دبل غلاس, شارع رئيسي",62900,برزة,226,2,1,منزل,يحتاج ترميم,"بئر مياه خاص, شبابيك دبل غلاس, شارع رئيسي",2026-04-08,بائع_10,968343259,إمتلاك,حكم محكمة,"كهرباء دولة, طاقة شمسية",أرضي,33.523869,36.299057,278,اقتصادية,property_images/townhouse.jpg,property_images/apartment_interior.jpg|property_images/apartment_modern.jpg|property_images/apartment_economy.jpg
1167,منزل في برزة,"منزل سكني عائلي في حي برزة - مساحة 192 م² - 5 غرف, 3 حمامات. الحالة: جيد. الملكية: سجل عقاري. الطابق: ملحق. المميزات: تدفئة مركزية, قرب مدرسة",77500,برزة,192,5,3,منزل,جيد,"تدفئة مركزية, قرب مدرسة",2026-03-30,بائع_292,965499957,ماروتا سيتي,سجل عقاري,كهرباء دولة,ملحق,33.523717,36.303331,404,اقتصادية,property_images/house_traditional.jpg,property_images/apartment_kitchen.jpg|property_images/building_new_construction.jpg|property_images/apartment_luxury.jpg
1168,بيت في برزة,"بيت سكني تقليدي في حي برزة - مساحة 84 م² - 3 غرف, 1 حمامات. الحالة: جديد. الملكية: كاتب عدل. الطابق: ثالث. المميزات: شبابيك دبل غلاس, بئر مياه خاص, موقف سيارات, شارع رئيسي, كهرباء دولة",43400,برزة,84,3,1,بيت,جديد,"شبابيك دبل غلاس, بئر مياه خاص, موقف سيارات, شارع رئيسي, كهرباء دولة",2026-02-13,بائع_30,949339474,إكار,كاتب عدل,طاقة شمسية,ثالث,33.526305,36.296737,517,اقتصادية,property_images/house_traditional.jpg,property_images/apartment_interior.jpg|property_images/duplex_interior.jpg|property_images/apartment_street.jpg
1169,بيت عربي في برزة,"بيت عربي بقاعة داخلية واسعة في حي برزة - مساحة 204 م² - 3 غرف, 1 حمامات. الحالة: مقبول. الملكية: بدون أوراق. الطابق: أول. المميزات: إطلالة مفتوحة, كهرباء دولة, مرآب, غاز مركزي, حديقة, بلكونة",35200,برزة,204,3,1,بيت عربي,مقبول,"إطلالة مفتوحة, كهرباء دولة, مرآب, غاز مركزي, حديقة, بلكونة",2026-03-26,بائع_102,955239960,إكار,بدون أوراق,غير محدد,أول,33.526646,36.298075,173,اقتصادية,property_images/duplex_interior.jpg,property_images/building_new_construction.jpg|property_images/house_traditional.jpg|property_images/duplex_interior.jpg
1170,مكتب في برزة,"مكتب تجاري في حي برزة - مساحة 68 م², 1 حمامات. الحالة: جيد. الملكية: طابو نظامي. الطابق: أول. المميزات: مكيف, حديقة",49000,برزة,68,0,1,مكتب,جيد,"مكيف, حديقة",2026-03-14,بائع_6,959123033,بيوتنا,طابو نظامي,"كهرباء دولة, طاقة شمسية",أول,33.526723,36.300503,721,اقتصادية,property_images/apartment_interior.jpg,property_images/duplex_interior.jpg|property_images/villa_modern.jpg|property_images/apartment_economy.jpg
1171,شقة في برزة,"شقة سكنية في بناء سكني في حي برزة - مساحة 111 م² - 1 غرف, 2 حمامات. الحالة: ممتاز. الملكية: سجل عقاري. الطابق: سابع. المميزات: إنترنت, مصعد, شبابيك دبل غلاس, مرآب, مكيف",44300,برزة,111,1,2,شقة,ممتاز,"إنترنت, مصعد, شبابيك دبل غلاس, مرآب, مكيف",2026-02-14,بائع_128,937281991,بيوت شام,سجل عقاري,طاقة شمسية,سابع,33.527942,36.298601,399,اقتصادية,property_images/apartment_interior.jpg,property_images/apartment_street.jpg|property_images/villa_interior.jpg|property_images/duplex_interior.jpg
1172,بيت في برزة,"بيت سكني تقليدي في حي برزة - مساحة 78 م² - 1 غرف, 1 حمامات. الحالة: كالجديد. الملكية: طابو أخضر. الطابق: ثالث. المميزات: قرب مدرسة, كهرباء دولة, أبواب حديدية, بلكونة, طاقة شمسية, مصعد",47200,برزة,78,1,1,بيت,كالجديد,"قرب مدرسة, كهرباء دولة, أبواب حديدية, بلكونة, طاقة شمسية, مصعد",2026-04-02,بائع_24,946666423,بيوت شام,طابو أخضر,كهرباء دولة,ثالث,33.523408,36.2981,605,اقتصادية,property_images/building_needs_renovation.jpg,property_images/apartment_interior.jpg|property_images/building_needs_renovation.jpg|property_images/villa_interior.jpg
1173,منزل في برزة,"منزل سكني عائلي في حي برزة - مساحة 95 م² - 2 غرف, 1 حمامات. الحالة: يحتاج ترميم. الملكية: كاتب عدل. الطابق: أول. المميزات: بلكونة, شارع رئيسي, مكيف, بئر مياه خاص, تدفئة مركزية",24400,برزة,95,2,1,منزل,يحتاج ترميم,"بلكونة, شارع رئيسي, مكيف, بئر مياه خاص, تدفئة مركزية",2026-01-20,بائع_133,999585039,إمتلاك,كاتب عدل,كهرباء دولة,أول,33.524835,36.300486,257,اقتصادية,property_images/house_traditional.jpg,property_images/villa_modern.jpg|property_images/building_needs_renovation.jpg|property_images/townhouse.jpg
1174,بيت عربي في برزة,"بيت عربي بقاعة داخلية واسعة في حي برزة - مساحة 227 م² - 5 غرف, 2 حمامات. الحالة: كالجديد. الملكية: بدون أوراق. الطابق: أرضي. المميزات: مرآب, حارس أمن, بلكونة, كهرباء دولة",103800,برزة,227,5,2,بيت عربي,كالجديد,"مرآب, حارس أمن, بلكونة, كهرباء دولة",2026-03-08,بائع_275,986261571,ماروتا سيتي,بدون أوراق,كهرباء دولة,أرضي,33.524618,36.299604,457,اقتصادية,property_images/house_traditional.jpg,property_images/apartment_luxury.jpg|property_images/apartment_economy.jpg|property_images/apartment_street.jpg
1175,بيت في برزة,"بيت سكني تقليدي في حي برزة - مساحة 125 م² - 1 غرف, 1 حمامات. الحالة: جيد. الملكية: طابو نظامي. الطابق: خامس. المميزات: حديقة, إطلالة مفتوحة, تدفئة مركزية",72600,برزة,125,1,1,بيت,جيد,"حديقة, إطلالة مفتوحة, تدفئة مركزية",2026-02-22,بائع_131,994859910,إمتلاك,طابو نظامي,كهرباء دولة,خامس,33.525253,36.299062,581,اقتصادية,property_images/building_needs_renovation.jpg,property_images/building_new_construction.jpg|property_images/building_needs_renovation.jpg|property_images/apartment_economy.jpg
1176,شقة في برزة,"شقة سكنية في بناء سكني في حي برزة - مساحة 85 م² - 2 غرف, 2 حمامات. الحالة: كالجديد. الملكية: طابو نظامي. الطابق: أرضي. المميزات: موقف سيارات, بلكونة, حارس أمن, مكيف, شارع رئيسي, شقة مفروشة",24300,برزة,85,2,2,شقة,كالجديد,"موقف سيارات, بلكونة, حارس أمن, مكيف, شارع رئيسي, شقة مفروشة",2025-12-25,بائع_22,960830741,بيوت شام,طابو نظامي,كهرباء دولة,أرضي,33.526333,36.301156,286,اقتصادية,property_images/apartment_kitchen.jpg,property_images/apartment_modern.jpg|property_images/apartment_interior.jpg|property_images/apartment_kitchen.jpg
1177,مكتب في برزة,"مكتب تجاري في حي برزة - مساحة 66 م², 1 حمامات. الحالة: جيد. الملكية: كاتب عدل. الطابق: أول. المميزات: شبابيك دبل غلاس, تدفئة مركزية",31200,برزة,66,0,1,مكتب,جيد,"شبابيك دبل غلاس, تدفئة مركزية",2025-11-25,بائع_116,949469645,سوق.كوم,كاتب عدل,"كهرباء دولة, طاقة شمسية",أول,33.527814,36.299032,473,اقتصادية,property_images/apartment_interior.jpg,property_images/townhouse.jpg|property_images/bedroom.jpg|property_images/apartment_economy.jpg
1178,بيت في برزة,"بيت سكني تقليدي في حي برزة - مساحة 138 م² - 2 غرف, 1 حمامات. الحالة: جيد. الملكية: طابو نظامي. الطابق: ثاني. المميزات: حديقة, حارس أمن, أبواب حديدية, إطلالة مفتوحة, بلكونة, شقة مفروشة",54700,برزة,138,2,1,بيت,جيد,"حديقة, حارس أمن, أبواب حديدية, إطلالة مفتوحة, بلكونة, شقة مفروشة",2026-03-01,بائع_128,958684640,دوشيش,طابو نظامي,غير محدد,ثاني,33.523783,36.301185,396,اقتصادية,property_images/building_needs_renovation.jpg,property_images/apartment_interior.jpg|property_images/bedroom.jpg|property_images/apartment_modern.jpg
1179,شقة في برزة,"شقة سكنية في بناء سكني في حي برزة - مساحة 134 م² - 2 غرف, 1 حمامات. الحالة: جديد. الملكية: كاتب عدل. الطابق: سادس. المميزات: غاز مركزي, بلكونة",90400,برزة,134,2,1,شقة,جديد,"غاز مركزي, بلكونة",2026-02-28,بائع_196,954304785,إمتلاك,كاتب عدل,غير محدد,سادس,33.525163,36.299924,675,اقتصادية,property_images/apartment_kitchen.jpg,property_images/villa_interior.jpg|property_images/apartment_luxury.jpg|property_images/house_traditional.jpg
1180,بيت قديم في برزة,"بيت تراثي دمشقي قديم في حي برزة - مساحة 183 م² - 2 غرف, 2 حمامات. الحالة: جيد. الملكية: كاتب عدل. الطابق: ملحق. المميزات: بئر مياه خاص, شبابيك دبل غلاس, مصعد, شارع رئيسي",87400,برزة,183,2,2,بيت قديم,جيد,"بئر مياه خاص, شبابيك دبل غلاس, مصعد, شارع رئيسي",2025-12-03,بائع_298,972112314,بيوت شام,كاتب عدل,غير محدد,ملحق,33.526446,36.300224,478,اقتصادية,property_images/house_traditional.jpg,property_images/apartment_luxury.jpg|property_images/villa_modern.jpg|property_images/building_needs_renovation.jpg
1181,منزل في برزة,"منزل سكني عائلي في حي برزة - مساحة 205 م² - 4 غرف, 3 حمامات. الحالة: مقبول. الملكية: طابو أخضر. الطابق: ملحق. المميزات: شقة مفروشة, إنترنت, موقف سيارات, حديقة, أثاث",94200,برزة,205,4,3,منزل,مقبول,"شقة مفروشة, إنترنت, موقف سيارات, حديقة, أثاث",2025-11-07,بائع_94,980547887,إمتلاك,طابو أخضر,"كهرباء دولة, طاقة شمسية",ملحق,33.525052,36.299393,460,اقتصادية,property_images/duplex_interior.jpg,property_images/building_new_construction.jpg|property_images/apartment_modern.jpg|property_images/apartment_interior.jpg
1182,بيت في برزة,"بيت سكني تقليدي في حي برزة - مساحة 107 م² - 3 غرف, 2 حمامات. الحالة: كالجديد. الملكية: كاتب عدل. الطابق: سابع. المميزات: طاقة شمسية, كهرباء دولة, بلكونة, شبابيك دبل غلاس, أبواب حديدية",20000,برزة,107,3,2,بيت,كالجديد,"طاقة شمسية, كهرباء دولة, بلكونة, شبابيك دبل غلاس, أبواب حديدية",2026-02-03,بائع_291,949118388,دوشيش,كاتب عدل,"كهرباء دولة, طاقة شمسية",سابع,33.525421,36.299023,187,اقتصادية,property_images/building_needs_renovation.jpg,property_images/villa_interior.jpg|property_images/bedroom.jpg|property_images/building_needs_renovation.jpg
1183,شقة في برزة,"شقة سكنية في بناء سكني في حي برزة - مساحة 175 م² - 2 غرف, 1 حمامات. الحالة: ممتاز. الملكية: سجل عقاري. الطابق: ثاني. المميزات: شارع رئيسي, إنترنت",88100,برزة,175,2,1,شقة,ممتاز,"شارع رئيسي, إنترنت",2026-04-17,بائع_166,982328973,سوق.كوم,سجل عقاري,"كهرباء دولة, طاقة شمسية",ثاني,33.522622,36.2999,503,اقتصادية,property_images/apartment_economy.jpg,property_images/villa_modern.jpg|property_images/house_traditional.jpg|property_images/bedroom.jpg
1184,شقة في برزة,"شقة سكنية في بناء سكني في حي برزة - مساحة 83 م² - 4 غرف, 1 حمامات. الحالة: ممتاز. الملكية: كاتب عدل. الطابق: رابع. المميزات: طاقة شمسية, شبابيك دبل غلاس, مكيف, مرآب, بلكونة",48400,برزة,83,4,1,شقة,ممتاز,"طاقة شمسية, شبابيك دبل غلاس, مكيف, مرآب, بلكونة",2026-04-25,بائع_221,978179689,بيوت شام,كاتب عدل,غير محدد,رابع,33.525582,36.301916,583,اقتصادية,property_images/bedroom.jpg,property_images/apartment_economy.jpg|property_images/villa_modern.jpg|property_images/bedroom.jpg
1185,بيت في برزة,"بيت سكني تقليدي في حي برزة - مساحة 86 م² - 3 غرف, 2 حمامات. الحالة: جيد. الملكية: طابو أخضر. الطابق: أول. المميزات: أثاث, شارع رئيسي",35000,برزة,86,3,2,بيت,جيد,"أثاث, شارع رئيسي",2026-04-25,بائع_23,964701774,إكار,طابو أخضر,كهرباء دولة,أول,33.52227,36.301403,407,اقتصادية,property_images/building_needs_renovation.jpg,property_images/apartment_luxury.jpg|property_images/apartment_modern.jpg|property_images/apartment_street.jpg
1186,محل تجاري في برزة,"محل تجاري أو مكتب في حي برزة - مساحة 72 م², 1 حمامات. الحالة: كالجديد. الملكية: كاتب عدل. الطابق: أرضي. المميزات: مكيف, حارس أمن, بلكونة",53400,برزة,72,0,1,محل تجاري,كالجديد,"مكيف, حارس أمن, بلكونة",2025-11-17,بائع_58,977664476,بيوتنا,كاتب عدل,"كهرباء دولة, طاقة شمسية",أرضي,33.525003,36.30083,742,اقتصادية,property_images/building_new_construction.jpg,property_images/house_traditional.jpg|property_images/villa_modern.jpg|property_images/villa_interior.jpg
1187,محل تجاري في برزة,"محل تجاري أو مكتب في حي برزة - مساحة 100 م² - 1 غرف, 1 حمامات. الحالة: جيد. الملكية: سجل عقاري. الطابق: أرضي. المميزات: حارس أمن, قرب مستشفى",46600,برزة,100,1,1,محل تجاري,جيد,"حارس أمن, قرب مستشفى",2025-12-19,بائع_30,979424328,بيوت شام,سجل عقاري,"كهرباء دولة, طاقة شمسية",أرضي,33.525277,36.297828,466,اقتصادية,property_images/building_new_construction.jpg,property_images/villa_modern.jpg|property_images/apartment_interior.jpg|property_images/house_traditional.jpg
1188,بيت قديم في القابون,"بيت تراثي دمشقي قديم في حي القابون - مساحة 69 م² - 2 غرف, 2 حمامات. الحالة: مقبول. الملكية: حكم محكمة. الطابق: أول. المميزات: قرب مستشفى, شقة مفروشة, أبواب حديدية",16700,القابون,69,2,2,بيت قديم,مقبول,"قرب مستشفى, شقة مفروشة, أبواب حديدية",2026-02-14,بائع_267,971913630,إمتلاك,حكم محكمة,غير محدد,أول,33.532208,36.304487,242,اقتصادية,property_images/house_traditional.jpg,property_images/villa_interior.jpg|property_images/apartment_luxury.jpg|property_images/apartment_economy.jpg
1189,مكتب في القابون,"مكتب تجاري في حي القابون - مساحة 50 م², 1 حمامات. الحالة: جيد. الملكية: طابو نظامي. الطابق: أرضي. المميزات: حارس أمن, إطلالة مفتوحة, مرآب, مكيف",17900,القابون,50,0,1,مكتب,جيد,"حارس أمن, إطلالة مفتوحة, مرآب, مكيف",2025-11-30,بائع_73,985947944,بيوتنا,طابو نظامي,"كهرباء دولة, طاقة شمسية",أرضي,33.52893,36.30559,358,اقتصادية,property_images/apartment_modern.jpg,property_images/apartment_luxury.jpg|property_images/apartment_kitchen.jpg|property_images/apartment_modern.jpg
1190,شقة في القابون,"شقة سكنية في بناء سكني في حي القابون - مساحة 67 م² - 1 غرف, 1 حمامات. الحالة: كالجديد. الملكية: طابو أخضر. الطابق: ثالث. المميزات: بلكونة, إطلالة مفتوحة, كهرباء دولة, قرب مدرسة",44600,القابون,67,1,1,شقة,كالجديد,"بلكونة, إطلالة مفتوحة, كهرباء دولة, قرب مدرسة",2026-01-01,بائع_262,944194421,دوشيش,طابو أخضر,طاقة شمسية,ثالث,33.528669,36.306444,666,اقتصادية,property_images/apartment_kitchen.jpg,property_images/villa_interior.jpg|property_images/bedroom.jpg|property_images/townhouse.jpg
1191,محل تجاري في القابون,"محل تجاري أو مكتب في حي القابون - مساحة 30 م² - 1 غرف, 1 حمامات. الحالة: ممتاز. الملكية: كاتب عدل. الطابق: ثاني. المميزات: شقة مفروشة, حارس أمن, بلكونة, شارع رئيسي, أثاث, إطلالة مفتوحة",17000,القابون,30,1,1,محل تجاري,ممتاز,"شقة مفروشة, حارس أمن, بلكونة, شارع رئيسي, أثاث, إطلالة مفتوحة",2026-01-15,بائع_217,982121953,إمتلاك,كاتب عدل,"كهرباء دولة, طاقة شمسية",ثاني,33.531344,36.305768,567,اقتصادية,property_images/building_new_construction.jpg,property_images/apartment_street.jpg|property_images/villa_interior.jpg|property_images/building_needs_renovation.jpg
1192,بيت قديم في القابون,"بيت تراثي دمشقي قديم في حي القابون - مساحة 65 م² - 2 غرف, 2 حمامات. الحالة: كالجديد. الملكية: طابو أخضر. الطابق: أرضي. المميزات: بلكونة, قرب مدرسة, حديقة",24500,القابون,65,2,2,بيت قديم,كالجديد,"بلكونة, قرب مدرسة, حديقة",2026-04-11,بائع_2,971762499,سوق.كوم,طابو أخضر,"كهرباء دولة, طاقة شمسية",أرضي,33.527634,36.304494,377,اقتصادية,property_images/house_traditional.jpg,property_images/villa_modern.jpg|property_images/apartment_street.jpg|property_images/apartment_interior.jpg
1193,شقة في القابون,"شقة سكنية في بناء سكني في حي القابون - مساحة 156 م² - 2 غرف, 1 حمامات. الحالة: كالجديد. الملكية: طابو نظامي. الطابق: أرضي. المميزات: قرب مدرسة, بلكونة, مرآب, إطلالة مفتوحة",91800,القابون,156,2,1,شقة,كالجديد,"قرب مدرسة, بلكونة, مرآب, إطلالة مفتوحة",2025-11-08,بائع_222,950962595,دوشيش,طابو نظامي,كهرباء دولة,أرضي,33.53003,36.30305,588,اقتصادية,property_images/bedroom.jpg,property_images/apartment_economy.jpg|property_images/apartment_modern.jpg|property_images/building_new_construction.jpg
1194,بيت قديم في القابون,"بيت تراثي دمشقي قديم في حي القابون - مساحة 122 م² - 2 غرف, 1 حمامات. الحالة: يحتاج ترميم. الملكية: كاتب عدل. الطابق: ملحق. المميزات: إطلالة مفتوحة, غاز مركزي, أثاث, قرب مستشفى, أبواب حديدية, مرآب",23900,القابون,122,2,1,بيت قديم,يحتاج ترميم,"إطلالة مفتوحة, غاز مركزي, أثاث, قرب مستشفى, أبواب حديدية, مرآب",2026-04-06,بائع_278,981285632,دوشيش,كاتب عدل,"كهرباء دولة, طاقة شمسية",ملحق,33.525359,36.306565,196,اقتصادية,property_images/house_traditional.jpg,property_images/building_new_construction.jpg|property_images/apartment_economy.jpg|property_images/duplex_interior.jpg
1195,منزل في القابون,"منزل سكني عائلي في حي القابون - مساحة 158 م² - 2 غرف, 1 حمامات. الحالة: كالجديد. الملكية: حكم محكمة. الطابق: ملحق. المميزات: أثاث, مكيف",93300,القابون,158,2,1,منزل,كالجديد,"أثاث, مكيف",2026-03-09,بائع_79,942805719,إكار,حكم محكمة,"كهرباء دولة, طاقة شمسية",ملحق,33.527809,36.298647,591,اقتصادية,property_images/duplex_interior.jpg,property_images/townhouse.jpg|property_images/building_needs_renovation.jpg|property_images/villa_modern.jpg
1196,محل تجاري في القابون,"محل تجاري أو مكتب في حي القابون - مساحة 66 م², 1 حمامات. الحالة: جيد. الملكية: طابو نظامي. الطابق: أول. المميزات: موقف سيارات, شقة مفروشة, أبواب حديدية, حديقة, مصعد, غاز مركزي",31600,القابون,66,0,1,محل تجاري,جيد,"موقف سيارات, شقة مفروشة, أبواب حديدية, حديقة, مصعد, غاز مركزي",2026-04-24,بائع_217,977965622,إكار,طابو نظامي,"كهرباء دولة, طاقة شمسية",أول,33.526619,36.303043,479,اقتصادية,property_images/building_new_construction.jpg,property_images/villa_modern.jpg|property_images/apartment_interior.jpg|property_images/building_new_construction.jpg
1197,شقة في القابون,"شقة سكنية في بناء سكني في حي القابون - مساحة 216 م² - 1 غرف, 2 حمامات. الحالة: جيد. الملكية: بدون أوراق. الطابق: سابع. المميزات: موقف سيارات, إطلالة مفتوحة, مكيف",54300,القابون,216,1,2,شقة,جيد,"موقف سيارات, إطلالة مفتوحة, مكيف",2026-04-06,بائع_236,994828543,سوق.كوم,بدون أوراق,غير محدد,سابع,33.531462,36.303699,251,اقتصادية,property_images/apartment_street.jpg,property_images/apartment_street.jpg|property_images/bedroom.jpg|property_images/apartment_economy.jpg
1198,شقة في القابون,"شقة سكنية في بناء سكني في حي القابون - مساحة 55 م² - 2 غرف, 2 حمامات. الحالة: جيد. الملكية: حكم محكمة. الطابق: سادس. المميزات: أبواب حديدية, بلكونة, مصعد, مكيف",18600,القابون,55,2,2,شقة,جيد,"أبواب حديدية, بلكونة, مصعد, مكيف",2026-01-23,بائع_274,979900817,بيوتنا,حكم محكمة,كهرباء دولة,سادس,33.529469,36.3042,338,اقتصادية,property_images/bedroom.jpg,property_images/apartment_street.jpg|property_images/apartment_modern.jpg|property_images/apartment_kitchen.jpg
1199,بيت في القابون,"بيت سكني تقليدي في حي القابون - مساحة 106 م² - 1 غرف, 2 حمامات. الحالة: ممتاز. الملكية: كاتب عدل. الطابق: خامس. المميزات: أثاث, بئر مياه خاص, شقة مفروشة, بلكونة, حديقة",39300,القابون,106,1,2,بيت,ممتاز,"أثاث, بئر مياه خاص, شقة مفروشة, بلكونة, حديقة",2026-01-14,بائع_5,986874031,بيوت شام,كاتب عدل,"كهرباء دولة, طاقة شمسية",خامس,33.5297,36.302472,371,اقتصادية,property_images/building_needs_renovation.jpg,property_images/apartment_economy.jpg|property_images/building_needs_renovation.jpg|property_images/duplex_interior.jpg
1200,محل تجاري في القابون,"محل تجاري أو مكتب في حي القابون - مساحة 72 م² - 1 غرف, 1 حمامات. الحالة: جيد. الملكية: حكم محكمة. الطابق: أرضي. المميزات: مكيف, إطلالة مفتوحة, مرآب, قرب مستشفى, بئر مياه خاص",11200,القابون,72,1,1,محل تجاري,جيد,"مكيف, إطلالة مفتوحة, مرآب, قرب مستشفى, بئر مياه خاص",2026-01-24,بائع_249,932689756,سوق.كوم,حكم محكمة,غير محدد,أرضي,33.525899,36.306478,156,اقتصادية,property_images/building_new_construction.jpg,property_images/villa_modern.jpg|property_images/duplex_interior.jpg|property_images/townhouse.jpg
1201,منزل في القابون,"منزل سكني عائلي في حي القابون - مساحة 182 م² - 5 غرف, 2 حمامات. الحالة: جيد. الملكية: طابو نظامي. الطابق: أرضي. المميزات: إنترنت, إطلالة مفتوحة, قرب مستشفى, بئر مياه خاص, غاز مركزي, كهرباء دولة",64100,القابون,182,5,2,منزل,جيد,"إنترنت, إطلالة مفتوحة, قرب مستشفى, بئر مياه خاص, غاز مركزي, كهرباء دولة",2025-12-01,بائع_259,968218011,دوشيش,طابو نظامي,طاقة شمسية,أرضي,33.527209,36.303584,352,اقتصادية,property_images/duplex_interior.jpg,property_images/villa_interior.jpg|property_images/building_needs_renovation.jpg|property_images/bedroom.jpg
1202,منزل في القابون,"منزل سكني عائلي في حي القابون - مساحة 148 م² - 4 غرف, 1 حمامات. الحالة: ممتاز. الملكية: سجل عقاري. الطابق: أول. المميزات: قرب مستشفى, قرب مدرسة, إطلالة مفتوحة, حارس أمن, غاز مركزي",25400,القابون,148,4,1,منزل,ممتاز,"قرب مستشفى, قرب مدرسة, إطلالة مفتوحة, حارس أمن, غاز مركزي",2026-02-27,بائع_149,970110356,ماروتا سيتي,سجل عقاري,غير محدد,أول,33.528522,36.306305,172,اقتصادية,property_images/house_traditional.jpg,property_images/apartment_interior.jpg|property_images/villa_modern.jpg|property_images/apartment_economy.jpg
1203,بيت في القابون,"بيت سكني تقليدي في حي القابون - مساحة 152 م² - 2 غرف, 1 حمامات. الحالة: جيد. الملكية: سجل عقاري. الطابق: سادس. المميزات: بلكونة, حارس أمن, تدفئة مركزية, شارع رئيسي",39800,القابون,152,2,1,بيت,جيد,"بلكونة, حارس أمن, تدفئة مركزية, شارع رئيسي",2026-01-24,بائع_205,967679733,إكار,سجل عقاري,كهرباء دولة,سادس,33.531513,36.301172,262,اقتصادية,property_images/building_needs_renovation.jpg,property_images/duplex_interior.jpg|property_images/building_needs_renovation.jpg|property_images/bedroom.jpg
1204,محل تجاري في القابون,"محل تجاري أو مكتب في حي القابون - مساحة 76 م² - 1 غرف, 1 حمامات. الحالة: جديد. الملكية: سجل عقاري. الطابق: ثاني. المميزات: شقة مفروشة, حارس أمن, طاقة شمسية, مصعد",30400,القابون,76,1,1,محل تجاري,جديد,"شقة مفروشة, حارس أمن, طاقة شمسية, مصعد",2026-03-18,بائع_22,972605903,بيوت شام,سجل عقاري,غير محدد,ثاني,33.530615,36.304504,400,اقتصادية,property_images/building_new_construction.jpg,property_images/building_needs_renovation.jpg|property_images/apartment_street.jpg|property_images/apartment_modern.jpg
1205,بيت في القابون,"بيت سكني تقليدي في حي القابون - مساحة 149 م² - 3 غرف, 2 حمامات. الحالة: جيد. الملكية: طابو نظامي. الطابق: ثالث. المميزات: حارس أمن, قرب مدرسة, إنترنت, مرآب",33500,القابون,149,3,2,بيت,جيد,"حارس أمن, قرب مدرسة, إنترنت, مرآب",2026-01-11,بائع_190,931149538,سوق.كوم,طابو نظامي,كهرباء دولة,ثالث,33.531255,36.304441,225,اقتصادية,property_images/building_needs_renovation.jpg,property_images/bedroom.jpg|property_images/apartment_street.jpg|property_images/building_needs_renovation.jpg
1206,شقة في القابون,"شقة سكنية في بناء سكني في حي القابون - مساحة 114 م² - 4 غرف, 1 حمامات. الحالة: جيد. الملكية: حكم محكمة. الطابق: رابع. المميزات: إطلالة مفتوحة, إنترنت, أثاث, مصعد, شارع رئيسي, غاز مركزي",38400,القابون,114,4,1,شقة,جيد,"إطلالة مفتوحة, إنترنت, أثاث, مصعد, شارع رئيسي, غاز مركزي",2025-12-12,بائع_99,986667659,إمتلاك,حكم محكمة,"كهرباء دولة, طاقة شمسية",رابع,33.528309,36.304972,337,اقتصادية,property_images/apartment_interior.jpg,property_images/building_new_construction.jpg|property_images/duplex_interior.jpg|property_images/building_needs_renovation.jpg
1207,محل تجاري في القابون,"محل تجاري أو مكتب في حي القابون - مساحة 58 م², 1 حمامات. الحالة: يحتاج ترميم. الملكية: سجل عقاري. الطابق: ثاني. المميزات: شارع رئيسي, حارس أمن",18800,القابون,58,0,1,محل تجاري,يحتاج ترميم,"شارع رئيسي, حارس أمن",2025-11-22,بائع_18,933218487,إمتلاك,سجل عقاري,كهرباء دولة,ثاني,33.530169,36.306596,324,اقتصادية,property_images/building_new_construction.jpg,property_images/apartment_kitchen.jpg|property_images/bedroom.jpg|property_images/house_traditional.jpg
1208,بيت قديم في القابون,"بيت تراثي دمشقي قديم في حي القابون - مساحة 132 م² - 2 غرف, 1 حمامات. الحالة: ممتاز. الملكية: كاتب عدل. الطابق: أول. المميزات: كهرباء دولة, بئر مياه خاص, إطلالة مفتوحة",25300,القابون,132,2,1,بيت قديم,ممتاز,"كهرباء دولة, بئر مياه خاص, إطلالة مفتوحة",2026-04-24,بائع_202,991387581,إمتلاك,كاتب عدل,كهرباء دولة,أول,33.531738,36.302627,192,اقتصادية,property_images/building_needs_renovation.jpg,property_images/apartment_modern.jpg|property_images/building_new_construction.jpg|property_images/apartment_street.jpg
1209,شقة في القابون,"شقة سكنية في بناء سكني في حي القابون - مساحة 140 م² - 4 غرف, 2 حمامات. الحالة: ممتاز. الملكية: بدون أوراق. الطابق: ثاني. المميزات: بئر مياه خاص, تدفئة مركزية, غاز مركزي",53000,القابون,140,4,2,شقة,ممتاز,"بئر مياه خاص, تدفئة مركزية, غاز مركزي",2026-02-12,بائع_177,985600890,بيوتنا,بدون أوراق,طاقة شمسية,ثاني,33.526177,36.305186,379,اقتصادية,property_images/apartment_luxury.jpg,property_images/house_traditional.jpg|property_images/apartment_economy.jpg|property_images/apartment_luxury.jpg
1210,شقة في القابون,"شقة سكنية في بناء سكني في حي القابون - مساحة 103 م² - 2 غرف, 1 حمامات. الحالة: ممتاز. الملكية: طابو أخضر. الطابق: أرضي. المميزات: مصعد, حديقة, طاقة شمسية, أثاث, بئر مياه خاص, شبابيك دبل غلاس",32000,القابون,103,2,1,شقة,ممتاز,"مصعد, حديقة, طاقة شمسية, أثاث, بئر مياه خاص, شبابيك دبل غلاس",2026-01-26,بائع_156,999402591,إمتلاك,طابو أخضر,"كهرباء دولة, طاقة شمسية",أرضي,33.532702,36.303693,311,اقتصادية,property_images/apartment_kitchen.jpg,property_images/apartment_economy.jpg|property_images/duplex_interior.jpg|property_images/building_new_construction.jpg
1211,بيت عربي في القابون,"بيت عربي بقاعة داخلية واسعة في حي القابون - مساحة 139 م² - 5 غرف, 2 حمامات. الحالة: ممتاز. الملكية: طابو نظامي. الطابق: أرضي. المميزات: حارس أمن, طاقة شمسية, قرب مدرسة",53900,القابون,139,5,2,بيت عربي,ممتاز,"حارس أمن, طاقة شمسية, قرب مدرسة",2026-04-15,بائع_71,966449193,إمتلاك,طابو نظامي,كهرباء دولة,أرضي,33.531371,36.304717,388,اقتصادية,property_images/duplex_interior.jpg,property_images/house_traditional.jpg|property_images/bedroom.jpg|property_images/building_new_construction.jpg
1212,شقة في القابون,"شقة سكنية في بناء سكني في حي القابون - مساحة 160 م² - 1 غرف, 1 حمامات. الحالة: كالجديد. الملكية: حكم محكمة. الطابق: أول. المميزات: غاز مركزي, مكيف, بلكونة",83200,القابون,160,1,1,شقة,كالجديد,"غاز مركزي, مكيف, بلكونة",2026-01-05,بائع_122,948764070,دوشيش,حكم محكمة,طاقة شمسية,أول,33.525644,36.303941,520,اقتصادية,property_images/bedroom.jpg,property_images/apartment_street.jpg|property_images/townhouse.jpg|property_images/bedroom.jpg
1213,منزل في القابون,"منزل سكني عائلي في حي القابون - مساحة 134 م² - 3 غرف, 3 حمامات. الحالة: ممتاز. الملكية: طابو نظامي. الطابق: أول. المميزات: قرب مدرسة, حديقة, إطلالة مفتوحة, شارع رئيسي",62300,القابون,134,3,3,منزل,ممتاز,"قرب مدرسة, حديقة, إطلالة مفتوحة, شارع رئيسي",2026-02-16,بائع_88,974246740,إمتلاك,طابو نظامي,كهرباء دولة,أول,33.52475,36.310098,465,اقتصادية,property_images/house_traditional.jpg,property_images/villa_modern.jpg|property_images/bedroom.jpg|property_images/villa_interior.jpg
1214,محل تجاري في القابون,"محل تجاري أو مكتب في حي القابون - مساحة 73 م² - 1 غرف, 1 حمامات. الحالة: كالجديد. الملكية: طابو أخضر. الطابق: أرضي. المميزات: إطلالة مفتوحة, موقف سيارات, شبابيك دبل غلاس, شارع رئيسي",40800,القابون,73,1,1,محل تجاري,كالجديد,"إطلالة مفتوحة, موقف سيارات, شبابيك دبل غلاس, شارع رئيسي",2025-11-23,بائع_25,976423500,إكار,طابو أخضر,"كهرباء دولة, طاقة شمسية",أرضي,33.532363,36.309687,559,اقتصادية,property_images/building_new_construction.jpg,property_images/villa_modern.jpg|property_images/house_traditional.jpg|property_images/townhouse.jpg
1215,شقة في القابون,"شقة سكنية في بناء سكني في حي القابون - مساحة 150 م² - 4 غرف, 1 حمامات. الحالة: ممتاز. الملكية: طابو نظامي. الطابق: رابع. المميزات: شارع رئيسي, أثاث, إنترنت, مكيف",83500,القابون,150,4,1,شقة,ممتاز,"شارع رئيسي, أثاث, إنترنت, مكيف",2026-02-19,بائع_58,989224867,بيوت شام,طابو نظامي,كهرباء دولة,رابع,33.530261,36.304717,557,اقتصادية,property_images/bedroom.jpg,property_images/bedroom.jpg|property_images/apartment_interior.jpg|property_images/apartment_luxury.jpg
1216,بيت في القابون,"بيت سكني تقليدي في حي القابون - مساحة 95 م² - 2 غرف, 1 حمامات. الحالة: جيد. الملكية: بدون أوراق. الطابق: خامس. المميزات: بئر مياه خاص, إطلالة مفتوحة, أثاث, تدفئة مركزية",16200,القابون,95,2,1,بيت,جيد,"بئر مياه خاص, إطلالة مفتوحة, أثاث, تدفئة مركزية",2026-04-28,بائع_114,954230874,إكار,بدون أوراق,كهرباء دولة,خامس,33.528626,36.302299,171,اقتصادية,property_images/house_traditional.jpg,property_images/bedroom.jpg|property_images/villa_interior.jpg|property_images/building_new_construction.jpg
1217,شقة في القابون,"شقة سكنية في بناء سكني في حي القابون - مساحة 117 م² - 2 غرف, 1 حمامات. الحالة: جديد. الملكية: كاتب عدل. الطابق: ملحق. المميزات: إطلالة مفتوحة, بلكونة, مرآب, تدفئة مركزية, شقة مفروشة, أبواب حديدية",23600,القابون,117,2,1,شقة,جديد,"إطلالة مفتوحة, بلكونة, مرآب, تدفئة مركزية, شقة مفروشة, أبواب حديدية",2025-12-14,بائع_35,975932992,بيوتنا,كاتب عدل,"كهرباء دولة, طاقة شمسية",ملحق,33.530382,36.304927,202,اقتصادية,property_images/apartment_economy.jpg,property_images/apartment_economy.jpg|property_images/duplex_interior.jpg|property_images/building_needs_renovation.jpg
1218,منزل في القابون,"منزل سكني عائلي في حي القابون - مساحة 166 م² - 5 غرف, 1 حمامات. الحالة: جيد. الملكية: طابو أخضر. الطابق: أول. المميزات: موقف سيارات, حديقة, بلكونة, حارس أمن",48900,القابون,166,5,1,منزل,جيد,"موقف سيارات, حديقة, بلكونة, حارس أمن",2025-11-17,بائع_109,971864347,بيوتنا,طابو أخضر,غير محدد,أول,33.536154,36.30772,295,اقتصادية,property_images/duplex_interior.jpg,property_images/building_needs_renovation.jpg|property_images/villa_modern.jpg|property_images/duplex_interior.jpg
1219,منزل في القابون,"منزل سكني عائلي في حي القابون - مساحة 103 م² - 2 غرف, 3 حمامات. الحالة: مقبول. الملكية: سجل عقاري. الطابق: أول. المميزات: حارس أمن, إنترنت, مرآب, أبواب حديدية, أثاث, بئر مياه خاص",33000,القابون,103,2,3,منزل,مقبول,"حارس أمن, إنترنت, مرآب, أبواب حديدية, أثاث, بئر مياه خاص",2026-01-03,بائع_227,978270483,إكار,سجل عقاري,غير محدد,أول,33.528784,36.302971,320,اقتصادية,property_images/duplex_interior.jpg,property_images/building_needs_renovation.jpg|property_images/apartment_economy.jpg|property_images/house_traditional.jpg
1220,بيت عربي في القابون,"بيت عربي بقاعة داخلية واسعة في حي القابون - مساحة 112 م² - 4 غرف, 1 حمامات. الحالة: جيد. الملكية: طابو أخضر. الطابق: ملحق. المميزات: غاز مركزي, مكيف, قرب مستشفى",43800,القابون,112,4,1,بيت عربي,جيد,"غاز مركزي, مكيف, قرب مستشفى",2025-11-25,بائع_221,963458041,سوق.كوم,طابو أخضر,كهرباء دولة,ملحق,33.528637,36.306936,391,اقتصادية,property_images/house_traditional.jpg,property_images/duplex_interior.jpg|property_images/villa_modern.jpg|property_images/bedroom.jpg
1221,بيت في القابون,"بيت سكني تقليدي في حي القابون - مساحة 139 م² - 3 غرف, 1 حمامات. الحالة: جيد. الملكية: كاتب عدل. الطابق: ملحق. المميزات: تدفئة مركزية, قرب مدرسة",62600,القابون,139,3,1,بيت,جيد,"تدفئة مركزية, قرب مدرسة",2026-05-01,بائع_273,959973107,إمتلاك,كاتب عدل,"كهرباء دولة, طاقة شمسية",ملحق,33.528295,36.305951,450,اقتصادية,property_images/house_traditional.jpg,property_images/bedroom.jpg|property_images/apartment_luxury.jpg|property_images/building_needs_renovation.jpg
1222,بيت قديم في القابون,"بيت تراثي دمشقي قديم في حي القابون - مساحة 122 م² - 4 غرف, 2 حمامات. الحالة: كالجديد. الملكية: حكم محكمة. الطابق: ملحق. المميزات: بئر مياه خاص, شارع رئيسي, بلكونة, إطلالة مفتوحة, غاز مركزي, كهرباء دولة",33700,القابون,122,4,2,بيت قديم,كالجديد,"بئر مياه خاص, شارع رئيسي, بلكونة, إطلالة مفتوحة, غاز مركزي, كهرباء دولة",2026-02-18,بائع_235,977559318,بيوتنا,حكم محكمة,غير محدد,ملحق,33.528456,36.308219,276,اقتصادية,property_images/house_traditional.jpg,property_images/duplex_interior.jpg|property_images/apartment_kitchen.jpg|property_images/townhouse.jpg
1223,منزل في جوبر,"منزل سكني عائلي في حي جوبر - مساحة 170 م² - 5 غرف, 2 حمامات. الحالة: مقبول. الملكية: كاتب عدل. الطابق: أرضي. المميزات: إنترنت, شقة مفروشة, مكيف, إطلالة مفتوحة, حارس أمن, تدفئة مركزية",53700,جوبر,170,5,2,منزل,مقبول,"إنترنت, شقة مفروشة, مكيف, إطلالة مفتوحة, حارس أمن, تدفئة مركزية",2025-12-07,بائع_237,998738795,إمتلاك,كاتب عدل,كهرباء دولة,أرضي,33.533356,36.305561,316,اقتصادية,property_images/duplex_interior.jpg,property_images/apartment_interior.jpg|property_images/house_traditional.jpg|property_images/villa_modern.jpg
1224,محل تجاري في جوبر,"محل تجاري أو مكتب في حي جوبر - مساحة 45 م², 1 حمامات. الحالة: مقبول. الملكية: كاتب عدل. الطابق: أول. المميزات: قرب مدرسة, أثاث, شبابيك دبل غلاس, موقف سيارات, قرب مستشفى, مصعد",13500,جوبر,45,0,1,محل تجاري,مقبول,"قرب مدرسة, أثاث, شبابيك دبل غلاس, موقف سيارات, قرب مستشفى, مصعد",2026-02-27,بائع_169,942928278,بيوت شام,كاتب عدل,غير محدد,أول,33.532872,36.30798,300,اقتصادية,property_images/building_new_construction.jpg,property_images/building_needs_renovation.jpg|property_images/villa_interior.jpg|property_images/apartment_luxury.jpg
1225,بيت عربي في جوبر,"بيت عربي بقاعة داخلية واسعة في حي جوبر - مساحة 100 م² - 3 غرف, 3 حمامات. الحالة: كالجديد. الملكية: سجل عقاري. الطابق: ملحق. المميزات: شقة مفروشة, حارس أمن, موقف سيارات, بلكونة, أثاث",21300,جوبر,100,3,3,بيت عربي,كالجديد,"شقة مفروشة, حارس أمن, موقف سيارات, بلكونة, أثاث",2026-02-07,بائع_223,998219618,ماروتا سيتي,سجل عقاري,كهرباء دولة,ملحق,33.536342,36.309208,213,اقتصادية,property_images/duplex_interior.jpg,property_images/apartment_interior.jpg|property_images/apartment_kitchen.jpg|property_images/building_new_construction.jpg
1226,شقة في جوبر,"شقة سكنية في بناء سكني في حي جوبر - مساحة 106 م² - 4 غرف, 1 حمامات. الحالة: كالجديد. الملكية: بدون أوراق. الطابق: ثاني. المميزات: حديقة, قرب مستشفى, مصعد, إطلالة مفتوحة",20700,جوبر,106,4,1,شقة,كالجديد,"حديقة, قرب مستشفى, مصعد, إطلالة مفتوحة",2025-12-09,بائع_25,977430954,بيوتنا,بدون أوراق,غير محدد,ثاني,33.532945,36.307253,195,اقتصادية,property_images/apartment_kitchen.jpg,property_images/bedroom.jpg|property_images/apartment_kitchen.jpg|property_images/villa_interior.jpg
1227,منزل في جوبر,"منزل سكني عائلي في حي جوبر - مساحة 189 م² - 3 غرف, 1 حمامات. الحالة: ممتاز. الملكية: سجل عقاري. الطابق: أرضي. المميزات: موقف سيارات, حديقة, شقة مفروشة, قرب مدرسة",82800,جوبر,189,3,1,منزل,ممتاز,"موقف سيارات, حديقة, شقة مفروشة, قرب مدرسة",2026-05-02,بائع_164,954232683,إمتلاك,سجل عقاري,غير محدد,أرضي,33.534007,36.305693,438,اقتصادية,property_images/townhouse.jpg,property_images/villa_interior.jpg|property_images/apartment_economy.jpg|property_images/bedroom.jpg
1228,شقة في جوبر,"شقة سكنية في بناء سكني في حي جوبر - مساحة 129 م² - 2 غرف, 1 حمامات. الحالة: جيد. الملكية: طابو أخضر. الطابق: ثاني. المميزات: طاقة شمسية, قرب مدرسة",30600,جوبر,129,2,1,شقة,جيد,"طاقة شمسية, قرب مدرسة",2026-02-16,بائع_69,970466542,سوق.كوم,طابو أخضر,غير محدد,ثاني,33.533963,36.310651,237,اقتصادية,property_images/apartment_kitchen.jpg,property_images/house_traditional.jpg|property_images/apartment_kitchen.jpg|property_images/apartment_modern.jpg
1229,شقة في جوبر,"شقة سكنية في بناء سكني في حي جوبر - مساحة 148 م² - 3 غرف, 1 حمامات. الحالة: ممتاز. الملكية: حكم محكمة. الطابق: رابع. المميزات: حارس أمن, تدفئة مركزية, بئر مياه خاص, حديقة, إطلالة مفتوحة, مكيف",54600,جوبر,148,3,1,شقة,ممتاز,"حارس أمن, تدفئة مركزية, بئر مياه خاص, حديقة, إطلالة مفتوحة, مكيف",2026-01-23,بائع_36,973831025,ماروتا سيتي,حكم محكمة,كهرباء دولة,رابع,33.532456,36.308423,369,اقتصادية,property_images/apartment_interior.jpg,property_images/apartment_kitchen.jpg|property_images/apartment_luxury.jpg|property_images/villa_interior.jpg
1230,بيت عربي في جوبر,"بيت عربي بقاعة داخلية واسعة في حي جوبر - مساحة 233 م² - 5 غرف, 1 حمامات. الحالة: جيد. الملكية: سجل عقاري. الطابق: ملحق. المميزات: موقف سيارات, أثاث, إنترنت, شقة مفروشة, غاز مركزي",57500,جوبر,233,5,1,بيت عربي,جيد,"موقف سيارات, أثاث, إنترنت, شقة مفروشة, غاز مركزي",2025-11-28,بائع_31,930757070,بيوت شام,سجل عقاري,كهرباء دولة,ملحق,33.537702,36.310585,247,اقتصادية,property_images/house_traditional.jpg,property_images/apartment_economy.jpg|property_images/villa_interior.jpg|property_images/apartment_kitchen.jpg
1231,منزل في جوبر,"منزل سكني عائلي في حي جوبر - مساحة 234 م² - 5 غرف, 1 حمامات. الحالة: يحتاج ترميم. الملكية: بدون أوراق. الطابق: أرضي. المميزات: شارع رئيسي, بئر مياه خاص, شبابيك دبل غلاس, طاقة شمسية",43600,جوبر,234,5,1,منزل,يحتاج ترميم,"شارع رئيسي, بئر مياه خاص, شبابيك دبل غلاس, طاقة شمسية",2026-01-29,بائع_123,992695695,بيوتنا,بدون أوراق,غير محدد,أرضي,33.536175,36.310828,186,اقتصادية,property_images/house_traditional.jpg,property_images/duplex_interior.jpg|property_images/villa_modern.jpg|property_images/apartment_luxury.jpg
1232,شقة في جوبر,"شقة سكنية في بناء سكني في حي جوبر - مساحة 135 م² - 4 غرف, 2 حمامات. الحالة: مقبول. الملكية: طابو أخضر. الطابق: ثاني. المميزات: غاز مركزي, إطلالة مفتوحة, تدفئة مركزية",32000,جوبر,135,4,2,شقة,مقبول,"غاز مركزي, إطلالة مفتوحة, تدفئة مركزية",2026-01-05,بائع_249,953579131,سوق.كوم,طابو أخضر,غير محدد,ثاني,33.534103,36.308477,237,اقتصادية,property_images/apartment_luxury.jpg,property_images/apartment_modern.jpg|property_images/bedroom.jpg|property_images/apartment_economy.jpg
1233,محل تجاري في جوبر,"محل تجاري أو مكتب في حي جوبر - مساحة 30 م² - 1 غرف, 1 حمامات. الحالة: جيد. الملكية: سجل عقاري. الطابق: أول. المميزات: حديقة, طاقة شمسية",10300,جوبر,30,1,1,محل تجاري,جيد,"حديقة, طاقة شمسية",2026-03-01,بائع_132,938956686,إمتلاك,سجل عقاري,"كهرباء دولة, طاقة شمسية",أول,33.537193,36.303617,343,اقتصادية,property_images/building_new_construction.jpg,property_images/villa_modern.jpg|property_images/townhouse.jpg|property_images/apartment_economy.jpg
1234,بيت قديم في جوبر,"بيت تراثي دمشقي قديم في حي جوبر - مساحة 153 م² - 4 غرف, 2 حمامات. الحالة: جديد. الملكية: كاتب عدل. الطابق: ملحق. المميزات: شارع رئيسي, أثاث, حديقة, قرب مدرسة",66700,جوبر,153,4,2,بيت قديم,جديد,"شارع رئيسي, أثاث, حديقة, قرب مدرسة",2026-02-27,بائع_22,977230484,سوق.كوم,كاتب عدل,غير محدد,ملحق,33.53408,36.309087,436,اقتصادية,property_images/house_traditional.jpg,property_images/duplex_interior.jpg|property_images/apartment_modern.jpg|property_images/townhouse.jpg
1235,شقة في جوبر,"شقة سكنية في بناء سكني في حي جوبر - مساحة 120 م² - 4 غرف, 1 حمامات. الحالة: جيد. الملكية: طابو أخضر. الطابق: سابع. المميزات: كهرباء دولة, مكيف",56400,جوبر,120,4,1,شقة,جيد,"كهرباء دولة, مكيف",2025-12-26,بائع_53,963764545,بيوت شام,طابو أخضر,كهرباء دولة,سابع,33.536965,36.3052,470,اقتصادية,property_images/apartment_interior.jpg,property_images/house_traditional.jpg|property_images/apartment_economy.jpg|property_images/bedroom.jpg
1236,بيت في جوبر,"بيت سكني تقليدي في حي جوبر - مساحة 127 م² - 3 غرف, 1 حمامات. الحالة: جيد. الملكية: سجل عقاري. الطابق: سابع. المميزات: حديقة, أثاث, مصعد, مرآب, تدفئة مركزية, قرب مدرسة",31600,جوبر,127,3,1,بيت,جيد,"حديقة, أثاث, مصعد, مرآب, تدفئة مركزية, قرب مدرسة",2025-11-18,بائع_2,952281543,إكار,سجل عقاري,كهرباء دولة,سابع,33.535166,36.306544,249,اقتصادية,property_images/building_needs_renovation.jpg,property_images/house_traditional.jpg|property_images/apartment_kitchen.jpg|property_images/apartment_luxury.jpg
1237,منزل في جوبر,"منزل سكني عائلي في حي جوبر - مساحة 238 م² - 5 غرف, 2 حمامات. الحالة: مقبول. الملكية: بدون أوراق. الطابق: ملحق. المميزات: إنترنت, حارس أمن, طاقة شمسية, حديقة",65300,جوبر,238,5,2,منزل,مقبول,"إنترنت, حارس أمن, طاقة شمسية, حديقة",2025-12-31,بائع_64,988378797,بيوتنا,بدون أوراق,غير محدد,ملحق,33.53352,36.305331,274,اقتصادية,property_images/duplex_interior.jpg,property_images/building_needs_renovation.jpg|property_images/building_new_construction.jpg|property_images/bedroom.jpg
1238,شقة في جوبر,"شقة سكنية في بناء سكني في حي جوبر - مساحة 106 م² - 1 غرف, 1 حمامات. الحالة: يحتاج ترميم. الملكية: كاتب عدل. الطابق: ملحق. المميزات: كهرباء دولة, تدفئة مركزية, أثاث, بئر مياه خاص, قرب مستشفى",27700,جوبر,106,1,1,شقة,يحتاج ترميم,"كهرباء دولة, تدفئة مركزية, أثاث, بئر مياه خاص, قرب مستشفى",2025-12-27,بائع_253,956675014,دوشيش,كاتب عدل,غير محدد,ملحق,33.53548,36.310506,261,اقتصادية,property_images/apartment_luxury.jpg,property_images/villa_interior.jpg|property_images/apartment_kitchen.jpg|property_images/duplex_interior.jpg
1239,منزل في جوبر,"منزل سكني عائلي في حي جوبر - مساحة 195 م² - 3 غرف, 3 حمامات. الحالة: جيد. الملكية: بدون أوراق. الطابق: أول. المميزات: أثاث, غاز مركزي, بئر مياه خاص",60600,جوبر,195,3,3,منزل,جيد,"أثاث, غاز مركزي, بئر مياه خاص",2026-04-11,بائع_120,931734433,سوق.كوم,بدون أوراق,كهرباء دولة,أول,33.535654,36.305221,311,اقتصادية,property_images/duplex_interior.jpg,property_images/apartment_interior.jpg|property_images/apartment_kitchen.jpg|property_images/building_new_construction.jpg
1240,بيت في جوبر,"بيت سكني تقليدي في حي جوبر - مساحة 104 م² - 1 غرف, 2 حمامات. الحالة: كالجديد. الملكية: بدون أوراق. الطابق: ثاني. المميزات: بلكونة, قرب مدرسة",36200,جوبر,104,1,2,بيت,كالجديد,"بلكونة, قرب مدرسة",2026-03-24,بائع_21,963171114,إمتلاك,بدون أوراق,"كهرباء دولة, طاقة شمسية",ثاني,33.534897,36.309006,348,اقتصادية,property_images/building_needs_renovation.jpg,property_images/apartment_luxury.jpg|property_images/building_needs_renovation.jpg|property_images/townhouse.jpg
1241,محل تجاري في جوبر,"محل تجاري أو مكتب في حي جوبر - مساحة 52 م², 1 حمامات. الحالة: مقبول. الملكية: طابو نظامي. الطابق: أول. المميزات: شبابيك دبل غلاس, شارع رئيسي, مكيف, مصعد",11100,جوبر,52,0,1,محل تجاري,مقبول,"شبابيك دبل غلاس, شارع رئيسي, مكيف, مصعد",2026-04-21,بائع_254,964204548,إكار,طابو نظامي,طاقة شمسية,أول,33.534753,36.308618,213,اقتصادية,property_images/building_new_construction.jpg,property_images/apartment_economy.jpg|property_images/villa_interior.jpg|property_images/bedroom.jpg
1242,شقة في جوبر,"شقة سكنية في بناء سكني في حي جوبر - مساحة 97 م² - 2 غرف, 1 حمامات. الحالة: ممتاز. الملكية: بدون أوراق. الطابق: رابع. المميزات: إطلالة مفتوحة, أبواب حديدية",24300,جوبر,97,2,1,شقة,ممتاز,"إطلالة مفتوحة, أبواب حديدية",2026-03-30,بائع_74,965670410,دوشيش,بدون أوراق,كهرباء دولة,رابع,33.533121,36.310238,251,اقتصادية,property_images/bedroom.jpg,property_images/apartment_modern.jpg|property_images/villa_modern.jpg|property_images/building_new_construction.jpg
1243,شقة في جوبر,"شقة سكنية في بناء سكني في حي جوبر - مساحة 109 م² - 2 غرف, 2 حمامات. الحالة: جيد. الملكية: حكم محكمة. الطابق: ثاني. المميزات: قرب مستشفى, مرآب, أثاث, بلكونة",51400,جوبر,109,2,2,شقة,جيد,"قرب مستشفى, مرآب, أثاث, بلكونة",2026-02-18,بائع_74,953403680,سوق.كوم,حكم محكمة,كهرباء دولة,ثاني,33.538057,36.307838,472,اقتصادية,property_images/bedroom.jpg,property_images/building_new_construction.jpg|property_images/apartment_street.jpg|property_images/apartment_modern.jpg
1244,شقة في جوبر,"شقة سكنية في بناء سكني في حي جوبر - مساحة 84 م² - 2 غرف, 1 حمامات. الحالة: مقبول. الملكية: حكم محكمة. الطابق: ثالث. المميزات: حارس أمن, شارع رئيسي, قرب مدرسة, تدفئة مركزية, قرب مستشفى",7900,جوبر,84,2,1,شقة,مقبول,"حارس أمن, شارع رئيسي, قرب مدرسة, تدفئة مركزية, قرب مستشفى",2026-04-10,بائع_196,957152701,دوشيش,حكم محكمة,كهرباء دولة,ثالث,33.532056,36.305252,94,اقتصادية,property_images/apartment_kitchen.jpg,property_images/building_needs_renovation.jpg|property_images/villa_interior.jpg|property_images/apartment_street.jpg
1245,شقة في جوبر,"شقة سكنية في بناء سكني في حي جوبر - مساحة 168 م² - 2 غرف, 1 حمامات. الحالة: جيد. الملكية: سجل عقاري. الطابق: ثالث. المميزات: تدفئة مركزية, شارع رئيسي, حديقة",55000,جوبر,168,2,1,شقة,جيد,"تدفئة مركزية, شارع رئيسي, حديقة",2026-04-01,بائع_36,976306143,دوشيش,سجل عقاري,كهرباء دولة,ثالث,33.535779,36.303559,327,اقتصادية,property_images/apartment_interior.jpg,property_images/apartment_interior.jpg|property_images/villa_modern.jpg|property_images/duplex_interior.jpg
1246,مكتب في جوبر,"مكتب تجاري في حي جوبر - مساحة 31 م², 1 حمامات. الحالة: جيد. الملكية: طابو أخضر. الطابق: أول. المميزات: إطلالة مفتوحة, حديقة, مصعد, تدفئة مركزية, حارس أمن",14700,جوبر,31,0,1,مكتب,جيد,"إطلالة مفتوحة, حديقة, مصعد, تدفئة مركزية, حارس أمن",2025-12-12,بائع_7,933937319,دوشيش,طابو أخضر,"كهرباء دولة, طاقة شمسية",أول,33.535574,36.307706,474,اقتصادية,property_images/apartment_modern.jpg,property_images/apartment_modern.jpg|property_images/apartment_kitchen.jpg|property_images/apartment_street.jpg
1247,شقة في جوبر,"شقة سكنية في بناء سكني في حي جوبر - مساحة 139 م² - 1 غرف, 2 حمامات. الحالة: جيد. الملكية: طابو أخضر. الطابق: ثالث. المميزات: بلكونة, موقف سيارات, حارس أمن",71800,جوبر,139,1,2,شقة,جيد,"بلكونة, موقف سيارات, حارس أمن",2026-04-25,بائع_261,990179241,إمتلاك,طابو أخضر,كهرباء دولة,ثالث,33.534558,36.308139,517,اقتصادية,property_images/apartment_luxury.jpg,property_images/apartment_modern.jpg|property_images/apartment_kitchen.jpg|property_images/building_new_construction.jpg
1248,شقة في جوبر,"شقة سكنية في بناء سكني في حي جوبر - مساحة 126 م² - 3 غرف, 2 حمامات. الحالة: كالجديد. الملكية: طابو أخضر. الطابق: ثاني. المميزات: مرآب, حارس أمن, أبواب حديدية, إطلالة مفتوحة",87300,جوبر,126,3,2,شقة,كالجديد,"مرآب, حارس أمن, أبواب حديدية, إطلالة مفتوحة",2026-04-18,بائع_243,930576879,بيوت شام,طابو أخضر,كهرباء دولة,ثاني,33.530801,36.309366,693,اقتصادية,property_images/bedroom.jpg,property_images/apartment_economy.jpg|property_images/apartment_street.jpg|property_images/apartment_luxury.jpg
1249,شقة في جوبر,"شقة سكنية في بناء سكني في حي جوبر - مساحة 115 م² - 2 غرف, 1 حمامات. الحالة: ممتاز. الملكية: بدون أوراق. الطابق: ثاني. المميزات: بئر مياه خاص, مكيف, بلكونة, إنترنت",37500,جوبر,115,2,1,شقة,ممتاز,"بئر مياه خاص, مكيف, بلكونة, إنترنت",2026-03-30,بائع_176,953325101,إكار,بدون أوراق,كهرباء دولة,ثاني,33.533685,36.307902,326,اقتصادية,property_images/apartment_economy.jpg,property_images/bedroom.jpg|property_images/villa_interior.jpg|property_images/apartment_modern.jpg
1250,شقة في جوبر,"شقة سكنية في بناء سكني في حي جوبر - مساحة 144 م² - 1 غرف, 2 حمامات. الحالة: جديد. الملكية: بدون أوراق. الطابق: أرضي. المميزات: شبابيك دبل غلاس, أبواب حديدية, بلكونة, غاز مركزي",80900,جوبر,144,1,2,شقة,جديد,"شبابيك دبل غلاس, أبواب حديدية, بلكونة, غاز مركزي",2025-11-22,بائع_181,970198957,بيوتنا,بدون أوراق,"كهرباء دولة, طاقة شمسية",أرضي,33.536616,36.306304,562,اقتصادية,property_images/apartment_interior.jpg,property_images/apartment_street.jpg|property_images/villa_modern.jpg|property_images/apartment_economy.jpg
1251,مكتب في جوبر,"مكتب تجاري في حي جوبر - مساحة 46 م², 1 حمامات. الحالة: جيد. الملكية: طابو أخضر. الطابق: ثاني. المميزات: بئر مياه خاص, قرب مدرسة, مصعد, مكيف, كهرباء دولة, إنترنت",14100,جوبر,46,0,1,مكتب,جيد,"بئر مياه خاص, قرب مدرسة, مصعد, مكيف, كهرباء دولة, إنترنت",2026-04-07,بائع_196,934237796,سوق.كوم,طابو أخضر,كهرباء دولة,ثاني,33.531409,36.30734,307,اقتصادية,property_images/apartment_interior.jpg,property_images/building_new_construction.jpg|property_images/bedroom.jpg|property_images/villa_modern.jpg
1252,شقة في جوبر,"شقة سكنية في بناء سكني في حي جوبر - مساحة 145 م² - 1 غرف, 1 حمامات. الحالة: جيد. الملكية: طابو نظامي. الطابق: رابع. المميزات: قرب مدرسة, غاز مركزي, بئر مياه خاص, شارع رئيسي, مرآب",27000,جوبر,145,1,1,شقة,جيد,"قرب مدرسة, غاز مركزي, بئر مياه خاص, شارع رئيسي, مرآب",2025-12-25,بائع_216,946324284,دوشيش,طابو نظامي,كهرباء دولة,رابع,33.537097,36.308976,186,اقتصادية,property_images/apartment_kitchen.jpg,property_images/house_traditional.jpg|property_images/building_needs_renovation.jpg|property_images/building_new_construction.jpg
1253,شقة في جوبر,"شقة سكنية في بناء سكني في حي جوبر - مساحة 94 م² - 3 غرف, 2 حمامات. الحالة: جديد. الملكية: طابو أخضر. الطابق: ملحق. المميزات: كهرباء دولة, مصعد, شقة مفروشة, طاقة شمسية, شبابيك دبل غلاس",39400,جوبر,94,3,2,شقة,جديد,"كهرباء دولة, مصعد, شقة مفروشة, طاقة شمسية, شبابيك دبل غلاس",2026-04-07,بائع_293,934614531,بيوت شام,طابو أخضر,غير محدد,ملحق,33.538197,36.309467,419,اقتصادية,property_images/apartment_economy.jpg,property_images/apartment_economy.jpg|property_images/house_traditional.jpg|property_images/apartment_kitchen.jpg
1254,بيت في جوبر,"بيت سكني تقليدي في حي جوبر - مساحة 110 م² - 2 غرف, 1 حمامات. الحالة: جيد. الملكية: طابو أخضر. الطابق: ملحق. المميزات: غاز مركزي, قرب مستشفى",28400,جوبر,110,2,1,بيت,جيد,"غاز مركزي, قرب مستشفى",2026-03-15,بائع_202,946974098,بيوتنا,طابو أخضر,غير محدد,ملحق,33.535153,36.306976,258,اقتصادية,property_images/house_traditional.jpg,property_images/apartment_luxury.jpg|property_images/townhouse.jpg|property_images/duplex_interior.jpg
1255,بيت عربي في جوبر,"بيت عربي بقاعة داخلية واسعة في حي جوبر - مساحة 100 م² - 4 غرف, 3 حمامات. الحالة: يحتاج ترميم. الملكية: طابو نظامي. الطابق: أرضي. المميزات: كهرباء دولة, شبابيك دبل غلاس, تدفئة مركزية, شقة مفروشة, بلكونة",36600,جوبر,100,4,3,بيت عربي,يحتاج ترميم,"كهرباء دولة, شبابيك دبل غلاس, تدفئة مركزية, شقة مفروشة, بلكونة",2026-01-20,بائع_164,965552663,بيوتنا,طابو نظامي,كهرباء دولة,أرضي,33.535311,36.308796,366,اقتصادية,property_images/house_traditional.jpg,property_images/apartment_kitchen.jpg|property_images/apartment_interior.jpg|property_images/apartment_luxury.jpg
1256,شقة في جوبر,"شقة سكنية في بناء سكني في حي جوبر - مساحة 117 م² - 2 غرف, 1 حمامات. الحالة: مقبول. الملكية: طابو أخضر. الطابق: ثالث. المميزات: مكيف, مصعد, إنترنت, حديقة, إطلالة مفتوحة",25100,جوبر,117,2,1,شقة,مقبول,"مكيف, مصعد, إنترنت, حديقة, إطلالة مفتوحة",2026-04-30,بائع_10,996495211,بيوتنا,طابو أخضر,طاقة شمسية,ثالث,33.534628,36.304801,215,اقتصادية,property_images/apartment_street.jpg,property_images/building_needs_renovation.jpg|property_images/apartment_economy.jpg|property_images/apartment_interior.jpg
1257,بيت عربي في جوبر,"بيت عربي بقاعة داخلية واسعة في حي جوبر - مساحة 293 م² - 5 غرف, 1 حمامات. الحالة: جيد. الملكية: بدون أوراق. الطابق: أرضي. المميزات: حارس أمن, إطلالة مفتوحة, مصعد, قرب مستشفى, شقة مفروشة, موقف سيارات",37400,جوبر,293,5,1,بيت عربي,جيد,"حارس أمن, إطلالة مفتوحة, مصعد, قرب مستشفى, شقة مفروشة, موقف سيارات",2026-05-05,بائع_12,941503159,إكار,بدون أوراق,كهرباء دولة,أرضي,33.532936,36.307119,128,اقتصادية,property_images/duplex_interior.jpg,property_images/building_new_construction.jpg|property_images/bedroom.jpg|property_images/villa_interior.jpg
1258,بيت قديم في دمر,"بيت تراثي دمشقي قديم في حي دمر - مساحة 145 م² - 2 غرف, 2 حمامات. الحالة: جيد. الملكية: كاتب عدل. الطابق: ملحق. المميزات: شبابيك دبل غلاس, قرب مستشفى, قرب مدرسة",54000,دمر,145,2,2,بيت قديم,جيد,"شبابيك دبل غلاس, قرب مستشفى, قرب مدرسة",2025-11-28,بائع_23,979109339,إكار,كاتب عدل,غير محدد,ملحق,33.497528,36.327509,372,اقتصادية,property_images/building_needs_renovation.jpg,property_images/duplex_interior.jpg|property_images/villa_interior.jpg|property_images/villa_modern.jpg
1259,بيت عربي في دمر,"بيت عربي بقاعة داخلية واسعة في حي دمر - مساحة 216 م² - 2 غرف, 3 حمامات. الحالة: ممتاز. الملكية: سجل عقاري. الطابق: أرضي. المميزات: أبواب حديدية, كهرباء دولة, غاز مركزي, طاقة شمسية, تدفئة مركزية",120000,دمر,216,2,3,بيت عربي,ممتاز,"أبواب حديدية, كهرباء دولة, غاز مركزي, طاقة شمسية, تدفئة مركزية",2025-12-06,بائع_264,965817537,بيوتنا,سجل عقاري,كهرباء دولة,أرضي,33.501431,36.329789,556,اقتصادية,property_images/house_traditional.jpg,property_images/building_new_construction.jpg|property_images/villa_interior.jpg|property_images/building_needs_renovation.jpg
1260,شقة في دمر,"شقة سكنية في بناء سكني في حي دمر - مساحة 196 م² - 2 غرف, 2 حمامات. الحالة: كالجديد. الملكية: طابو أخضر. الطابق: أول. المميزات: حارس أمن, شقة مفروشة",105100,دمر,196,2,2,شقة,كالجديد,"حارس أمن, شقة مفروشة",2025-12-14,بائع_190,963445742,إكار,طابو أخضر,كهرباء دولة,أول,33.503248,36.325766,536,اقتصادية,property_images/apartment_kitchen.jpg,property_images/building_new_construction.jpg|property_images/villa_interior.jpg|property_images/building_needs_renovation.jpg
1261,شقة في دمر,"شقة سكنية في بناء سكني في حي دمر - مساحة 137 م² - 2 غرف, 1 حمامات. الحالة: جيد. الملكية: كاتب عدل. الطابق: أول. المميزات: شارع رئيسي, كهرباء دولة, مصعد",41700,دمر,137,2,1,شقة,جيد,"شارع رئيسي, كهرباء دولة, مصعد",2026-03-05,بائع_143,982531086,سوق.كوم,كاتب عدل,"كهرباء دولة, طاقة شمسية",أول,33.499659,36.323374,304,اقتصادية,property_images/apartment_interior.jpg,property_images/building_new_construction.jpg|property_images/building_needs_renovation.jpg|property_images/apartment_luxury.jpg
1262,منزل في دمر,"منزل سكني عائلي في حي دمر - مساحة 197 م² - 4 غرف, 2 حمامات. الحالة: ممتاز. الملكية: حكم محكمة. الطابق: أرضي. المميزات: كهرباء دولة, غاز مركزي, مرآب, شبابيك دبل غلاس, مكيف, تدفئة مركزية",128000,دمر,197,4,2,منزل,ممتاز,"كهرباء دولة, غاز مركزي, مرآب, شبابيك دبل غلاس, مكيف, تدفئة مركزية",2025-11-22,بائع_9,947840651,ماروتا سيتي,حكم محكمة,"كهرباء دولة, طاقة شمسية",أرضي,33.495851,36.324956,650,اقتصادية,property_images/townhouse.jpg,property_images/apartment_interior.jpg|property_images/apartment_modern.jpg|property_images/apartment_kitchen.jpg
1263,منزل في دمر,"منزل سكني عائلي في حي دمر - مساحة 210 م² - 3 غرف, 3 حمامات. الحالة: جديد. الملكية: سجل عقاري. الطابق: أرضي. المميزات: شقة مفروشة, شبابيك دبل غلاس, بئر مياه خاص",126100,دمر,210,3,3,منزل,جديد,"شقة مفروشة, شبابيك دبل غلاس, بئر مياه خاص",2026-03-30,بائع_18,997463489,إكار,سجل عقاري,كهرباء دولة,أرضي,33.501458,36.325702,600,اقتصادية,property_images/duplex_interior.jpg,property_images/duplex_interior.jpg|property_images/apartment_street.jpg|property_images/bedroom.jpg
1264,محل تجاري في دمر,"محل تجاري أو مكتب في حي دمر - مساحة 68 م², 1 حمامات. الحالة: جيد. الملكية: حكم محكمة. الطابق: أول. المميزات: إنترنت, أثاث, مرآب",36300,دمر,68,0,1,محل تجاري,جيد,"إنترنت, أثاث, مرآب",2026-02-06,بائع_233,932108830,بيوت شام,حكم محكمة,كهرباء دولة,أول,33.497567,36.322757,534,اقتصادية,property_images/building_new_construction.jpg,property_images/duplex_interior.jpg|property_images/apartment_interior.jpg|property_images/building_needs_renovation.jpg
1265,شقة في دمر,"شقة سكنية في بناء سكني في حي دمر - مساحة 144 م² - 2 غرف, 2 حمامات. الحالة: جيد. الملكية: بدون أوراق. الطابق: سادس. المميزات: قرب مدرسة, حارس أمن",55800,دمر,144,2,2,شقة,جيد,"قرب مدرسة, حارس أمن",2025-11-25,بائع_168,974691880,سوق.كوم,بدون أوراق,غير محدد,سادس,33.499723,36.324152,388,اقتصادية,property_images/apartment_modern.jpg,property_images/duplex_interior.jpg|property_images/bedroom.jpg|property_images/apartment_modern.jpg
1266,شقة في دمر,"شقة سكنية في بناء سكني في حي دمر - مساحة 109 م² - 1 غرف, 1 حمامات. الحالة: مقبول. الملكية: سجل عقاري. الطابق: سادس. المميزات: إطلالة مفتوحة, بلكونة, طاقة شمسية, تدفئة مركزية, كهرباء دولة",57900,دمر,109,1,1,شقة,مقبول,"إطلالة مفتوحة, بلكونة, طاقة شمسية, تدفئة مركزية, كهرباء دولة",2026-04-03,بائع_288,961647746,بيوتنا,سجل عقاري,"كهرباء دولة, طاقة شمسية",سادس,33.49933,36.322318,531,اقتصادية,property_images/apartment_luxury.jpg,property_images/apartment_interior.jpg|property_images/bedroom.jpg|property_images/apartment_economy.jpg
1267,منزل في دمر,"منزل سكني عائلي في حي دمر - مساحة 193 م² - 3 غرف, 1 حمامات. الحالة: جديد. الملكية: حكم محكمة. الطابق: أول. المميزات: قرب مستشفى, مرآب, موقف سيارات",115400,دمر,193,3,1,منزل,جديد,"قرب مستشفى, مرآب, موقف سيارات",2026-02-27,بائع_273,977112088,دوشيش,حكم محكمة,"كهرباء دولة, طاقة شمسية",أول,33.500063,36.328215,598,اقتصادية,property_images/house_traditional.jpg,property_images/apartment_luxury.jpg|property_images/villa_interior.jpg|property_images/apartment_kitchen.jpg
1268,بيت قديم في دمر,"بيت تراثي دمشقي قديم في حي دمر - مساحة 99 م² - 4 غرف, 2 حمامات. الحالة: ممتاز. الملكية: طابو نظامي. الطابق: أرضي. المميزات: غاز مركزي, تدفئة مركزية, بئر مياه خاص, بلكونة",45700,دمر,99,4,2,بيت قديم,ممتاز,"غاز مركزي, تدفئة مركزية, بئر مياه خاص, بلكونة",2026-03-10,بائع_154,979965303,سوق.كوم,طابو نظامي,غير محدد,أرضي,33.497642,36.324561,462,اقتصادية,property_images/building_needs_renovation.jpg,property_images/building_needs_renovation.jpg|property_images/apartment_economy.jpg|property_images/villa_interior.jpg
1269,شقة في دمر,"شقة سكنية في بناء سكني في حي دمر - مساحة 141 م² - 3 غرف, 2 حمامات. الحالة: جديد. الملكية: طابو نظامي. الطابق: رابع. المميزات: بئر مياه خاص, أبواب حديدية, مكيف",63200,دمر,141,3,2,شقة,جديد,"بئر مياه خاص, أبواب حديدية, مكيف",2026-01-18,بائع_43,992529740,إكار,طابو نظامي,كهرباء دولة,رابع,33.500402,36.325202,448,اقتصادية,property_images/apartment_luxury.jpg,property_images/apartment_interior.jpg|property_images/townhouse.jpg|property_images/apartment_economy.jpg
1270,شقة في دمر,"شقة سكنية في بناء سكني في حي دمر - مساحة 121 م² - 2 غرف, 2 حمامات. الحالة: يحتاج ترميم. الملكية: كاتب عدل. الطابق: ملحق. المميزات: غاز مركزي, شبابيك دبل غلاس, مصعد",53500,دمر,121,2,2,شقة,يحتاج ترميم,"غاز مركزي, شبابيك دبل غلاس, مصعد",2026-01-26,بائع_180,981260057,ماروتا سيتي,كاتب عدل,كهرباء دولة,ملحق,33.500669,36.327956,442,اقتصادية,property_images/apartment_interior.jpg,property_images/building_new_construction.jpg|property_images/building_needs_renovation.jpg|property_images/apartment_modern.jpg
1271,شقة في دمر,"شقة سكنية في بناء سكني في حي دمر - مساحة 85 م² - 4 غرف, 2 حمامات. الحالة: يحتاج ترميم. الملكية: بدون أوراق. الطابق: أول. المميزات: شبابيك دبل غلاس, شقة مفروشة, كهرباء دولة, بئر مياه خاص, أبواب حديدية, شارع رئيسي",24400,دمر,85,4,2,شقة,يحتاج ترميم,"شبابيك دبل غلاس, شقة مفروشة, كهرباء دولة, بئر مياه خاص, أبواب حديدية, شارع رئيسي",2025-11-23,بائع_107,976115775,سوق.كوم,بدون أوراق,غير محدد,أول,33.500169,36.322861,287,اقتصادية,property_images/apartment_luxury.jpg,property_images/house_traditional.jpg|property_images/apartment_interior.jpg|property_images/apartment_kitchen.jpg
1272,منزل في دمر,"منزل سكني عائلي في حي دمر - مساحة 203 م² - 4 غرف, 3 حمامات. الحالة: يحتاج ترميم. الملكية: كاتب عدل. الطابق: أول. المميزات: أبواب حديدية, بئر مياه خاص, مكيف, قرب مستشفى, طاقة شمسية, حديقة",100300,دمر,203,4,3,منزل,يحتاج ترميم,"أبواب حديدية, بئر مياه خاص, مكيف, قرب مستشفى, طاقة شمسية, حديقة",2026-02-16,بائع_215,978674288,بيوتنا,كاتب عدل,طاقة شمسية,أول,33.499966,36.32601,494,اقتصادية,property_images/house_traditional.jpg,property_images/apartment_kitchen.jpg|property_images/house_traditional.jpg|property_images/villa_modern.jpg
1273,مكتب في دمر,"مكتب تجاري في حي دمر - مساحة 56 م², 1 حمامات. الحالة: كالجديد. الملكية: طابو نظامي. الطابق: أول. المميزات: إطلالة مفتوحة, إنترنت, بلكونة, شارع رئيسي",32800,دمر,56,0,1,مكتب,كالجديد,"إطلالة مفتوحة, إنترنت, بلكونة, شارع رئيسي",2026-01-23,بائع_142,966774043,ماروتا سيتي,طابو نظامي,"كهرباء دولة, طاقة شمسية",أول,33.496358,36.323588,586,اقتصادية,property_images/apartment_modern.jpg,property_images/apartment_interior.jpg|property_images/townhouse.jpg|property_images/building_needs_renovation.jpg
1274,شقة في دمر,"شقة سكنية في بناء سكني في حي دمر - مساحة 71 م² - 4 غرف, 1 حمامات. الحالة: كالجديد. الملكية: حكم محكمة. الطابق: أرضي. المميزات: قرب مدرسة, موقف سيارات, شقة مفروشة, مكيف, شبابيك دبل غلاس, طاقة شمسية",59600,دمر,71,4,1,شقة,كالجديد,"قرب مدرسة, موقف سيارات, شقة مفروشة, مكيف, شبابيك دبل غلاس, طاقة شمسية",2026-02-16,بائع_116,973810062,إكار,حكم محكمة,غير محدد,أرضي,33.49977,36.324308,839,اقتصادية,property_images/apartment_luxury.jpg,property_images/apartment_modern.jpg|property_images/apartment_street.jpg|property_images/villa_modern.jpg
1275,بيت عربي في دمر,"بيت عربي بقاعة داخلية واسعة في حي دمر - مساحة 224 م² - 3 غرف, 3 حمامات. الحالة: جيد. الملكية: كاتب عدل. الطابق: أول. المميزات: شقة مفروشة, شارع رئيسي",74400,دمر,224,3,3,بيت عربي,جيد,"شقة مفروشة, شارع رئيسي",2026-04-30,بائع_208,981372284,ماروتا سيتي,كاتب عدل,كهرباء دولة,أول,33.498466,36.325136,332,اقتصادية,property_images/house_traditional.jpg,property_images/bedroom.jpg|property_images/apartment_modern.jpg|property_images/building_new_construction.jpg
1276,بيت عربي في دمر,"بيت عربي بقاعة داخلية واسعة في حي دمر - مساحة 231 م² - 2 غرف, 1 حمامات. الحالة: ممتاز. الملكية: طابو أخضر. الطابق: أول. المميزات: موقف سيارات, بلكونة, إنترنت",133800,دمر,231,2,1,بيت عربي,ممتاز,"موقف سيارات, بلكونة, إنترنت",2026-04-14,بائع_96,961130731,سوق.كوم,طابو أخضر,كهرباء دولة,أول,33.500497,36.325156,579,اقتصادية,property_images/duplex_interior.jpg,property_images/duplex_interior.jpg|property_images/apartment_kitchen.jpg|property_images/house_traditional.jpg
1277,بيت قديم في دمر,"بيت تراثي دمشقي قديم في حي دمر - مساحة 114 م² - 4 غرف, 2 حمامات. الحالة: جديد. الملكية: حكم محكمة. الطابق: أرضي. المميزات: طاقة شمسية, أبواب حديدية",59000,دمر,114,4,2,بيت قديم,جديد,"طاقة شمسية, أبواب حديدية",2025-12-27,بائع_198,936161293,بيوتنا,حكم محكمة,كهرباء دولة,أرضي,33.49794,36.325092,518,اقتصادية,property_images/building_needs_renovation.jpg,property_images/apartment_economy.jpg|property_images/apartment_modern.jpg|property_images/bedroom.jpg
1278,شقة في دمر,"شقة سكنية في بناء سكني في حي دمر - مساحة 82 م² - 4 غرف, 1 حمامات. الحالة: يحتاج ترميم. الملكية: طابو نظامي. الطابق: أرضي. المميزات: موقف سيارات, كهرباء دولة",31300,دمر,82,4,1,شقة,يحتاج ترميم,"موقف سيارات, كهرباء دولة",2026-01-04,بائع_60,960212132,ماروتا سيتي,طابو نظامي,طاقة شمسية,أرضي,33.499039,36.330079,382,اقتصادية,property_images/apartment_economy.jpg,property_images/apartment_kitchen.jpg|property_images/building_needs_renovation.jpg|property_images/apartment_street.jpg
1279,بيت قديم في دمر,"بيت تراثي دمشقي قديم في حي دمر - مساحة 98 م² - 3 غرف, 2 حمامات. الحالة: جيد. الملكية: حكم محكمة. الطابق: أرضي. المميزات: حارس أمن, غاز مركزي",24800,دمر,98,3,2,بيت قديم,جيد,"حارس أمن, غاز مركزي",2025-11-11,بائع_27,994370921,سوق.كوم,حكم محكمة,غير محدد,أرضي,33.499732,36.326039,253,اقتصادية,property_images/building_needs_renovation.jpg,property_images/villa_interior.jpg|property_images/apartment_interior.jpg|property_images/apartment_street.jpg
1280,بيت في دمر,"بيت سكني تقليدي في حي دمر - مساحة 160 م² - 2 غرف, 2 حمامات. الحالة: ممتاز. الملكية: بدون أوراق. الطابق: سابع. المميزات: مصعد, حارس أمن, موقف سيارات, أثاث",50500,دمر,160,2,2,بيت,ممتاز,"مصعد, حارس أمن, موقف سيارات, أثاث",2026-03-24,بائع_62,932595502,بيوتنا,بدون أوراق,"كهرباء دولة, طاقة شمسية",سابع,33.496835,36.326634,316,اقتصادية,property_images/house_traditional.jpg,property_images/bedroom.jpg|property_images/house_traditional.jpg|property_images/villa_interior.jpg
1281,منزل في دمر,"منزل سكني عائلي في حي دمر - مساحة 97 م² - 2 غرف, 2 حمامات. الحالة: جيد. الملكية: كاتب عدل. الطابق: ملحق. المميزات: شبابيك دبل غلاس, إطلالة مفتوحة, تدفئة مركزية",41100,دمر,97,2,2,منزل,جيد,"شبابيك دبل غلاس, إطلالة مفتوحة, تدفئة مركزية",2026-01-19,بائع_55,984128825,إكار,كاتب عدل,"كهرباء دولة, طاقة شمسية",ملحق,33.499485,36.324861,424,اقتصادية,property_images/townhouse.jpg,property_images/building_needs_renovation.jpg|property_images/apartment_modern.jpg|property_images/villa_interior.jpg
1282,بيت قديم في دمر,"بيت تراثي دمشقي قديم في حي دمر - مساحة 124 م² - 2 غرف, 1 حمامات. الحالة: كالجديد. الملكية: حكم محكمة. الطابق: أول. المميزات: إطلالة مفتوحة, قرب مستشفى, غاز مركزي",47500,دمر,124,2,1,بيت قديم,كالجديد,"إطلالة مفتوحة, قرب مستشفى, غاز مركزي",2025-12-19,بائع_102,992455307,ماروتا سيتي,حكم محكمة,كهرباء دولة,أول,33.499453,36.324971,383,اقتصادية,property_images/building_needs_renovation.jpg,property_images/villa_modern.jpg|property_images/apartment_economy.jpg|property_images/apartment_luxury.jpg
1283,شقة في دمر,"شقة سكنية في بناء سكني في حي دمر - مساحة 125 م² - 1 غرف, 1 حمامات. الحالة: ممتاز. الملكية: سجل عقاري. الطابق: ملحق. المميزات: بئر مياه خاص, قرب مدرسة, مصعد",70300,دمر,125,1,1,شقة,ممتاز,"بئر مياه خاص, قرب مدرسة, مصعد",2025-12-28,بائع_17,931277960,إمتلاك,سجل عقاري,كهرباء دولة,ملحق,33.500872,36.326688,562,اقتصادية,property_images/bedroom.jpg,property_images/townhouse.jpg|property_images/bedroom.jpg|property_images/apartment_economy.jpg
1284,شقة في دمر,"شقة سكنية في بناء سكني في حي دمر - مساحة 133 م² - 2 غرف, 1 حمامات. الحالة: مقبول. الملكية: طابو أخضر. الطابق: سادس. المميزات: بلكونة, شارع رئيسي, حارس أمن, غاز مركزي, تدفئة مركزية",66100,دمر,133,2,1,شقة,مقبول,"بلكونة, شارع رئيسي, حارس أمن, غاز مركزي, تدفئة مركزية",2025-12-15,بائع_181,988372191,دوشيش,طابو أخضر,غير محدد,سادس,33.496836,36.3251,497,اقتصادية,property_images/apartment_economy.jpg,property_images/building_new_construction.jpg|property_images/villa_interior.jpg|property_images/apartment_street.jpg
1285,بيت في دمر,"بيت سكني تقليدي في حي دمر - مساحة 124 م² - 3 غرف, 2 حمامات. الحالة: جديد. الملكية: كاتب عدل. الطابق: أول. المميزات: مرآب, إطلالة مفتوحة",81100,دمر,124,3,2,بيت,جديد,"مرآب, إطلالة مفتوحة",2026-02-01,بائع_73,941437488,سوق.كوم,كاتب عدل,كهرباء دولة,أول,33.498615,36.323682,654,اقتصادية,property_images/building_needs_renovation.jpg,property_images/townhouse.jpg|property_images/building_new_construction.jpg|property_images/apartment_luxury.jpg
1286,بيت قديم في دمر,"بيت تراثي دمشقي قديم في حي دمر - مساحة 79 م² - 2 غرف, 2 حمامات. الحالة: مقبول. الملكية: كاتب عدل. الطابق: أرضي. المميزات: مصعد, أبواب حديدية",28500,دمر,79,2,2,بيت قديم,مقبول,"مصعد, أبواب حديدية",2025-11-20,بائع_268,963919745,بيوتنا,كاتب عدل,كهرباء دولة,أرضي,33.502068,36.324185,361,اقتصادية,property_images/building_needs_renovation.jpg,property_images/apartment_economy.jpg|property_images/duplex_interior.jpg|property_images/apartment_street.jpg
1287,شقة في دمر,"شقة سكنية في بناء سكني في حي دمر - مساحة 151 م² - 1 غرف, 1 حمامات. الحالة: كالجديد. الملكية: حكم محكمة. الطابق: ثالث. المميزات: مكيف, بئر مياه خاص, قرب مدرسة, إطلالة مفتوحة, شقة مفروشة, موقف سيارات",93900,دمر,151,1,1,شقة,كالجديد,"مكيف, بئر مياه خاص, قرب مدرسة, إطلالة مفتوحة, شقة مفروشة, موقف سيارات",2026-04-08,بائع_218,939953590,سوق.كوم,حكم محكمة,"كهرباء دولة, طاقة شمسية",ثالث,33.499751,36.324577,622,اقتصادية,property_images/apartment_kitchen.jpg,property_images/building_needs_renovation.jpg|property_images/apartment_kitchen.jpg|property_images/apartment_luxury.jpg
1288,شقة في شاغور,"شقة سكنية في بناء سكني في حي شاغور - مساحة 146 م² - 3 غرف, 1 حمامات. الحالة: كالجديد. الملكية: طابو أخضر. الطابق: سادس. المميزات: أبواب حديدية, إنترنت, قرب مدرسة, غاز مركزي, بئر مياه خاص",91200,شاغور,146,3,1,شقة,كالجديد,"أبواب حديدية, إنترنت, قرب مدرسة, غاز مركزي, بئر مياه خاص",2025-11-16,بائع_169,959424909,إكار,طابو أخضر,طاقة شمسية,سادس,33.512552,36.303296,625,اقتصادية,property_images/apartment_modern.jpg,property_images/building_new_construction.jpg|property_images/apartment_luxury.jpg|property_images/bedroom.jpg
1289,شقة في شاغور,"شقة سكنية في بناء سكني في حي شاغور - مساحة 138 م² - 1 غرف, 2 حمامات. الحالة: جديد. الملكية: طابو أخضر. الطابق: سادس. المميزات: مرآب, كهرباء دولة, مكيف, أبواب حديدية, شقة مفروشة",75400,شاغور,138,1,2,شقة,جديد,"مرآب, كهرباء دولة, مكيف, أبواب حديدية, شقة مفروشة",2026-01-05,بائع_127,973436542,إمتلاك,طابو أخضر,طاقة شمسية,سادس,33.506261,36.304978,546,اقتصادية,property_images/apartment_kitchen.jpg,property_images/townhouse.jpg|property_images/house_traditional.jpg|property_images/apartment_economy.jpg
1290,بيت عربي في شاغور,"بيت عربي بقاعة داخلية واسعة في حي شاغور - مساحة 186 م² - 2 غرف, 2 حمامات. الحالة: مقبول. الملكية: طابو أخضر. الطابق: ملحق. المميزات: حديقة, حارس أمن, مكيف, طاقة شمسية, إنترنت",109700,شاغور,186,2,2,بيت عربي,مقبول,"حديقة, حارس أمن, مكيف, طاقة شمسية, إنترنت",2026-02-02,بائع_133,949494663,ماروتا سيتي,طابو أخضر,"كهرباء دولة, طاقة شمسية",ملحق,33.507632,36.30274,590,اقتصادية,property_images/duplex_interior.jpg,property_images/apartment_economy.jpg|property_images/villa_interior.jpg|property_images/apartment_interior.jpg
1291,مكتب في شاغور,"مكتب تجاري في حي شاغور - مساحة 60 م², 1 حمامات. الحالة: جديد. الملكية: حكم محكمة. الطابق: أرضي. المميزات: طاقة شمسية, غاز مركزي, مصعد",23800,شاغور,60,0,1,مكتب,جديد,"طاقة شمسية, غاز مركزي, مصعد",2026-01-31,بائع_144,984910721,دوشيش,حكم محكمة,"كهرباء دولة, طاقة شمسية",أرضي,33.507816,36.305032,397,اقتصادية,property_images/apartment_interior.jpg,property_images/apartment_street.jpg|property_images/building_needs_renovation.jpg|property_images/duplex_interior.jpg
1292,منزل في شاغور,"منزل سكني عائلي في حي شاغور - مساحة 195 م² - 2 غرف, 1 حمامات. الحالة: جديد. الملكية: طابو أخضر. الطابق: أول. المميزات: أثاث, تدفئة مركزية, شقة مفروشة, شبابيك دبل غلاس, حارس أمن",145100,شاغور,195,2,1,منزل,جديد,"أثاث, تدفئة مركزية, شقة مفروشة, شبابيك دبل غلاس, حارس أمن",2025-11-20,بائع_247,998772365,ماروتا سيتي,طابو أخضر,"كهرباء دولة, طاقة شمسية",أول,33.506993,36.304699,744,اقتصادية,property_images/house_traditional.jpg,property_images/apartment_luxury.jpg|property_images/apartment_kitchen.jpg|property_images/bedroom.jpg
1293,شقة في شاغور,"شقة سكنية في بناء سكني في حي شاغور - مساحة 93 م² - 1 غرف, 2 حمامات. الحالة: جيد. الملكية: طابو أخضر. الطابق: ثاني. المميزات: بئر مياه خاص, طاقة شمسية, شقة مفروشة, مصعد",31600,شاغور,93,1,2,شقة,جيد,"بئر مياه خاص, طاقة شمسية, شقة مفروشة, مصعد",2026-04-17,بائع_155,994987804,بيوت شام,طابو أخضر,طاقة شمسية,ثاني,33.50862,36.302453,340,اقتصادية,property_images/apartment_economy.jpg,property_images/apartment_interior.jpg|property_images/apartment_modern.jpg|property_images/townhouse.jpg
1294,بيت قديم في شاغور,"بيت تراثي دمشقي قديم في حي شاغور - مساحة 85 م² - 2 غرف, 1 حمامات. الحالة: جيد. الملكية: سجل عقاري. الطابق: أرضي. المميزات: كهرباء دولة, غاز مركزي, شقة مفروشة, إطلالة مفتوحة",21600,شاغور,85,2,1,بيت قديم,جيد,"كهرباء دولة, غاز مركزي, شقة مفروشة, إطلالة مفتوحة",2025-12-24,بائع_154,935570490,دوشيش,سجل عقاري,طاقة شمسية,أرضي,33.509099,36.308603,254,اقتصادية,property_images/house_traditional.jpg,property_images/building_new_construction.jpg|property_images/townhouse.jpg|property_images/apartment_interior.jpg
1295,منزل في شاغور,"منزل سكني عائلي في حي شاغور - مساحة 101 م² - 5 غرف, 3 حمامات. الحالة: كالجديد. الملكية: سجل عقاري. الطابق: ملحق. المميزات: مكيف, أبواب حديدية, موقف سيارات",31700,شاغور,101,5,3,منزل,كالجديد,"مكيف, أبواب حديدية, موقف سيارات",2025-12-16,بائع_206,990537852,إمتلاك,سجل عقاري,"كهرباء دولة, طاقة شمسية",ملحق,33.50775,36.305031,314,اقتصادية,property_images/townhouse.jpg,property_images/house_traditional.jpg|property_images/building_needs_renovation.jpg|property_images/apartment_economy.jpg
1296,شقة في شاغور,"شقة سكنية في بناء سكني في حي شاغور - مساحة 127 م² - 4 غرف, 2 حمامات. الحالة: جيد. الملكية: طابو نظامي. الطابق: ثالث. المميزات: تدفئة مركزية, مرآب, مصعد, كهرباء دولة, شقة مفروشة, غاز مركزي",53300,شاغور,127,4,2,شقة,جيد,"تدفئة مركزية, مرآب, مصعد, كهرباء دولة, شقة مفروشة, غاز مركزي",2026-01-31,بائع_121,963106319,بيوت شام,طابو نظامي,كهرباء دولة,ثالث,33.507599,36.305735,420,اقتصادية,property_images/apartment_street.jpg,property_images/apartment_street.jpg|property_images/apartment_economy.jpg|property_images/townhouse.jpg
1297,بيت عربي في شاغور,"بيت عربي بقاعة داخلية واسعة في حي شاغور - مساحة 232 م² - 3 غرف, 2 حمامات. الحالة: جيد. الملكية: بدون أوراق. الطابق: أول. المميزات: قرب مستشفى, مرآب, موقف سيارات",44000,شاغور,232,3,2,بيت عربي,جيد,"قرب مستشفى, مرآب, موقف سيارات",2026-03-01,بائع_5,970301171,إمتلاك,بدون أوراق,كهرباء دولة,أول,33.507262,36.305428,190,اقتصادية,property_images/house_traditional.jpg,property_images/duplex_interior.jpg|property_images/bedroom.jpg|property_images/building_needs_renovation.jpg
1298,بيت في شاغور,"بيت سكني تقليدي في حي شاغور - مساحة 82 م² - 3 غرف, 2 حمامات. الحالة: ممتاز. الملكية: سجل عقاري. الطابق: ثاني. المميزات: إطلالة مفتوحة, شبابيك دبل غلاس, أبواب حديدية, حديقة, إنترنت, كهرباء دولة",49900,شاغور,82,3,2,بيت,ممتاز,"إطلالة مفتوحة, شبابيك دبل غلاس, أبواب حديدية, حديقة, إنترنت, كهرباء دولة",2025-11-06,بائع_15,960971548,ماروتا سيتي,سجل عقاري,"كهرباء دولة, طاقة شمسية",ثاني,33.506729,36.304917,609,اقتصادية,property_images/building_needs_renovation.jpg,property_images/house_traditional.jpg|property_images/apartment_kitchen.jpg|property_images/apartment_economy.jpg
1299,منزل في شاغور,"منزل سكني عائلي في حي شاغور - مساحة 185 م² - 3 غرف, 2 حمامات. الحالة: كالجديد. الملكية: طابو أخضر. الطابق: أرضي. المميزات: شبابيك دبل غلاس, أثاث, بلكونة",86500,شاغور,185,3,2,منزل,كالجديد,"شبابيك دبل غلاس, أثاث, بلكونة",2025-11-22,بائع_76,991208304,سوق.كوم,طابو أخضر,طاقة شمسية,أرضي,33.504307,36.304143,468,اقتصادية,property_images/townhouse.jpg,property_images/apartment_kitchen.jpg|property_images/apartment_street.jpg|property_images/apartment_interior.jpg
1300,بيت عربي في شاغور,"بيت عربي بقاعة داخلية واسعة في حي شاغور - مساحة 231 م² - 5 غرف, 2 حمامات. الحالة: مقبول. الملكية: كاتب عدل. الطابق: أول. المميزات: حارس أمن, أبواب حديدية, شارع رئيسي, مرآب, بلكونة, تدفئة مركزية",74300,شاغور,231,5,2,بيت عربي,مقبول,"حارس أمن, أبواب حديدية, شارع رئيسي, مرآب, بلكونة, تدفئة مركزية",2026-01-30,بائع_59,966381233,ماروتا سيتي,كاتب عدل,كهرباء دولة,أول,33.506307,36.306851,322,اقتصادية,property_images/house_traditional.jpg,property_images/apartment_economy.jpg|property_images/apartment_interior.jpg|property_images/building_new_construction.jpg
1301,منزل في شاغور,"منزل سكني عائلي في حي شاغور - مساحة 145 م² - 4 غرف, 1 حمامات. الحالة: جيد. الملكية: طابو نظامي. الطابق: أرضي. المميزات: مرآب, قرب مستشفى",56800,شاغور,145,4,1,منزل,جيد,"مرآب, قرب مستشفى",2026-03-21,بائع_96,933288935,إمتلاك,طابو نظامي,كهرباء دولة,أرضي,33.508299,36.306542,392,اقتصادية,property_images/house_traditional.jpg,property_images/building_new_construction.jpg|property_images/townhouse.jpg|property_images/villa_interior.jpg
1302,منزل في شاغور,"منزل سكني عائلي في حي شاغور - مساحة 267 م² - 2 غرف, 1 حمامات. الحالة: يحتاج ترميم. الملكية: حكم محكمة. الطابق: أرضي. المميزات: بلكونة, غاز مركزي, كهرباء دولة, أبواب حديدية",99500,شاغور,267,2,1,منزل,يحتاج ترميم,"بلكونة, غاز مركزي, كهرباء دولة, أبواب حديدية",2026-04-17,بائع_231,989896365,سوق.كوم,حكم محكمة,كهرباء دولة,أرضي,33.51032,36.303988,373,اقتصادية,property_images/duplex_interior.jpg,property_images/apartment_kitchen.jpg|property_images/apartment_luxury.jpg|property_images/villa_interior.jpg
1303,مكتب في شاغور,"مكتب تجاري في حي شاغور - مساحة 34 م², 1 حمامات. الحالة: مقبول. الملكية: طابو أخضر. الطابق: ثاني. المميزات: تدفئة مركزية, حديقة, مصعد, شارع رئيسي, بئر مياه خاص",15600,شاغور,34,0,1,مكتب,مقبول,"تدفئة مركزية, حديقة, مصعد, شارع رئيسي, بئر مياه خاص",2026-01-08,بائع_94,962393247,دوشيش,طابو أخضر,"كهرباء دولة, طاقة شمسية",ثاني,33.508214,36.302843,459,اقتصادية,property_images/apartment_modern.jpg,property_images/duplex_interior.jpg|property_images/building_needs_renovation.jpg|property_images/apartment_economy.jpg
1304,منزل في شاغور,"منزل سكني عائلي في حي شاغور - مساحة 152 م² - 5 غرف, 1 حمامات. الحالة: مقبول. الملكية: كاتب عدل. الطابق: ملحق. المميزات: كهرباء دولة, شبابيك دبل غلاس, مرآب, طاقة شمسية, مصعد, قرب مدرسة",61900,شاغور,152,5,1,منزل,مقبول,"كهرباء دولة, شبابيك دبل غلاس, مرآب, طاقة شمسية, مصعد, قرب مدرسة",2026-02-11,بائع_134,937263864,بيوت شام,كاتب عدل,كهرباء دولة,ملحق,33.508721,36.306009,407,اقتصادية,property_images/duplex_interior.jpg,property_images/duplex_interior.jpg|property_images/house_traditional.jpg|property_images/apartment_luxury.jpg
1305,بيت في شاغور,"بيت سكني تقليدي في حي شاغور - مساحة 118 م² - 2 غرف, 1 حمامات. الحالة: جيد. الملكية: بدون أوراق. الطابق: سابع. المميزات: طاقة شمسية, إطلالة مفتوحة, شارع رئيسي, مكيف, شبابيك دبل غلاس, بلكونة",30700,شاغور,118,2,1,بيت,جيد,"طاقة شمسية, إطلالة مفتوحة, شارع رئيسي, مكيف, شبابيك دبل غلاس, بلكونة",2026-03-26,بائع_294,945962187,دوشيش,بدون أوراق,كهرباء دولة,سابع,33.506972,36.302602,260,اقتصادية,property_images/building_needs_renovation.jpg,property_images/duplex_interior.jpg|property_images/apartment_street.jpg|property_images/building_new_construction.jpg
1306,شقة في شاغور,"شقة سكنية في بناء سكني في حي شاغور - مساحة 182 م² - 4 غرف, 1 حمامات. الحالة: جيد. الملكية: طابو نظامي. الطابق: سادس. المميزات: مرآب, شارع رئيسي, شبابيك دبل غلاس",86300,شاغور,182,4,1,شقة,جيد,"مرآب, شارع رئيسي, شبابيك دبل غلاس",2026-01-09,بائع_86,968473185,بيوتنا,طابو نظامي,غير محدد,سادس,33.50755,36.303142,474,اقتصادية,property_images/apartment_interior.jpg,property_images/duplex_interior.jpg|property_images/apartment_interior.jpg|property_images/apartment_street.jpg
1307,بيت في شاغور,"بيت سكني تقليدي في حي شاغور - مساحة 180 م² - 3 غرف, 2 حمامات. الحالة: ممتاز. الملكية: حكم محكمة. الطابق: ملحق. المميزات: شبابيك دبل غلاس, مصعد",56000,شاغور,180,3,2,بيت,ممتاز,"شبابيك دبل غلاس, مصعد",2026-05-05,بائع_215,993481039,ماروتا سيتي,حكم محكمة,غير محدد,ملحق,33.507142,36.305832,311,اقتصادية,property_images/building_needs_renovation.jpg,property_images/apartment_street.jpg|property_images/villa_interior.jpg|property_images/apartment_interior.jpg
1308,منزل في شاغور,"منزل سكني عائلي في حي شاغور - مساحة 187 م² - 2 غرف, 3 حمامات. الحالة: مقبول. الملكية: طابو أخضر. الطابق: ملحق. المميزات: قرب مستشفى, بلكونة",90200,شاغور,187,2,3,منزل,مقبول,"قرب مستشفى, بلكونة",2026-04-16,بائع_191,968953381,بيوتنا,طابو أخضر,"كهرباء دولة, طاقة شمسية",ملحق,33.511615,36.306012,482,اقتصادية,property_images/house_traditional.jpg,property_images/bedroom.jpg|property_images/apartment_luxury.jpg|property_images/duplex_interior.jpg
1309,بيت في شاغور,"بيت سكني تقليدي في حي شاغور - مساحة 78 م² - 1 غرف, 1 حمامات. الحالة: ممتاز. الملكية: سجل عقاري. الطابق: ثالث. المميزات: بلكونة, إنترنت, أثاث",31000,شاغور,78,1,1,بيت,ممتاز,"بلكونة, إنترنت, أثاث",2026-03-24,بائع_126,975170501,سوق.كوم,سجل عقاري,"كهرباء دولة, طاقة شمسية",ثالث,33.508616,36.309136,397,اقتصادية,property_images/building_needs_renovation.jpg,property_images/apartment_interior.jpg|property_images/apartment_modern.jpg|property_images/duplex_interior.jpg
1310,شقة في شاغور,"شقة سكنية في بناء سكني في حي شاغور - مساحة 71 م² - 3 غرف, 2 حمامات. الحالة: ممتاز. الملكية: حكم محكمة. الطابق: ثالث. المميزات: حارس أمن, إطلالة مفتوحة",46200,شاغور,71,3,2,شقة,ممتاز,"حارس أمن, إطلالة مفتوحة",2025-11-12,بائع_18,958996864,دوشيش,حكم محكمة,طاقة شمسية,ثالث,33.50836,36.306676,651,اقتصادية,property_images/apartment_interior.jpg,property_images/apartment_economy.jpg|property_images/villa_interior.jpg|property_images/building_needs_renovation.jpg
1311,بيت في شاغور,"بيت سكني تقليدي في حي شاغور - مساحة 106 م² - 2 غرف, 1 حمامات. الحالة: مقبول. الملكية: كاتب عدل. الطابق: سادس. المميزات: أثاث, طاقة شمسية, شارع رئيسي, بلكونة, بئر مياه خاص, إطلالة مفتوحة",27700,شاغور,106,2,1,بيت,مقبول,"أثاث, طاقة شمسية, شارع رئيسي, بلكونة, بئر مياه خاص, إطلالة مفتوحة",2026-04-02,بائع_4,998127946,بيوت شام,كاتب عدل,غير محدد,سادس,33.509502,36.306309,261,اقتصادية,property_images/building_needs_renovation.jpg,property_images/villa_modern.jpg|property_images/building_needs_renovation.jpg|property_images/apartment_modern.jpg
1312,منزل في شاغور,"منزل سكني عائلي في حي شاغور - مساحة 203 م² - 3 غرف, 1 حمامات. الحالة: جيد. الملكية: بدون أوراق. الطابق: أرضي. المميزات: كهرباء دولة, شارع رئيسي, موقف سيارات",67500,شاغور,203,3,1,منزل,جيد,"كهرباء دولة, شارع رئيسي, موقف سيارات",2026-02-09,بائع_202,970741443,إكار,بدون أوراق,طاقة شمسية,أرضي,33.5068,36.301882,333,اقتصادية,property_images/townhouse.jpg,property_images/villa_modern.jpg|property_images/apartment_interior.jpg|property_images/apartment_modern.jpg
1313,بيت في شاغور,"بيت سكني تقليدي في حي شاغور - مساحة 134 م² - 1 غرف, 2 حمامات. الحالة: يحتاج ترميم. الملكية: طابو أخضر. الطابق: خامس. المميزات: أثاث, موقف سيارات, أبواب حديدية, شبابيك دبل غلاس, بئر مياه خاص",43000,شاغور,134,1,2,بيت,يحتاج ترميم,"أثاث, موقف سيارات, أبواب حديدية, شبابيك دبل غلاس, بئر مياه خاص",2026-05-02,بائع_197,953724214,ماروتا سيتي,طابو أخضر,"كهرباء دولة, طاقة شمسية",خامس,33.506068,36.303923,321,اقتصادية,property_images/house_traditional.jpg,property_images/apartment_modern.jpg|property_images/building_new_construction.jpg|property_images/building_needs_renovation.jpg
1314,محل تجاري في شاغور,"محل تجاري أو مكتب في حي شاغور - مساحة 48 م² - 1 غرف, 1 حمامات. الحالة: جيد. الملكية: حكم محكمة. الطابق: أرضي. المميزات: حارس أمن, قرب مستشفى, مكيف, بلكونة, غاز مركزي, شبابيك دبل غلاس",15600,شاغور,48,1,1,محل تجاري,جيد,"حارس أمن, قرب مستشفى, مكيف, بلكونة, غاز مركزي, شبابيك دبل غلاس",2026-01-30,بائع_119,981234331,دوشيش,حكم محكمة,طاقة شمسية,أرضي,33.506365,36.302732,325,اقتصادية,property_images/building_new_construction.jpg,property_images/duplex_interior.jpg|property_images/bedroom.jpg|property_images/apartment_kitchen.jpg
1315,محل تجاري في شاغور,"محل تجاري أو مكتب في حي شاغور - مساحة 49 م² - 1 غرف, 1 حمامات. الحالة: ممتاز. الملكية: طابو نظامي. الطابق: أول. المميزات: حارس أمن, مكيف, مصعد, مرآب, شارع رئيسي",24100,شاغور,49,1,1,محل تجاري,ممتاز,"حارس أمن, مكيف, مصعد, مرآب, شارع رئيسي",2026-05-04,بائع_293,950791897,إمتلاك,طابو نظامي,طاقة شمسية,أول,33.504746,36.309045,492,اقتصادية,property_images/building_new_construction.jpg,property_images/apartment_kitchen.jpg|property_images/apartment_street.jpg|property_images/duplex_interior.jpg
1316,محل تجاري في شاغور,"محل تجاري أو مكتب في حي شاغور - مساحة 91 م², 1 حمامات. الحالة: يحتاج ترميم. الملكية: طابو نظامي. الطابق: ثاني. المميزات: أثاث, بلكونة",28800,شاغور,91,0,1,محل تجاري,يحتاج ترميم,"أثاث, بلكونة",2026-03-08,بائع_170,975110415,بيوت شام,طابو نظامي,كهرباء دولة,ثاني,33.508545,36.305835,316,اقتصادية,property_images/building_new_construction.jpg,property_images/building_new_construction.jpg|property_images/villa_modern.jpg|property_images/apartment_luxury.jpg
1317,شقة في شاغور,"شقة سكنية في بناء سكني في حي شاغور - مساحة 161 م² - 1 غرف, 1 حمامات. الحالة: كالجديد. الملكية: كاتب عدل. الطابق: سابع. المميزات: طاقة شمسية, تدفئة مركزية, شقة مفروشة, شبابيك دبل غلاس",70400,شاغور,161,1,1,شقة,كالجديد,"طاقة شمسية, تدفئة مركزية, شقة مفروشة, شبابيك دبل غلاس",2026-03-31,بائع_134,989734875,بيوتنا,كاتب عدل,غير محدد,سابع,33.510184,36.303904,437,اقتصادية,property_images/apartment_modern.jpg,property_images/apartment_interior.jpg|property_images/apartment_kitchen.jpg|property_images/apartment_modern.jpg
1318,شقة في الصبورة,"شقة سكنية في بناء سكني في حي الصبورة - مساحة 73 م² - 2 غرف, 1 حمامات. الحالة: جيد. الملكية: كاتب عدل. الطابق: أرضي. المميزات: قرب مدرسة, طاقة شمسية, كهرباء دولة, حديقة, حارس أمن, بلكونة",42700,الصبورة,73,2,1,شقة,جيد,"قرب مدرسة, طاقة شمسية, كهرباء دولة, حديقة, حارس أمن, بلكونة",2025-12-30,بائع_22,985616643,إمتلاك,كاتب عدل,كهرباء دولة,أرضي,33.507582,36.325176,585,اقتصادية,property_images/apartment_modern.jpg,property_images/duplex_interior.jpg|property_images/villa_interior.jpg|property_images/building_needs_renovation.jpg
1319,شقة في الصبورة,"شقة سكنية في بناء سكني في حي الصبورة - مساحة 78 م² - 2 غرف, 1 حمامات. الحالة: جيد. الملكية: بدون أوراق. الطابق: أرضي. المميزات: قرب مستشفى, قرب مدرسة, مرآب, إنترنت, حارس أمن, إطلالة مفتوحة",35400,الصبورة,78,2,1,شقة,جيد,"قرب مستشفى, قرب مدرسة, مرآب, إنترنت, حارس أمن, إطلالة مفتوحة",2025-12-18,بائع_149,985388292,سوق.كوم,بدون أوراق,كهرباء دولة,أرضي,33.50418,36.321567,454,اقتصادية,property_images/apartment_modern.jpg,property_images/building_needs_renovation.jpg|property_images/apartment_luxury.jpg|property_images/house_traditional.jpg
1320,محل تجاري في الصبورة,"محل تجاري أو مكتب في حي الصبورة - مساحة 30 م² - 1 غرف, 1 حمامات. الحالة: ممتاز. الملكية: سجل عقاري. الطابق: أرضي. المميزات: بلكونة, حديقة, مرآب, أبواب حديدية, مكيف, غاز مركزي",13000,الصبورة,30,1,1,محل تجاري,ممتاز,"بلكونة, حديقة, مرآب, أبواب حديدية, مكيف, غاز مركزي",2026-01-24,بائع_247,946790447,إكار,سجل عقاري,كهرباء دولة,أرضي,33.503448,36.320158,433,اقتصادية,property_images/building_new_construction.jpg,property_images/townhouse.jpg|property_images/villa_interior.jpg|property_images/building_needs_renovation.jpg
1321,بيت عربي في الصبورة,"بيت عربي بقاعة داخلية واسعة في حي الصبورة - مساحة 147 م² - 4 غرف, 3 حمامات. الحالة: ممتاز. الملكية: بدون أوراق. الطابق: ملحق. المميزات: موقف سيارات, قرب مستشفى, غاز مركزي, بلكونة",66100,الصبورة,147,4,3,بيت عربي,ممتاز,"موقف سيارات, قرب مستشفى, غاز مركزي, بلكونة",2026-02-05,بائع_5,943659188,بيوتنا,بدون أوراق,"كهرباء دولة, طاقة شمسية",ملحق,33.507054,36.321199,450,اقتصادية,property_images/duplex_interior.jpg,property_images/apartment_kitchen.jpg|property_images/villa_interior.jpg|property_images/apartment_modern.jpg
1322,شقة في الصبورة,"شقة سكنية في بناء سكني في حي الصبورة - مساحة 176 م² - 4 غرف, 1 حمامات. الحالة: مقبول. الملكية: بدون أوراق. الطابق: ثالث. المميزات: شبابيك دبل غلاس, بلكونة, قرب مدرسة, مرآب",65000,الصبورة,176,4,1,شقة,مقبول,"شبابيك دبل غلاس, بلكونة, قرب مدرسة, مرآب",2026-03-20,بائع_7,941992423,بيوتنا,بدون أوراق,"كهرباء دولة, طاقة شمسية",ثالث,33.502566,36.322727,369,اقتصادية,property_images/apartment_luxury.jpg,property_images/apartment_luxury.jpg|property_images/house_traditional.jpg|property_images/apartment_modern.jpg
1323,بيت عربي في الصبورة,"بيت عربي بقاعة داخلية واسعة في حي الصبورة - مساحة 149 م² - 4 غرف, 3 حمامات. الحالة: كالجديد. الملكية: طابو نظامي. الطابق: أرضي. المميزات: بلكونة, إطلالة مفتوحة, مصعد, قرب مستشفى, مرآب, غاز مركزي",104600,الصبورة,149,4,3,بيت عربي,كالجديد,"بلكونة, إطلالة مفتوحة, مصعد, قرب مستشفى, مرآب, غاز مركزي",2026-04-01,بائع_210,981100258,بيوت شام,طابو نظامي,غير محدد,أرضي,33.508147,36.320913,702,اقتصادية,property_images/house_traditional.jpg,property_images/house_traditional.jpg|property_images/apartment_street.jpg|property_images/apartment_modern.jpg
1324,مكتب في الصبورة,"مكتب تجاري في حي الصبورة - مساحة 25 م², 1 حمامات. الحالة: مقبول. الملكية: كاتب عدل. الطابق: أول. المميزات: إنترنت, مرآب, أثاث, بلكونة, موقف سيارات, أبواب حديدية",9100,الصبورة,25,0,1,مكتب,مقبول,"إنترنت, مرآب, أثاث, بلكونة, موقف سيارات, أبواب حديدية",2026-03-07,بائع_39,936873140,ماروتا سيتي,كاتب عدل,طاقة شمسية,أول,33.507645,36.319662,364,اقتصادية,property_images/apartment_interior.jpg,property_images/building_new_construction.jpg|property_images/building_needs_renovation.jpg|property_images/apartment_kitchen.jpg
1325,شقة في الصبورة,"شقة سكنية في بناء سكني في حي الصبورة - مساحة 122 م² - 2 غرف, 1 حمامات. الحالة: كالجديد. الملكية: سجل عقاري. الطابق: أول. المميزات: بلكونة, بئر مياه خاص, شبابيك دبل غلاس",87800,الصبورة,122,2,1,شقة,كالجديد,"بلكونة, بئر مياه خاص, شبابيك دبل غلاس",2026-01-28,بائع_3,935540267,سوق.كوم,سجل عقاري,كهرباء دولة,أول,33.506393,36.320558,720,اقتصادية,property_images/apartment_kitchen.jpg,property_images/villa_modern.jpg|property_images/bedroom.jpg|property_images/apartment_street.jpg
1326,مكتب في الصبورة,"مكتب تجاري في حي الصبورة - مساحة 50 م², 1 حمامات. الحالة: كالجديد. الملكية: سجل عقاري. الطابق: ثاني. المميزات: غاز مركزي, كهرباء دولة, شارع رئيسي, حارس أمن",30700,الصبورة,50,0,1,مكتب,كالجديد,"غاز مركزي, كهرباء دولة, شارع رئيسي, حارس أمن",2026-04-21,بائع_243,985236104,دوشيش,سجل عقاري,غير محدد,ثاني,33.506716,36.321107,614,اقتصادية,property_images/apartment_interior.jpg,property_images/apartment_interior.jpg|property_images/apartment_street.jpg|property_images/bedroom.jpg
1327,شقة في الصبورة,"شقة سكنية في بناء سكني في حي الصبورة - مساحة 110 م² - 3 غرف, 1 حمامات. الحالة: جيد. الملكية: حكم محكمة. الطابق: ثالث. المميزات: قرب مستشفى, حديقة",69200,الصبورة,110,3,1,شقة,جيد,"قرب مستشفى, حديقة",2026-01-17,بائع_47,986966294,دوشيش,حكم محكمة,"كهرباء دولة, طاقة شمسية",ثالث,33.504742,36.318297,629,اقتصادية,property_images/bedroom.jpg,property_images/townhouse.jpg|property_images/apartment_modern.jpg|property_images/apartment_luxury.jpg
1328,بيت في الصبورة,"بيت سكني تقليدي في حي الصبورة - مساحة 87 م² - 1 غرف, 1 حمامات. الحالة: مقبول. الملكية: حكم محكمة. الطابق: سادس. المميزات: حارس أمن, مصعد, كهرباء دولة, بئر مياه خاص, موقف سيارات",24000,الصبورة,87,1,1,بيت,مقبول,"حارس أمن, مصعد, كهرباء دولة, بئر مياه خاص, موقف سيارات",2026-04-10,بائع_200,974389429,ماروتا سيتي,حكم محكمة,كهرباء دولة,سادس,33.504455,36.322467,276,اقتصادية,property_images/house_traditional.jpg,property_images/villa_modern.jpg|property_images/apartment_kitchen.jpg|property_images/duplex_interior.jpg
1329,شقة في الصبورة,"شقة سكنية في بناء سكني في حي الصبورة - مساحة 91 م² - 2 غرف, 2 حمامات. الحالة: يحتاج ترميم. الملكية: طابو أخضر. الطابق: أرضي. المميزات: غاز مركزي, شقة مفروشة, إنترنت, أبواب حديدية, مرآب",35800,الصبورة,91,2,2,شقة,يحتاج ترميم,"غاز مركزي, شقة مفروشة, إنترنت, أبواب حديدية, مرآب",2026-03-02,بائع_150,953753971,سوق.كوم,طابو أخضر,كهرباء دولة,أرضي,33.503687,36.319479,393,اقتصادية,property_images/apartment_kitchen.jpg,property_images/apartment_economy.jpg|property_images/villa_interior.jpg|property_images/apartment_luxury.jpg
1330,بيت عربي في الصبورة,"بيت عربي بقاعة داخلية واسعة في حي الصبورة - مساحة 104 م² - 5 غرف, 2 حمامات. الحالة: مقبول. الملكية: كاتب عدل. الطابق: أرضي. المميزات: حارس أمن, شقة مفروشة, قرب مدرسة, شبابيك دبل غلاس",37900,الصبورة,104,5,2,بيت عربي,مقبول,"حارس أمن, شقة مفروشة, قرب مدرسة, شبابيك دبل غلاس",2025-12-30,بائع_290,954280811,بيوت شام,كاتب عدل,غير محدد,أرضي,33.504613,36.321081,364,اقتصادية,property_images/duplex_interior.jpg,property_images/building_new_construction.jpg|property_images/house_traditional.jpg|property_images/apartment_economy.jpg
1331,بيت قديم في الصبورة,"بيت تراثي دمشقي قديم في حي الصبورة - مساحة 107 م² - 4 غرف, 1 حمامات. الحالة: جديد. الملكية: طابو أخضر. الطابق: أرضي. المميزات: بئر مياه خاص, كهرباء دولة, إطلالة مفتوحة, موقف سيارات, أبواب حديدية",39000,الصبورة,107,4,1,بيت قديم,جديد,"بئر مياه خاص, كهرباء دولة, إطلالة مفتوحة, موقف سيارات, أبواب حديدية",2026-02-09,بائع_101,994963937,دوشيش,طابو أخضر,"كهرباء دولة, طاقة شمسية",أرضي,33.507168,36.320421,364,اقتصادية,property_images/house_traditional.jpg,property_images/apartment_kitchen.jpg|property_images/apartment_modern.jpg|property_images/building_needs_renovation.jpg
1332,منزل في الصبورة,"منزل سكني عائلي في حي الصبورة - مساحة 168 م² - 2 غرف, 1 حمامات. الحالة: ممتاز. الملكية: كاتب عدل. الطابق: أول. المميزات: بئر مياه خاص, قرب مدرسة, إنترنت, طاقة شمسية",87600,الصبورة,168,2,1,منزل,ممتاز,"بئر مياه خاص, قرب مدرسة, إنترنت, طاقة شمسية",2025-12-13,بائع_291,935394517,إمتلاك,كاتب عدل,طاقة شمسية,أول,33.503964,36.320436,521,اقتصادية,property_images/townhouse.jpg,property_images/villa_modern.jpg|property_images/bedroom.jpg|property_images/apartment_economy.jpg
1333,منزل في الصبورة,"منزل سكني عائلي في حي الصبورة - مساحة 181 م² - 4 غرف, 1 حمامات. الحالة: كالجديد. الملكية: سجل عقاري. الطابق: أول. المميزات: مصعد, إطلالة مفتوحة",58600,الصبورة,181,4,1,منزل,كالجديد,"مصعد, إطلالة مفتوحة",2025-11-26,بائع_161,991877957,بيوت شام,سجل عقاري,كهرباء دولة,أول,33.503922,36.31949,324,اقتصادية,property_images/townhouse.jpg,property_images/apartment_economy.jpg|property_images/townhouse.jpg|property_images/villa_modern.jpg
1334,شقة في الصبورة,"شقة سكنية في بناء سكني في حي الصبورة - مساحة 128 م² - 3 غرف, 1 حمامات. الحالة: ممتاز. الملكية: طابو نظامي. الطابق: سابع. المميزات: قرب مستشفى, طاقة شمسية",96000,الصبورة,128,3,1,شقة,ممتاز,"قرب مستشفى, طاقة شمسية",2026-01-16,بائع_26,969612469,ماروتا سيتي,طابو نظامي,"كهرباء دولة, طاقة شمسية",سابع,33.503457,36.319004,750,اقتصادية,property_images/apartment_kitchen.jpg,property_images/apartment_modern.jpg|property_images/apartment_economy.jpg|property_images/duplex_interior.jpg
1335,بيت في الصبورة,"بيت سكني تقليدي في حي الصبورة - مساحة 94 م² - 1 غرف, 2 حمامات. الحالة: ممتاز. الملكية: طابو أخضر. الطابق: سادس. المميزات: شقة مفروشة, كهرباء دولة, إطلالة مفتوحة, أثاث, شبابيك دبل غلاس, تدفئة مركزية",36900,الصبورة,94,1,2,بيت,ممتاز,"شقة مفروشة, كهرباء دولة, إطلالة مفتوحة, أثاث, شبابيك دبل غلاس, تدفئة مركزية",2026-01-10,بائع_180,983368862,دوشيش,طابو أخضر,طاقة شمسية,سادس,33.504306,36.321542,393,اقتصادية,property_images/house_traditional.jpg,property_images/bedroom.jpg|property_images/townhouse.jpg|property_images/apartment_street.jpg
1336,محل تجاري في الصبورة,"محل تجاري أو مكتب في حي الصبورة - مساحة 33 م², 1 حمامات. الحالة: كالجديد. الملكية: كاتب عدل. الطابق: ثاني. المميزات: موقف سيارات, إنترنت, بئر مياه خاص, شارع رئيسي, شقة مفروشة, إطلالة مفتوحة",25400,الصبورة,33,0,1,محل تجاري,كالجديد,"موقف سيارات, إنترنت, بئر مياه خاص, شارع رئيسي, شقة مفروشة, إطلالة مفتوحة",2026-04-20,بائع_77,987598469,إمتلاك,كاتب عدل,غير محدد,ثاني,33.501596,36.318877,770,اقتصادية,property_images/building_new_construction.jpg,property_images/apartment_luxury.jpg|property_images/building_needs_renovation.jpg|property_images/bedroom.jpg
1337,شقة في الصبورة,"شقة سكنية في بناء سكني في حي الصبورة - مساحة 108 م² - 3 غرف, 2 حمامات. الحالة: مقبول. الملكية: طابو أخضر. الطابق: سادس. المميزات: شبابيك دبل غلاس, قرب مدرسة",69000,الصبورة,108,3,2,شقة,مقبول,"شبابيك دبل غلاس, قرب مدرسة",2026-02-01,بائع_211,984134882,بيوت شام,طابو أخضر,كهرباء دولة,سادس,33.50445,36.315598,639,اقتصادية,property_images/apartment_interior.jpg,property_images/apartment_modern.jpg|property_images/apartment_kitchen.jpg|property_images/bedroom.jpg
1338,محل تجاري في الصبورة,"محل تجاري أو مكتب في حي الصبورة - مساحة 30 م² - 1 غرف, 1 حمامات. الحالة: كالجديد. الملكية: طابو نظامي. الطابق: ثاني. المميزات: شقة مفروشة, طاقة شمسية, أثاث, مصعد, غاز مركزي, أبواب حديدية",22100,الصبورة,30,1,1,محل تجاري,كالجديد,"شقة مفروشة, طاقة شمسية, أثاث, مصعد, غاز مركزي, أبواب حديدية",2026-01-22,بائع_242,945674612,بيوتنا,طابو نظامي,"كهرباء دولة, طاقة شمسية",ثاني,33.506228,36.320751,737,اقتصادية,property_images/building_new_construction.jpg,property_images/townhouse.jpg|property_images/villa_interior.jpg|property_images/villa_modern.jpg
1339,شقة في الصبورة,"شقة سكنية في بناء سكني في حي الصبورة - مساحة 125 م² - 4 غرف, 2 حمامات. الحالة: كالجديد. الملكية: سجل عقاري. الطابق: ملحق. المميزات: إطلالة مفتوحة, مصعد",97600,الصبورة,125,4,2,شقة,كالجديد,"إطلالة مفتوحة, مصعد",2026-01-15,بائع_169,957626785,ماروتا سيتي,سجل عقاري,كهرباء دولة,ملحق,33.503921,36.32179,781,اقتصادية,property_images/bedroom.jpg,property_images/apartment_kitchen.jpg|property_images/villa_modern.jpg|property_images/apartment_street.jpg
1340,شقة في الصبورة,"شقة سكنية في بناء سكني في حي الصبورة - مساحة 62 م² - 4 غرف, 2 حمامات. الحالة: جيد. الملكية: كاتب عدل. الطابق: رابع. المميزات: قرب مستشفى, مرآب, أثاث",23700,الصبورة,62,4,2,شقة,جيد,"قرب مستشفى, مرآب, أثاث",2025-12-25,بائع_258,991519225,سوق.كوم,كاتب عدل,طاقة شمسية,رابع,33.501386,36.31945,382,اقتصادية,property_images/apartment_luxury.jpg,property_images/duplex_interior.jpg|property_images/apartment_kitchen.jpg|property_images/apartment_economy.jpg
1341,بيت قديم في الصبورة,"بيت تراثي دمشقي قديم في حي الصبورة - مساحة 98 م² - 3 غرف, 1 حمامات. الحالة: ممتاز. الملكية: بدون أوراق. الطابق: ملحق. المميزات: قرب مستشفى, مكيف, إطلالة مفتوحة, حارس أمن",32400,الصبورة,98,3,1,بيت قديم,ممتاز,"قرب مستشفى, مكيف, إطلالة مفتوحة, حارس أمن",2025-12-13,بائع_217,939671542,ماروتا سيتي,بدون أوراق,"كهرباء دولة, طاقة شمسية",ملحق,33.505124,36.318145,331,اقتصادية,property_images/building_needs_renovation.jpg,property_images/bedroom.jpg|property_images/villa_interior.jpg|property_images/duplex_interior.jpg
1342,منزل في الصبورة,"منزل سكني عائلي في حي الصبورة - مساحة 151 م² - 5 غرف, 1 حمامات. الحالة: جيد. الملكية: طابو أخضر. الطابق: أرضي. المميزات: تدفئة مركزية, موقف سيارات, غاز مركزي",46600,الصبورة,151,5,1,منزل,جيد,"تدفئة مركزية, موقف سيارات, غاز مركزي",2026-05-02,بائع_243,954948910,إكار,طابو أخضر,كهرباء دولة,أرضي,33.507726,36.319393,309,اقتصادية,property_images/house_traditional.jpg,property_images/apartment_economy.jpg|property_images/duplex_interior.jpg|property_images/apartment_interior.jpg
1343,بيت في الصبورة,"بيت سكني تقليدي في حي الصبورة - مساحة 95 م² - 3 غرف, 1 حمامات. الحالة: مقبول. الملكية: سجل عقاري. الطابق: خامس. المميزات: قرب مدرسة, بلكونة, أبواب حديدية, حارس أمن, مكيف, مرآب",48400,الصبورة,95,3,1,بيت,مقبول,"قرب مدرسة, بلكونة, أبواب حديدية, حارس أمن, مكيف, مرآب",2026-03-07,بائع_238,941579766,إمتلاك,سجل عقاري,غير محدد,خامس,33.502516,36.317749,509,اقتصادية,property_images/building_needs_renovation.jpg,property_images/villa_modern.jpg|property_images/house_traditional.jpg|property_images/apartment_economy.jpg
1344,مكتب في الصبورة,"مكتب تجاري في حي الصبورة - مساحة 33 م², 1 حمامات. الحالة: جديد. الملكية: سجل عقاري. الطابق: أرضي. المميزات: كهرباء دولة, بلكونة, غاز مركزي, بئر مياه خاص, إطلالة مفتوحة, مصعد",23600,الصبورة,33,0,1,مكتب,جديد,"كهرباء دولة, بلكونة, غاز مركزي, بئر مياه خاص, إطلالة مفتوحة, مصعد",2025-11-11,بائع_121,941807339,ماروتا سيتي,سجل عقاري,غير محدد,أرضي,33.505863,36.321479,715,اقتصادية,property_images/apartment_modern.jpg,property_images/house_traditional.jpg|property_images/apartment_street.jpg|property_images/apartment_kitchen.jpg
1345,شقة في الصبورة,"شقة سكنية في بناء سكني في حي الصبورة - مساحة 210 م² - 1 غرف, 1 حمامات. الحالة: ممتاز. الملكية: حكم محكمة. الطابق: أرضي. المميزات: إنترنت, قرب مستشفى, مرآب, شبابيك دبل غلاس",63000,الصبورة,210,1,1,شقة,ممتاز,"إنترنت, قرب مستشفى, مرآب, شبابيك دبل غلاس",2026-04-19,بائع_175,998560523,بيوتنا,حكم محكمة,غير محدد,أرضي,33.506217,36.318886,300,اقتصادية,property_images/apartment_economy.jpg,property_images/apartment_luxury.jpg|property_images/apartment_interior.jpg|property_images/townhouse.jpg
1346,شقة في الصبورة,"شقة سكنية في بناء سكني في حي الصبورة - مساحة 99 م² - 2 غرف, 2 حمامات. الحالة: ممتاز. الملكية: حكم محكمة. الطابق: ثالث. المميزات: قرب مدرسة, شقة مفروشة, كهرباء دولة",46000,الصبورة,99,2,2,شقة,ممتاز,"قرب مدرسة, شقة مفروشة, كهرباء دولة",2025-11-09,بائع_39,989859881,إكار,حكم محكمة,غير محدد,ثالث,33.503182,36.323369,465,اقتصادية,property_images/apartment_street.jpg,property_images/villa_interior.jpg|property_images/building_needs_renovation.jpg|property_images/apartment_kitchen.jpg
1347,شقة في الصبورة,"شقة سكنية في بناء سكني في حي الصبورة - مساحة 149 م² - 1 غرف, 2 حمامات. الحالة: جيد. الملكية: كاتب عدل. الطابق: ملحق. المميزات: شارع رئيسي, كهرباء دولة, طاقة شمسية, حارس أمن, حديقة",74200,الصبورة,149,1,2,شقة,جيد,"شارع رئيسي, كهرباء دولة, طاقة شمسية, حارس أمن, حديقة",2026-04-22,بائع_53,978782089,ماروتا سيتي,كاتب عدل,كهرباء دولة,ملحق,33.507702,36.316975,498,اقتصادية,property_images/bedroom.jpg,property_images/apartment_kitchen.jpg|property_images/bedroom.jpg|property_images/apartment_modern.jpg
1348,شقة في المزة جبل,"شقة سكنية في بناء سكني في حي المزة جبل - مساحة 73 م² - 2 غرف, 1 حمامات. الحالة: مقبول. الملكية: بدون أوراق. الطابق: أول. المميزات: مصعد, أثاث, شبابيك دبل غلاس, تدفئة مركزية",11100,المزة جبل,73,2,1,شقة,مقبول,"مصعد, أثاث, شبابيك دبل غلاس, تدفئة مركزية",2026-03-27,بائع_212,968144597,دوشيش,بدون أوراق,كهرباء دولة,أول,33.496601,36.250323,152,اقتصادية,property_images/apartment_street.jpg,property_images/apartment_modern.jpg|property_images/building_needs_renovation.jpg|property_images/apartment_street.jpg
1349,محل تجاري في المزة جبل,"محل تجاري أو مكتب في حي المزة جبل - مساحة 62 م², 1 حمامات. الحالة: كالجديد. الملكية: سجل عقاري. الطابق: ثاني. المميزات: بلكونة, غاز مركزي, مكيف, شقة مفروشة, شارع رئيسي",32500,المزة جبل,62,0,1,محل تجاري,كالجديد,"بلكونة, غاز مركزي, مكيف, شقة مفروشة, شارع رئيسي",2025-11-20,بائع_152,968983370,إكار,سجل عقاري,غير محدد,ثاني,33.495178,36.251606,524,اقتصادية,property_images/building_new_construction.jpg,property_images/duplex_interior.jpg|property_images/villa_interior.jpg|property_images/apartment_economy.jpg
1350,شقة في المزة جبل,"شقة سكنية في بناء سكني في حي المزة جبل - مساحة 128 م² - 1 غرف, 2 حمامات. الحالة: يحتاج ترميم. الملكية: حكم محكمة. الطابق: خامس. المميزات: شقة مفروشة, شارع رئيسي, قرب مستشفى",39400,المزة جبل,128,1,2,شقة,يحتاج ترميم,"شقة مفروشة, شارع رئيسي, قرب مستشفى",2025-11-21,بائع_240,965193131,سوق.كوم,حكم محكمة,طاقة شمسية,خامس,33.494214,36.250623,308,اقتصادية,property_images/apartment_street.jpg,property_images/house_traditional.jpg|property_images/apartment_interior.jpg|property_images/building_new_construction.jpg
1351,منزل في المزة جبل,"منزل سكني عائلي في حي المزة جبل - مساحة 106 م² - 2 غرف, 3 حمامات. الحالة: جديد. الملكية: بدون أوراق. الطابق: أرضي. المميزات: غاز مركزي, حارس أمن, بلكونة, أبواب حديدية, شارع رئيسي, شقة مفروشة",34000,المزة جبل,106,2,3,منزل,جديد,"غاز مركزي, حارس أمن, بلكونة, أبواب حديدية, شارع رئيسي, شقة مفروشة",2026-04-01,بائع_9,960755255,سوق.كوم,بدون أوراق,"كهرباء دولة, طاقة شمسية",أرضي,33.499069,36.250182,321,اقتصادية,property_images/duplex_interior.jpg,property_images/apartment_kitchen.jpg|property_images/duplex_interior.jpg|property_images/apartment_luxury.jpg
1352,منزل في المزة جبل,"منزل سكني عائلي في حي المزة جبل - مساحة 121 م² - 5 غرف, 1 حمامات. الحالة: جيد. الملكية: كاتب عدل. الطابق: ملحق. المميزات: كهرباء دولة, شارع رئيسي, أثاث, حديقة",41400,المزة جبل,121,5,1,منزل,جيد,"كهرباء دولة, شارع رئيسي, أثاث, حديقة",2025-11-22,بائع_130,972647273,إمتلاك,كاتب عدل,كهرباء دولة,ملحق,33.494937,36.252301,342,اقتصادية,property_images/house_traditional.jpg,property_images/apartment_street.jpg|property_images/duplex_interior.jpg|property_images/building_new_construction.jpg
1353,محل تجاري في المزة جبل,"محل تجاري أو مكتب في حي المزة جبل - مساحة 54 م², 1 حمامات. الحالة: جيد. الملكية: طابو أخضر. الطابق: أرضي. المميزات: مكيف, بئر مياه خاص, بلكونة, إنترنت",30000,المزة جبل,54,0,1,محل تجاري,جيد,"مكيف, بئر مياه خاص, بلكونة, إنترنت",2026-04-12,بائع_80,958580802,بيوت شام,طابو أخضر,"كهرباء دولة, طاقة شمسية",أرضي,33.496947,36.248953,556,اقتصادية,property_images/building_new_construction.jpg,property_images/building_needs_renovation.jpg|property_images/villa_interior.jpg|property_images/apartment_modern.jpg
1354,شقة في المزة جبل,"شقة سكنية في بناء سكني في حي المزة جبل - مساحة 93 م² - 4 غرف, 2 حمامات. الحالة: كالجديد. الملكية: بدون أوراق. الطابق: سادس. المميزات: طاقة شمسية, إطلالة مفتوحة",38900,المزة جبل,93,4,2,شقة,كالجديد,"طاقة شمسية, إطلالة مفتوحة",2026-04-02,بائع_151,961493669,بيوت شام,بدون أوراق,غير محدد,سادس,33.496581,36.251289,418,اقتصادية,property_images/apartment_interior.jpg,property_images/apartment_kitchen.jpg|property_images/duplex_interior.jpg|property_images/building_new_construction.jpg
1355,شقة في المزة جبل,"شقة سكنية في بناء سكني في حي المزة جبل - مساحة 106 م² - 1 غرف, 2 حمامات. الحالة: مقبول. الملكية: حكم محكمة. الطابق: أول. المميزات: طاقة شمسية, مرآب, كهرباء دولة, شقة مفروشة",20700,المزة جبل,106,1,2,شقة,مقبول,"طاقة شمسية, مرآب, كهرباء دولة, شقة مفروشة",2026-01-31,بائع_143,932354879,ماروتا سيتي,حكم محكمة,غير محدد,أول,33.496859,36.247642,195,اقتصادية,property_images/apartment_modern.jpg,property_images/apartment_luxury.jpg|property_images/villa_interior.jpg|property_images/house_traditional.jpg
1356,منزل في المزة جبل,"منزل سكني عائلي في حي المزة جبل - مساحة 161 م² - 3 غرف, 1 حمامات. الحالة: جيد. الملكية: كاتب عدل. الطابق: ملحق. المميزات: قرب مستشفى, شبابيك دبل غلاس, أبواب حديدية, طاقة شمسية",38700,المزة جبل,161,3,1,منزل,جيد,"قرب مستشفى, شبابيك دبل غلاس, أبواب حديدية, طاقة شمسية",2026-01-23,بائع_211,949307183,بيوتنا,كاتب عدل,كهرباء دولة,ملحق,33.499852,36.249818,240,اقتصادية,property_images/duplex_interior.jpg,property_images/duplex_interior.jpg|property_images/bedroom.jpg|property_images/house_traditional.jpg
1357,شقة في المزة جبل,"شقة سكنية في بناء سكني في حي المزة جبل - مساحة 113 م² - 4 غرف, 2 حمامات. الحالة: جديد. الملكية: سجل عقاري. الطابق: رابع. المميزات: قرب مستشفى, موقف سيارات, مكيف, إنترنت",63100,المزة جبل,113,4,2,شقة,جديد,"قرب مستشفى, موقف سيارات, مكيف, إنترنت",2025-11-16,بائع_90,947884853,سوق.كوم,سجل عقاري,كهرباء دولة,رابع,33.499928,36.24996,558,اقتصادية,property_images/apartment_economy.jpg,property_images/townhouse.jpg|property_images/building_needs_renovation.jpg|property_images/villa_interior.jpg
1358,مكتب في المزة جبل,"مكتب تجاري في حي المزة جبل - مساحة 39 م², 1 حمامات. الحالة: كالجديد. الملكية: سجل عقاري. الطابق: أرضي. المميزات: مرآب, قرب مستشفى, مكيف",11800,المزة جبل,39,0,1,مكتب,كالجديد,"مرآب, قرب مستشفى, مكيف",2026-01-09,بائع_292,982285514,بيوتنا,سجل عقاري,كهرباء دولة,أرضي,33.496628,36.248766,303,اقتصادية,property_images/apartment_modern.jpg,property_images/apartment_street.jpg|property_images/apartment_luxury.jpg|property_images/duplex_interior.jpg
1359,محل تجاري في المزة جبل,"محل تجاري أو مكتب في حي المزة جبل - مساحة 62 م², 1 حمامات. الحالة: ممتاز. الملكية: بدون أوراق. الطابق: أول. المميزات: حديقة, قرب مدرسة, أبواب حديدية",20300,المزة جبل,62,0,1,محل تجاري,ممتاز,"حديقة, قرب مدرسة, أبواب حديدية",2025-12-30,بائع_231,953490247,ماروتا سيتي,بدون أوراق,كهرباء دولة,أول,33.499376,36.248774,327,اقتصادية,property_images/building_new_construction.jpg,property_images/villa_interior.jpg|property_images/apartment_kitchen.jpg|property_images/villa_modern.jpg
1360,منزل في المزة جبل,"منزل سكني عائلي في حي المزة جبل - مساحة 157 م² - 3 غرف, 1 حمامات. الحالة: ممتاز. الملكية: طابو نظامي. الطابق: ملحق. المميزات: كهرباء دولة, إطلالة مفتوحة, طاقة شمسية, حارس أمن, حديقة, أثاث",81200,المزة جبل,157,3,1,منزل,ممتاز,"كهرباء دولة, إطلالة مفتوحة, طاقة شمسية, حارس أمن, حديقة, أثاث",2025-12-03,بائع_44,949232177,دوشيش,طابو نظامي,"كهرباء دولة, طاقة شمسية",ملحق,33.498684,36.24988,517,اقتصادية,property_images/duplex_interior.jpg,property_images/villa_interior.jpg|property_images/apartment_kitchen.jpg|property_images/townhouse.jpg
1361,شقة في المزة جبل,"شقة سكنية في بناء سكني في حي المزة جبل - مساحة 98 م² - 3 غرف, 1 حمامات. الحالة: جديد. الملكية: طابو أخضر. الطابق: أرضي. المميزات: غاز مركزي, مكيف, موقف سيارات, بئر مياه خاص, طاقة شمسية",41600,المزة جبل,98,3,1,شقة,جديد,"غاز مركزي, مكيف, موقف سيارات, بئر مياه خاص, طاقة شمسية",2025-12-12,بائع_37,957415117,سوق.كوم,طابو أخضر,غير محدد,أرضي,33.496299,36.248918,424,اقتصادية,property_images/apartment_luxury.jpg,property_images/building_needs_renovation.jpg|property_images/townhouse.jpg|property_images/apartment_luxury.jpg
1362,شقة في المزة جبل,"شقة سكنية في بناء سكني في حي المزة جبل - مساحة 146 م² - 3 غرف, 1 حمامات. الحالة: جيد. الملكية: حكم محكمة. الطابق: سادس. المميزات: أبواب حديدية, مكيف, تدفئة مركزية, قرب مدرسة, مرآب, حديقة",49600,المزة جبل,146,3,1,شقة,جيد,"أبواب حديدية, مكيف, تدفئة مركزية, قرب مدرسة, مرآب, حديقة",2025-11-16,بائع_70,967111908,بيوت شام,حكم محكمة,كهرباء دولة,سادس,33.4953,36.253536,340,اقتصادية,property_images/apartment_economy.jpg,property_images/apartment_street.jpg|property_images/apartment_economy.jpg|property_images/villa_interior.jpg
1363,بيت في المزة جبل,"بيت سكني تقليدي في حي المزة جبل - مساحة 119 م² - 3 غرف, 1 حمامات. الحالة: جيد. الملكية: طابو أخضر. الطابق: سابع. المميزات: حديقة, طاقة شمسية, مصعد",24800,المزة جبل,119,3,1,بيت,جيد,"حديقة, طاقة شمسية, مصعد",2026-04-09,بائع_134,981231179,إكار,طابو أخضر,غير محدد,سابع,33.497116,36.250222,208,اقتصادية,property_images/house_traditional.jpg,property_images/apartment_kitchen.jpg|property_images/duplex_interior.jpg|property_images/villa_interior.jpg
1364,مكتب في المزة جبل,"مكتب تجاري في حي المزة جبل - مساحة 89 م², 1 حمامات. الحالة: مقبول. الملكية: سجل عقاري. الطابق: أرضي. المميزات: غاز مركزي, قرب مدرسة, مكيف, مصعد",22100,المزة جبل,89,0,1,مكتب,مقبول,"غاز مركزي, قرب مدرسة, مكيف, مصعد",2025-11-26,بائع_2,987745594,دوشيش,سجل عقاري,كهرباء دولة,أرضي,33.499952,36.252799,248,اقتصادية,property_images/apartment_modern.jpg,property_images/duplex_interior.jpg|property_images/apartment_economy.jpg|property_images/townhouse.jpg
1365,منزل في المزة جبل,"منزل سكني عائلي في حي المزة جبل - مساحة 131 م² - 4 غرف, 2 حمامات. الحالة: يحتاج ترميم. الملكية: سجل عقاري. الطابق: أول. المميزات: شارع رئيسي, بئر مياه خاص, مصعد",30100,المزة جبل,131,4,2,منزل,يحتاج ترميم,"شارع رئيسي, بئر مياه خاص, مصعد",2025-12-31,بائع_132,945845350,بيوتنا,سجل عقاري,كهرباء دولة,أول,33.495927,36.249593,230,اقتصادية,property_images/townhouse.jpg,property_images/apartment_economy.jpg|property_images/bedroom.jpg|property_images/apartment_modern.jpg
1366,شقة في المزة جبل,"شقة سكنية في بناء سكني في حي المزة جبل - مساحة 118 م² - 4 غرف, 2 حمامات. الحالة: يحتاج ترميم. الملكية: حكم محكمة. الطابق: سابع. المميزات: حارس أمن, مصعد, تدفئة مركزية, أبواب حديدية, قرب مدرسة",35700,المزة جبل,118,4,2,شقة,يحتاج ترميم,"حارس أمن, مصعد, تدفئة مركزية, أبواب حديدية, قرب مدرسة",2025-12-29,بائع_180,937336722,دوشيش,حكم محكمة,"كهرباء دولة, طاقة شمسية",سابع,33.50018,36.248504,303,اقتصادية,property_images/bedroom.jpg,property_images/building_needs_renovation.jpg|property_images/bedroom.jpg|property_images/apartment_interior.jpg
1367,شقة في المزة جبل,"شقة سكنية في بناء سكني في حي المزة جبل - مساحة 55 م² - 1 غرف, 1 حمامات. الحالة: جيد. الملكية: حكم محكمة. الطابق: ملحق. المميزات: إطلالة مفتوحة, قرب مستشفى, موقف سيارات, أثاث",19700,المزة جبل,55,1,1,شقة,جيد,"إطلالة مفتوحة, قرب مستشفى, موقف سيارات, أثاث",2026-04-25,بائع_98,968867308,بيوتنا,حكم محكمة,"كهرباء دولة, طاقة شمسية",ملحق,33.498587,36.250499,358,اقتصادية,property_images/bedroom.jpg,property_images/villa_modern.jpg|property_images/house_traditional.jpg|property_images/apartment_modern.jpg
1368,بيت عربي في المزة جبل,"بيت عربي بقاعة داخلية واسعة في حي المزة جبل - مساحة 163 م² - 5 غرف, 2 حمامات. الحالة: مقبول. الملكية: طابو نظامي. الطابق: أول. المميزات: إطلالة مفتوحة, مصعد, كهرباء دولة, أبواب حديدية, مرآب, شارع رئيسي",49600,المزة جبل,163,5,2,بيت عربي,مقبول,"إطلالة مفتوحة, مصعد, كهرباء دولة, أبواب حديدية, مرآب, شارع رئيسي",2026-04-03,بائع_116,970168879,سوق.كوم,طابو نظامي,غير محدد,أول,33.501031,36.250763,304,اقتصادية,property_images/duplex_interior.jpg,property_images/apartment_kitchen.jpg|property_images/building_needs_renovation.jpg|property_images/building_new_construction.jpg
1369,بيت قديم في المزة جبل,"بيت تراثي دمشقي قديم في حي المزة جبل - مساحة 86 م² - 4 غرف, 1 حمامات. الحالة: جيد. الملكية: طابو نظامي. الطابق: أول. المميزات: شارع رئيسي, تدفئة مركزية, قرب مدرسة, إنترنت, موقف سيارات",21300,المزة جبل,86,4,1,بيت قديم,جيد,"شارع رئيسي, تدفئة مركزية, قرب مدرسة, إنترنت, موقف سيارات",2026-03-24,بائع_276,974182268,بيوت شام,طابو نظامي,غير محدد,أول,33.49766,36.253273,248,اقتصادية,property_images/house_traditional.jpg,property_images/apartment_luxury.jpg|property_images/townhouse.jpg|property_images/villa_interior.jpg
1370,شقة في المزة جبل,"شقة سكنية في بناء سكني في حي المزة جبل - مساحة 113 م² - 1 غرف, 2 حمامات. الحالة: كالجديد. الملكية: طابو نظامي. الطابق: خامس. المميزات: مصعد, إنترنت, إطلالة مفتوحة, قرب مدرسة, موقف سيارات, حارس أمن",51900,المزة جبل,113,1,2,شقة,كالجديد,"مصعد, إنترنت, إطلالة مفتوحة, قرب مدرسة, موقف سيارات, حارس أمن",2026-02-25,بائع_201,976360965,إكار,طابو نظامي,غير محدد,خامس,33.497035,36.252198,459,اقتصادية,property_images/apartment_luxury.jpg,property_images/apartment_street.jpg|property_images/apartment_modern.jpg|property_images/house_traditional.jpg
1371,بيت في المزة جبل,"بيت سكني تقليدي في حي المزة جبل - مساحة 168 م² - 2 غرف, 2 حمامات. الحالة: يحتاج ترميم. الملكية: طابو أخضر. الطابق: أرضي. المميزات: تدفئة مركزية, بئر مياه خاص",43400,المزة جبل,168,2,2,بيت,يحتاج ترميم,"تدفئة مركزية, بئر مياه خاص",2026-05-02,بائع_160,970426902,سوق.كوم,طابو أخضر,كهرباء دولة,أرضي,33.498166,36.250074,258,اقتصادية,property_images/house_traditional.jpg,property_images/townhouse.jpg|property_images/apartment_modern.jpg|property_images/apartment_kitchen.jpg
1372,منزل في المزة جبل,"منزل سكني عائلي في حي المزة جبل - مساحة 80 م² - 3 غرف, 3 حمامات. الحالة: يحتاج ترميم. الملكية: بدون أوراق. الطابق: ملحق. المميزات: مكيف, بلكونة, موقف سيارات, قرب مدرسة, مصعد, أثاث",18300,المزة جبل,80,3,3,منزل,يحتاج ترميم,"مكيف, بلكونة, موقف سيارات, قرب مدرسة, مصعد, أثاث",2026-04-25,بائع_123,995489804,ماروتا سيتي,بدون أوراق,كهرباء دولة,ملحق,33.498268,36.250857,229,اقتصادية,property_images/townhouse.jpg,property_images/apartment_luxury.jpg|property_images/apartment_interior.jpg|property_images/bedroom.jpg
1373,منزل في ساحة عرنوس,"منزل سكني عائلي في حي ساحة عرنوس - مساحة 127 م² - 2 غرف, 3 حمامات. الحالة: ممتاز. الملكية: بدون أوراق. الطابق: أول. المميزات: قرب مدرسة, شارع رئيسي, مصعد, مكيف, غاز مركزي",42500,ساحة عرنوس,127,2,3,منزل,ممتاز,"قرب مدرسة, شارع رئيسي, مصعد, مكيف, غاز مركزي",2026-04-12,بائع_196,966825666,دوشيش,بدون أوراق,كهرباء دولة,أول,33.502178,36.305043,335,اقتصادية,property_images/townhouse.jpg,property_images/building_needs_renovation.jpg|property_images/duplex_interior.jpg|property_images/apartment_kitchen.jpg
1374,بيت قديم في ساحة عرنوس,"بيت تراثي دمشقي قديم في حي ساحة عرنوس - مساحة 86 م² - 2 غرف, 2 حمامات. الحالة: كالجديد. الملكية: طابو نظامي. الطابق: أول. المميزات: مكيف, أثاث, تدفئة مركزية, إطلالة مفتوحة, شبابيك دبل غلاس",56600,ساحة عرنوس,86,2,2,بيت قديم,كالجديد,"مكيف, أثاث, تدفئة مركزية, إطلالة مفتوحة, شبابيك دبل غلاس",2025-12-27,بائع_28,985611057,سوق.كوم,طابو نظامي,"كهرباء دولة, طاقة شمسية",أول,33.503862,36.300449,658,اقتصادية,property_images/building_needs_renovation.jpg,property_images/townhouse.jpg|property_images/bedroom.jpg|property_images/building_needs_renovation.jpg
1375,منزل في ساحة عرنوس,"منزل سكني عائلي في حي ساحة عرنوس - مساحة 154 م² - 2 غرف, 3 حمامات. الحالة: يحتاج ترميم. الملكية: حكم محكمة. الطابق: ملحق. المميزات: تدفئة مركزية, حارس أمن, موقف سيارات",39800,ساحة عرنوس,154,2,3,منزل,يحتاج ترميم,"تدفئة مركزية, حارس أمن, موقف سيارات",2025-11-25,بائع_145,958182691,سوق.كوم,حكم محكمة,غير محدد,ملحق,33.498611,36.306199,258,اقتصادية,property_images/duplex_interior.jpg,property_images/villa_interior.jpg|property_images/apartment_modern.jpg|property_images/duplex_interior.jpg
1376,شقة في ساحة عرنوس,"شقة سكنية في بناء سكني في حي ساحة عرنوس - مساحة 144 م² - 4 غرف, 2 حمامات. الحالة: مقبول. الملكية: طابو أخضر. الطابق: ملحق. المميزات: حارس أمن, حديقة",66800,ساحة عرنوس,144,4,2,شقة,مقبول,"حارس أمن, حديقة",2026-04-23,بائع_176,950939219,دوشيش,طابو أخضر,"كهرباء دولة, طاقة شمسية",ملحق,33.503331,36.300236,464,اقتصادية,property_images/apartment_interior.jpg,property_images/duplex_interior.jpg|property_images/apartment_luxury.jpg|property_images/apartment_modern.jpg
1377,شقة في ساحة عرنوس,"شقة سكنية في بناء سكني في حي ساحة عرنوس - مساحة 103 م² - 4 غرف, 1 حمامات. الحالة: جيد. الملكية: طابو أخضر. الطابق: خامس. المميزات: شبابيك دبل غلاس, بلكونة, مكيف, مصعد",58900,ساحة عرنوس,103,4,1,شقة,جيد,"شبابيك دبل غلاس, بلكونة, مكيف, مصعد",2025-11-13,بائع_4,990600597,بيوت شام,طابو أخضر,كهرباء دولة,خامس,33.500898,36.297936,572,اقتصادية,property_images/apartment_interior.jpg,property_images/house_traditional.jpg|property_images/duplex_interior.jpg|property_images/bedroom.jpg
1378,شقة في ساحة عرنوس,"شقة سكنية في بناء سكني في حي ساحة عرنوس - مساحة 112 م² - 1 غرف, 1 حمامات. الحالة: ممتاز. الملكية: سجل عقاري. الطابق: رابع. المميزات: موقف سيارات, شبابيك دبل غلاس, شارع رئيسي",54000,ساحة عرنوس,112,1,1,شقة,ممتاز,"موقف سيارات, شبابيك دبل غلاس, شارع رئيسي",2025-11-28,بائع_294,973864616,بيوتنا,سجل عقاري,"كهرباء دولة, طاقة شمسية",رابع,33.503271,36.304457,482,اقتصادية,property_images/apartment_kitchen.jpg,property_images/apartment_economy.jpg|property_images/apartment_modern.jpg|property_images/apartment_street.jpg
1379,منزل في ساحة عرنوس,"منزل سكني عائلي في حي ساحة عرنوس - مساحة 188 م² - 5 غرف, 2 حمامات. الحالة: ممتاز. الملكية: كاتب عدل. الطابق: أول. المميزات: مرآب, بلكونة, طاقة شمسية",95100,ساحة عرنوس,188,5,2,منزل,ممتاز,"مرآب, بلكونة, طاقة شمسية",2026-05-05,بائع_187,959114270,بيوتنا,كاتب عدل,غير محدد,أول,33.505391,36.299962,506,اقتصادية,property_images/house_traditional.jpg,property_images/townhouse.jpg|property_images/villa_interior.jpg|property_images/house_traditional.jpg
1380,بيت قديم في ساحة عرنوس,"بيت تراثي دمشقي قديم في حي ساحة عرنوس - مساحة 117 م² - 2 غرف, 1 حمامات. الحالة: جديد. الملكية: سجل عقاري. الطابق: أرضي. المميزات: أبواب حديدية, قرب مدرسة, شبابيك دبل غلاس, مصعد",60900,ساحة عرنوس,117,2,1,بيت قديم,جديد,"أبواب حديدية, قرب مدرسة, شبابيك دبل غلاس, مصعد",2026-04-23,بائع_170,936512479,بيوتنا,سجل عقاري,غير محدد,أرضي,33.500521,36.299994,521,اقتصادية,property_images/building_needs_renovation.jpg,property_images/villa_interior.jpg|property_images/townhouse.jpg|property_images/apartment_street.jpg
1381,شقة في ساحة عرنوس,"شقة سكنية في بناء سكني في حي ساحة عرنوس - مساحة 93 م² - 1 غرف, 2 حمامات. الحالة: ممتاز. الملكية: سجل عقاري. الطابق: أول. المميزات: مكيف, شقة مفروشة",38800,ساحة عرنوس,93,1,2,شقة,ممتاز,"مكيف, شقة مفروشة",2026-05-03,بائع_280,945111480,ماروتا سيتي,سجل عقاري,غير محدد,أول,33.504507,36.301771,417,اقتصادية,property_images/apartment_interior.jpg,property_images/building_new_construction.jpg|property_images/building_needs_renovation.jpg|property_images/villa_modern.jpg
1382,شقة في ساحة عرنوس,"شقة سكنية في بناء سكني في حي ساحة عرنوس - مساحة 90 م² - 2 غرف, 1 حمامات. الحالة: جديد. الملكية: طابو أخضر. الطابق: خامس. المميزات: شارع رئيسي, مصعد, مكيف",48000,ساحة عرنوس,90,2,1,شقة,جديد,"شارع رئيسي, مصعد, مكيف",2026-02-08,بائع_81,955904669,دوشيش,طابو أخضر,كهرباء دولة,خامس,33.505237,36.303026,533,اقتصادية,property_images/apartment_modern.jpg,property_images/apartment_luxury.jpg|property_images/apartment_street.jpg|property_images/building_needs_renovation.jpg
1383,بيت قديم في ساحة عرنوس,"بيت تراثي دمشقي قديم في حي ساحة عرنوس - مساحة 93 م² - 3 غرف, 1 حمامات. الحالة: جيد. الملكية: حكم محكمة. الطابق: أول. المميزات: قرب مستشفى, بلكونة",30500,ساحة عرنوس,93,3,1,بيت قديم,جيد,"قرب مستشفى, بلكونة",2025-12-20,بائع_221,935239510,ماروتا سيتي,حكم محكمة,كهرباء دولة,أول,33.505584,36.301502,328,اقتصادية,property_images/building_needs_renovation.jpg,property_images/apartment_luxury.jpg|property_images/villa_interior.jpg|property_images/building_new_construction.jpg
1384,مكتب في ساحة عرنوس,"مكتب تجاري في حي ساحة عرنوس - مساحة 81 م², 1 حمامات. الحالة: ممتاز. الملكية: كاتب عدل. الطابق: أرضي. المميزات: حديقة, كهرباء دولة, إطلالة مفتوحة, مكيف",46900,ساحة عرنوس,81,0,1,مكتب,ممتاز,"حديقة, كهرباء دولة, إطلالة مفتوحة, مكيف",2025-12-02,بائع_145,966445377,بيوتنا,كاتب عدل,كهرباء دولة,أرضي,33.502679,36.308002,579,اقتصادية,property_images/apartment_modern.jpg,property_images/apartment_luxury.jpg|property_images/villa_modern.jpg|property_images/apartment_economy.jpg
1385,منزل في ساحة عرنوس,"منزل سكني عائلي في حي ساحة عرنوس - مساحة 112 م² - 2 غرف, 3 حمامات. الحالة: كالجديد. الملكية: طابو أخضر. الطابق: أول. المميزات: إطلالة مفتوحة, غاز مركزي, إنترنت, قرب مستشفى, شقة مفروشة, أثاث",56000,ساحة عرنوس,112,2,3,منزل,كالجديد,"إطلالة مفتوحة, غاز مركزي, إنترنت, قرب مستشفى, شقة مفروشة, أثاث",2026-02-10,بائع_204,981264521,ماروتا سيتي,طابو أخضر,غير محدد,أول,33.500535,36.304905,500,اقتصادية,property_images/duplex_interior.jpg,property_images/apartment_luxury.jpg|property_images/apartment_modern.jpg|property_images/apartment_street.jpg
1386,شقة في ساحة عرنوس,"شقة سكنية في بناء سكني في حي ساحة عرنوس - مساحة 179 م² - 1 غرف, 2 حمامات. الحالة: مقبول. الملكية: سجل عقاري. الطابق: ثالث. المميزات: أبواب حديدية, تدفئة مركزية, حديقة, مرآب, غاز مركزي, مصعد",99000,ساحة عرنوس,179,1,2,شقة,مقبول,"أبواب حديدية, تدفئة مركزية, حديقة, مرآب, غاز مركزي, مصعد",2026-01-18,بائع_72,969668077,دوشيش,سجل عقاري,غير محدد,ثالث,33.505448,36.302605,553,اقتصادية,property_images/apartment_interior.jpg,property_images/house_traditional.jpg|property_images/villa_modern.jpg|property_images/apartment_luxury.jpg
1387,شقة في ساحة عرنوس,"شقة سكنية في بناء سكني في حي ساحة عرنوس - مساحة 107 م² - 2 غرف, 2 حمامات. الحالة: جديد. الملكية: سجل عقاري. الطابق: خامس. المميزات: مصعد, مكيف, أثاث, إنترنت, موقف سيارات",38500,ساحة عرنوس,107,2,2,شقة,جديد,"مصعد, مكيف, أثاث, إنترنت, موقف سيارات",2026-01-30,بائع_102,930171147,دوشيش,سجل عقاري,"كهرباء دولة, طاقة شمسية",خامس,33.507072,36.303938,360,اقتصادية,property_images/apartment_street.jpg,property_images/apartment_kitchen.jpg|property_images/apartment_luxury.jpg|property_images/bedroom.jpg
1388,شقة في ساحة عرنوس,"شقة سكنية في بناء سكني في حي ساحة عرنوس - مساحة 102 م² - 4 غرف, 2 حمامات. الحالة: جيد. الملكية: بدون أوراق. الطابق: أرضي. المميزات: حديقة, مرآب",47700,ساحة عرنوس,102,4,2,شقة,جيد,"حديقة, مرآب",2026-04-20,بائع_192,946287949,بيوت شام,بدون أوراق,كهرباء دولة,أرضي,33.501054,36.303813,468,اقتصادية,property_images/apartment_luxury.jpg,property_images/apartment_interior.jpg|property_images/apartment_kitchen.jpg|property_images/villa_interior.jpg
1389,شقة في ساحة عرنوس,"شقة سكنية في بناء سكني في حي ساحة عرنوس - مساحة 113 م² - 3 غرف, 2 حمامات. الحالة: كالجديد. الملكية: حكم محكمة. الطابق: أول. المميزات: كهرباء دولة, تدفئة مركزية, غاز مركزي, شارع رئيسي, إنترنت, أثاث",72100,ساحة عرنوس,113,3,2,شقة,كالجديد,"كهرباء دولة, تدفئة مركزية, غاز مركزي, شارع رئيسي, إنترنت, أثاث",2026-01-06,بائع_299,936434829,إمتلاك,حكم محكمة,طاقة شمسية,أول,33.502873,36.300098,638,اقتصادية,property_images/apartment_luxury.jpg,property_images/villa_interior.jpg|property_images/building_needs_renovation.jpg|property_images/apartment_modern.jpg
1390,منزل في ساحة عرنوس,"منزل سكني عائلي في حي ساحة عرنوس - مساحة 163 م² - 5 غرف, 2 حمامات. الحالة: جيد. الملكية: حكم محكمة. الطابق: أول. المميزات: غاز مركزي, قرب مستشفى, أثاث, مرآب",88000,ساحة عرنوس,163,5,2,منزل,جيد,"غاز مركزي, قرب مستشفى, أثاث, مرآب",2026-03-06,بائع_100,971848141,إكار,حكم محكمة,"كهرباء دولة, طاقة شمسية",أول,33.502942,36.30455,540,اقتصادية,property_images/house_traditional.jpg,property_images/house_traditional.jpg|property_images/duplex_interior.jpg|property_images/building_new_construction.jpg
1391,منزل في ساحة عرنوس,"منزل سكني عائلي في حي ساحة عرنوس - مساحة 112 م² - 5 غرف, 3 حمامات. الحالة: جيد. الملكية: حكم محكمة. الطابق: أرضي. المميزات: إنترنت, شبابيك دبل غلاس",47600,ساحة عرنوس,112,5,3,منزل,جيد,"إنترنت, شبابيك دبل غلاس",2025-11-09,بائع_245,990940212,إمتلاك,حكم محكمة,غير محدد,أرضي,33.501751,36.304494,425,اقتصادية,property_images/duplex_interior.jpg,property_images/apartment_luxury.jpg|property_images/townhouse.jpg|property_images/building_needs_renovation.jpg
1392,شقة في ساحة عرنوس,"شقة سكنية في بناء سكني في حي ساحة عرنوس - مساحة 121 م² - 1 غرف, 1 حمامات. الحالة: ممتاز. الملكية: كاتب عدل. الطابق: سادس. المميزات: مصعد, إطلالة مفتوحة, إنترنت",70900,ساحة عرنوس,121,1,1,شقة,ممتاز,"مصعد, إطلالة مفتوحة, إنترنت",2026-03-30,بائع_246,957924321,إمتلاك,كاتب عدل,"كهرباء دولة, طاقة شمسية",سادس,33.505175,36.304383,586,اقتصادية,property_images/apartment_interior.jpg,property_images/apartment_economy.jpg|property_images/apartment_luxury.jpg|property_images/villa_interior.jpg
1393,شقة في ساحة عرنوس,"شقة سكنية في بناء سكني في حي ساحة عرنوس - مساحة 129 م² - 3 غرف, 2 حمامات. الحالة: جيد. الملكية: كاتب عدل. الطابق: ثاني. المميزات: بلكونة, قرب مدرسة",43600,ساحة عرنوس,129,3,2,شقة,جيد,"بلكونة, قرب مدرسة",2026-01-24,بائع_236,978747298,ماروتا سيتي,كاتب عدل,كهرباء دولة,ثاني,33.502994,36.301934,338,اقتصادية,property_images/apartment_luxury.jpg,property_images/apartment_economy.jpg|property_images/apartment_street.jpg|property_images/apartment_interior.jpg
1394,بيت في ساحة عرنوس,"بيت سكني تقليدي في حي ساحة عرنوس - مساحة 99 م² - 2 غرف, 1 حمامات. الحالة: كالجديد. الملكية: طابو أخضر. الطابق: ثاني. المميزات: بلكونة, طاقة شمسية, قرب مدرسة, حديقة, مكيف, تدفئة مركزية",44000,ساحة عرنوس,99,2,1,بيت,كالجديد,"بلكونة, طاقة شمسية, قرب مدرسة, حديقة, مكيف, تدفئة مركزية",2025-12-09,بائع_49,962822196,سوق.كوم,طابو أخضر,"كهرباء دولة, طاقة شمسية",ثاني,33.50104,36.299085,444,اقتصادية,property_images/building_needs_renovation.jpg,property_images/apartment_economy.jpg|property_images/apartment_kitchen.jpg|property_images/apartment_luxury.jpg
1395,شقة في ساحة عرنوس,"شقة سكنية في بناء سكني في حي ساحة عرنوس - مساحة 96 م² - 2 غرف, 2 حمامات. الحالة: جيد. الملكية: طابو نظامي. الطابق: أول. المميزات: مكيف, أثاث, بئر مياه خاص, أبواب حديدية",47600,ساحة عرنوس,96,2,2,شقة,جيد,"مكيف, أثاث, بئر مياه خاص, أبواب حديدية",2025-12-01,بائع_5,991447497,ماروتا سيتي,طابو نظامي,غير محدد,أول,33.500304,36.303031,496,اقتصادية,property_images/bedroom.jpg,property_images/apartment_kitchen.jpg|property_images/apartment_street.jpg|property_images/apartment_interior.jpg
1396,شقة في ساحة عرنوس,"شقة سكنية في بناء سكني في حي ساحة عرنوس - مساحة 186 م² - 3 غرف, 1 حمامات. الحالة: جديد. الملكية: كاتب عدل. الطابق: ثالث. المميزات: تدفئة مركزية, شبابيك دبل غلاس, حديقة, مرآب, موقف سيارات",140100,ساحة عرنوس,186,3,1,شقة,جديد,"تدفئة مركزية, شبابيك دبل غلاس, حديقة, مرآب, موقف سيارات",2026-04-28,بائع_2,980926909,بيوت شام,كاتب عدل,"كهرباء دولة, طاقة شمسية",ثالث,33.506287,36.303782,753,اقتصادية,property_images/bedroom.jpg,property_images/apartment_economy.jpg|property_images/building_needs_renovation.jpg|property_images/townhouse.jpg
1397,مكتب في ساحة عرنوس,"مكتب تجاري في حي ساحة عرنوس - مساحة 78 م², 1 حمامات. الحالة: كالجديد. الملكية: طابو أخضر. الطابق: أول. المميزات: مكيف, أبواب حديدية, شبابيك دبل غلاس",40600,ساحة عرنوس,78,0,1,مكتب,كالجديد,"مكيف, أبواب حديدية, شبابيك دبل غلاس",2026-04-16,بائع_213,994833839,سوق.كوم,طابو أخضر,"كهرباء دولة, طاقة شمسية",أول,33.501711,36.297522,521,اقتصادية,property_images/apartment_modern.jpg,property_images/apartment_street.jpg|property_images/villa_modern.jpg|property_images/villa_interior.jpg
1398,مكتب في ساحة عرنوس,"مكتب تجاري في حي ساحة عرنوس - مساحة 78 م², 1 حمامات. الحالة: ممتاز. الملكية: طابو نظامي. الطابق: أرضي. المميزات: شبابيك دبل غلاس, مصعد",62400,ساحة عرنوس,78,0,1,مكتب,ممتاز,"شبابيك دبل غلاس, مصعد",2026-01-29,بائع_18,972744205,بيوت شام,طابو نظامي,"كهرباء دولة, طاقة شمسية",أرضي,33.501894,36.302492,800,اقتصادية,property_images/apartment_interior.jpg,property_images/apartment_economy.jpg|property_images/villa_interior.jpg|property_images/duplex_interior.jpg
1399,شقة في ساحة عرنوس,"شقة سكنية في بناء سكني في حي ساحة عرنوس - مساحة 93 م² - 3 غرف, 1 حمامات. الحالة: جيد. الملكية: طابو نظامي. الطابق: رابع. المميزات: شارع رئيسي, أبواب حديدية",48100,ساحة عرنوس,93,3,1,شقة,جيد,"شارع رئيسي, أبواب حديدية",2025-12-30,بائع_139,932808205,إمتلاك,طابو نظامي,طاقة شمسية,رابع,33.50525,36.299514,517,اقتصادية,property_images/apartment_luxury.jpg,property_images/house_traditional.jpg|property_images/townhouse.jpg|property_images/apartment_economy.jpg
1400,محل تجاري في ساحة عرنوس,"محل تجاري أو مكتب في حي ساحة عرنوس - مساحة 70 م², 1 حمامات. الحالة: جيد. الملكية: كاتب عدل. الطابق: أرضي. المميزات: مرآب, مكيف, إنترنت, مصعد, شارع رئيسي",33700,ساحة عرنوس,70,0,1,محل تجاري,جيد,"مرآب, مكيف, إنترنت, مصعد, شارع رئيسي",2025-11-06,بائع_208,954943946,إكار,كاتب عدل,"كهرباء دولة, طاقة شمسية",أرضي,33.503227,36.303918,481,اقتصادية,property_images/building_new_construction.jpg,property_images/apartment_kitchen.jpg|property_images/villa_modern.jpg|property_images/house_traditional.jpg
1401,بيت في ساحة عرنوس,"بيت سكني تقليدي في حي ساحة عرنوس - مساحة 104 م² - 2 غرف, 2 حمامات. الحالة: ممتاز. الملكية: كاتب عدل. الطابق: خامس. المميزات: موقف سيارات, بئر مياه خاص, قرب مستشفى, شبابيك دبل غلاس, كهرباء دولة",43100,ساحة عرنوس,104,2,2,بيت,ممتاز,"موقف سيارات, بئر مياه خاص, قرب مستشفى, شبابيك دبل غلاس, كهرباء دولة",2026-03-13,بائع_54,996328158,إكار,كاتب عدل,كهرباء دولة,خامس,33.502572,36.304941,414,اقتصادية,property_images/building_needs_renovation.jpg,property_images/apartment_street.jpg|property_images/bedroom.jpg|property_images/apartment_modern.jpg
1402,بيت قديم في ساحة عرنوس,"بيت تراثي دمشقي قديم في حي ساحة عرنوس - مساحة 114 م² - 4 غرف, 2 حمامات. الحالة: جيد. الملكية: سجل عقاري. الطابق: أول. المميزات: موقف سيارات, كهرباء دولة, شقة مفروشة, مرآب, تدفئة مركزية, حديقة",40600,ساحة عرنوس,114,4,2,بيت قديم,جيد,"موقف سيارات, كهرباء دولة, شقة مفروشة, مرآب, تدفئة مركزية, حديقة",2025-11-07,بائع_107,948963550,دوشيش,سجل عقاري,"كهرباء دولة, طاقة شمسية",أول,33.500458,36.302243,356,اقتصادية,property_images/building_needs_renovation.jpg,property_images/apartment_interior.jpg|property_images/duplex_interior.jpg|property_images/villa_interior.jpg
1403,بيت عربي في قدسيا,"بيت عربي بقاعة داخلية واسعة في حي قدسيا - مساحة 224 م² - 3 غرف, 3 حمامات. الحالة: ممتاز. الملكية: طابو نظامي. الطابق: أرضي. المميزات: قرب مستشفى, كهرباء دولة, غاز مركزي",138700,قدسيا,224,3,3,بيت عربي,ممتاز,"قرب مستشفى, كهرباء دولة, غاز مركزي",2025-12-16,بائع_300,998944713,إمتلاك,طابو نظامي,"كهرباء دولة, طاقة شمسية",أرضي,33.486319,36.313533,619,اقتصادية,property_images/house_traditional.jpg,property_images/apartment_street.jpg|property_images/villa_modern.jpg|property_images/apartment_interior.jpg
1404,شقة في قدسيا,"شقة سكنية في بناء سكني في حي قدسيا - مساحة 156 م² - 3 غرف, 2 حمامات. الحالة: مقبول. الملكية: طابو أخضر. الطابق: أول. المميزات: كهرباء دولة, مصعد, إطلالة مفتوحة",84700,قدسيا,156,3,2,شقة,مقبول,"كهرباء دولة, مصعد, إطلالة مفتوحة",2025-11-08,بائع_84,947302488,ماروتا سيتي,طابو أخضر,كهرباء دولة,أول,33.483978,36.304893,543,اقتصادية,property_images/apartment_interior.jpg,property_images/apartment_street.jpg|property_images/apartment_luxury.jpg|property_images/building_new_construction.jpg
1405,بيت في قدسيا,"بيت سكني تقليدي في حي قدسيا - مساحة 104 م² - 2 غرف, 2 حمامات. الحالة: جيد. الملكية: بدون أوراق. الطابق: سادس. المميزات: شارع رئيسي, بلكونة, حديقة",37600,قدسيا,104,2,2,بيت,جيد,"شارع رئيسي, بلكونة, حديقة",2025-11-08,بائع_252,938988400,إكار,بدون أوراق,غير محدد,سادس,33.485781,36.309692,362,اقتصادية,property_images/house_traditional.jpg,property_images/building_needs_renovation.jpg|property_images/villa_interior.jpg|property_images/building_new_construction.jpg
1406,بيت عربي في قدسيا,"بيت عربي بقاعة داخلية واسعة في حي قدسيا - مساحة 163 م² - 3 غرف, 1 حمامات. الحالة: جيد. الملكية: بدون أوراق. الطابق: ملحق. المميزات: شقة مفروشة, قرب مدرسة, أبواب حديدية, تدفئة مركزية, حديقة",41700,قدسيا,163,3,1,بيت عربي,جيد,"شقة مفروشة, قرب مدرسة, أبواب حديدية, تدفئة مركزية, حديقة",2026-04-18,بائع_199,996151879,دوشيش,بدون أوراق,كهرباء دولة,ملحق,33.48312,36.310953,256,اقتصادية,property_images/house_traditional.jpg,property_images/duplex_interior.jpg|property_images/apartment_interior.jpg|property_images/apartment_luxury.jpg
1407,بيت قديم في قدسيا,"بيت تراثي دمشقي قديم في حي قدسيا - مساحة 160 م² - 4 غرف, 2 حمامات. الحالة: يحتاج ترميم. الملكية: طابو أخضر. الطابق: أول. المميزات: شارع رئيسي, إنترنت, غاز مركزي, بئر مياه خاص, شبابيك دبل غلاس, كهرباء دولة",52100,قدسيا,160,4,2,بيت قديم,يحتاج ترميم,"شارع رئيسي, إنترنت, غاز مركزي, بئر مياه خاص, شبابيك دبل غلاس, كهرباء دولة",2025-12-25,بائع_220,986753820,بيوت شام,طابو أخضر,كهرباء دولة,أول,33.485656,36.311905,326,اقتصادية,property_images/house_traditional.jpg,property_images/apartment_economy.jpg|property_images/apartment_street.jpg|property_images/townhouse.jpg
1408,منزل في قدسيا,"منزل سكني عائلي في حي قدسيا - مساحة 123 م² - 3 غرف, 1 حمامات. الحالة: مقبول. الملكية: طابو أخضر. الطابق: ملحق. المميزات: شبابيك دبل غلاس, مكيف, أثاث, غاز مركزي, حارس أمن, تدفئة مركزية",67000,قدسيا,123,3,1,منزل,مقبول,"شبابيك دبل غلاس, مكيف, أثاث, غاز مركزي, حارس أمن, تدفئة مركزية",2026-01-19,بائع_43,979520244,بيوتنا,طابو أخضر,كهرباء دولة,ملحق,33.483519,36.31173,545,اقتصادية,property_images/townhouse.jpg,property_images/apartment_luxury.jpg|property_images/townhouse.jpg|property_images/villa_interior.jpg
1409,شقة في قدسيا,"شقة سكنية في بناء سكني في حي قدسيا - مساحة 125 م² - 3 غرف, 2 حمامات. الحالة: ممتاز. الملكية: سجل عقاري. الطابق: خامس. المميزات: مرآب, كهرباء دولة, حديقة, أبواب حديدية, شقة مفروشة, غاز مركزي",86400,قدسيا,125,3,2,شقة,ممتاز,"مرآب, كهرباء دولة, حديقة, أبواب حديدية, شقة مفروشة, غاز مركزي",2025-12-30,بائع_181,942280510,بيوت شام,سجل عقاري,كهرباء دولة,خامس,33.483435,36.311414,691,اقتصادية,property_images/apartment_luxury.jpg,property_images/duplex_interior.jpg|property_images/apartment_modern.jpg|property_images/apartment_interior.jpg
1410,منزل في قدسيا,"منزل سكني عائلي في حي قدسيا - مساحة 253 م² - 5 غرف, 3 حمامات. الحالة: ممتاز. الملكية: طابو أخضر. الطابق: أول. المميزات: حديقة, شقة مفروشة, مرآب, إطلالة مفتوحة, مكيف",129100,قدسيا,253,5,3,منزل,ممتاز,"حديقة, شقة مفروشة, مرآب, إطلالة مفتوحة, مكيف",2026-01-19,بائع_196,975367758,بيوت شام,طابو أخضر,غير محدد,أول,33.48432,36.310463,510,اقتصادية,property_images/townhouse.jpg,property_images/townhouse.jpg|property_images/building_needs_renovation.jpg|property_images/apartment_interior.jpg
1411,شقة في قدسيا,"شقة سكنية في بناء سكني في حي قدسيا - مساحة 147 م² - 3 غرف, 2 حمامات. الحالة: كالجديد. الملكية: طابو نظامي. الطابق: سابع. المميزات: شقة مفروشة, قرب مستشفى",97300,قدسيا,147,3,2,شقة,كالجديد,"شقة مفروشة, قرب مستشفى",2026-03-15,بائع_104,997526283,إكار,طابو نظامي,طاقة شمسية,سابع,33.479334,36.312718,662,اقتصادية,property_images/apartment_luxury.jpg,property_images/townhouse.jpg|property_images/building_needs_renovation.jpg|property_images/apartment_street.jpg
1412,مكتب في قدسيا,"مكتب تجاري في حي قدسيا - مساحة 70 م², 1 حمامات. الحالة: جديد. الملكية: كاتب عدل. الطابق: أول. المميزات: تدفئة مركزية, موقف سيارات, شبابيك دبل غلاس, مصعد, طاقة شمسية",37900,قدسيا,70,0,1,مكتب,جديد,"تدفئة مركزية, موقف سيارات, شبابيك دبل غلاس, مصعد, طاقة شمسية",2026-02-18,بائع_138,949322466,إكار,كاتب عدل,كهرباء دولة,أول,33.483785,36.313136,541,اقتصادية,property_images/apartment_interior.jpg,property_images/building_needs_renovation.jpg|property_images/apartment_interior.jpg|property_images/bedroom.jpg
1413,بيت في قدسيا,"بيت سكني تقليدي في حي قدسيا - مساحة 153 م² - 3 غرف, 2 حمامات. الحالة: جديد. الملكية: طابو أخضر. الطابق: ملحق. المميزات: قرب مدرسة, إطلالة مفتوحة",127700,قدسيا,153,3,2,بيت,جديد,"قرب مدرسة, إطلالة مفتوحة",2026-02-23,بائع_36,957382187,إمتلاك,طابو أخضر,كهرباء دولة,ملحق,33.484648,36.310166,835,اقتصادية,property_images/building_needs_renovation.jpg,property_images/villa_interior.jpg|property_images/apartment_luxury.jpg|property_images/apartment_kitchen.jpg
1414,منزل في قدسيا,"منزل سكني عائلي في حي قدسيا - مساحة 154 م² - 2 غرف, 3 حمامات. الحالة: جيد. الملكية: سجل عقاري. الطابق: أول. المميزات: إطلالة مفتوحة, أبواب حديدية, قرب مستشفى, شارع رئيسي, مكيف",106000,قدسيا,154,2,3,منزل,جيد,"إطلالة مفتوحة, أبواب حديدية, قرب مستشفى, شارع رئيسي, مكيف",2026-02-26,بائع_57,956480191,دوشيش,سجل عقاري,"كهرباء دولة, طاقة شمسية",أول,33.483248,36.308388,688,اقتصادية,property_images/townhouse.jpg,property_images/house_traditional.jpg|property_images/villa_modern.jpg|property_images/apartment_kitchen.jpg
1415,بيت في قدسيا,"بيت سكني تقليدي في حي قدسيا - مساحة 140 م² - 1 غرف, 2 حمامات. الحالة: جيد. الملكية: طابو نظامي. الطابق: رابع. المميزات: إنترنت, غاز مركزي, أبواب حديدية",72400,قدسيا,140,1,2,بيت,جيد,"إنترنت, غاز مركزي, أبواب حديدية",2026-05-02,بائع_294,971622469,إمتلاك,طابو نظامي,غير محدد,رابع,33.487757,36.308657,517,اقتصادية,property_images/building_needs_renovation.jpg,property_images/bedroom.jpg|property_images/apartment_luxury.jpg|property_images/apartment_economy.jpg
1416,بيت في قدسيا,"بيت سكني تقليدي في حي قدسيا - مساحة 108 م² - 1 غرف, 2 حمامات. الحالة: كالجديد. الملكية: طابو نظامي. الطابق: ثاني. المميزات: شارع رئيسي, قرب مدرسة, تدفئة مركزية, مكيف, مرآب, مصعد",55500,قدسيا,108,1,2,بيت,كالجديد,"شارع رئيسي, قرب مدرسة, تدفئة مركزية, مكيف, مرآب, مصعد",2026-03-29,بائع_23,959194396,بيوت شام,طابو نظامي,طاقة شمسية,ثاني,33.485015,36.307043,514,اقتصادية,property_images/building_needs_renovation.jpg,property_images/apartment_interior.jpg|property_images/townhouse.jpg|property_images/bedroom.jpg
1417,مكتب في قدسيا,"مكتب تجاري في حي قدسيا - مساحة 45 م², 1 حمامات. الحالة: جيد. الملكية: كاتب عدل. الطابق: أرضي. المميزات: كهرباء دولة, إطلالة مفتوحة, مصعد, شبابيك دبل غلاس, أثاث, بئر مياه خاص",20200,قدسيا,45,0,1,مكتب,جيد,"كهرباء دولة, إطلالة مفتوحة, مصعد, شبابيك دبل غلاس, أثاث, بئر مياه خاص",2026-01-13,بائع_236,990399581,إكار,كاتب عدل,"كهرباء دولة, طاقة شمسية",أرضي,33.486388,36.311433,449,اقتصادية,property_images/apartment_modern.jpg,property_images/villa_modern.jpg|property_images/apartment_interior.jpg|property_images/house_traditional.jpg
1418,منزل في قدسيا,"منزل سكني عائلي في حي قدسيا - مساحة 82 م² - 2 غرف, 3 حمامات. الحالة: ممتاز. الملكية: سجل عقاري. الطابق: ملحق. المميزات: موقف سيارات, شقة مفروشة, مرآب, كهرباء دولة",64900,قدسيا,82,2,3,منزل,ممتاز,"موقف سيارات, شقة مفروشة, مرآب, كهرباء دولة",2026-05-05,بائع_257,996891270,إمتلاك,سجل عقاري,"كهرباء دولة, طاقة شمسية",ملحق,33.489995,36.310092,791,اقتصادية,property_images/townhouse.jpg,property_images/villa_modern.jpg|property_images/building_new_construction.jpg|property_images/house_traditional.jpg
1419,شقة في قدسيا,"شقة سكنية في بناء سكني في حي قدسيا - مساحة 97 م² - 4 غرف, 2 حمامات. الحالة: جيد. الملكية: كاتب عدل. الطابق: ثاني. المميزات: قرب مستشفى, مرآب",82900,قدسيا,97,4,2,شقة,جيد,"قرب مستشفى, مرآب",2026-03-23,بائع_220,933872620,إمتلاك,كاتب عدل,كهرباء دولة,ثاني,33.482362,36.31004,855,اقتصادية,property_images/apartment_luxury.jpg,property_images/townhouse.jpg|property_images/bedroom.jpg|property_images/apartment_luxury.jpg
1420,شقة في قدسيا,"شقة سكنية في بناء سكني في حي قدسيا - مساحة 126 م² - 3 غرف, 1 حمامات. الحالة: جيد. الملكية: حكم محكمة. الطابق: أول. المميزات: مرآب, أبواب حديدية, بئر مياه خاص, شقة مفروشة, أثاث",94700,قدسيا,126,3,1,شقة,جيد,"مرآب, أبواب حديدية, بئر مياه خاص, شقة مفروشة, أثاث",2025-11-07,بائع_2,979522424,بيوتنا,حكم محكمة,غير محدد,أول,33.485719,36.309003,752,اقتصادية,property_images/apartment_luxury.jpg,property_images/apartment_kitchen.jpg|property_images/apartment_economy.jpg|property_images/villa_interior.jpg
1421,محل تجاري في قدسيا,"محل تجاري أو مكتب في حي قدسيا - مساحة 36 م², 1 حمامات. الحالة: كالجديد. الملكية: بدون أوراق. الطابق: أول. المميزات: شقة مفروشة, موقف سيارات",21400,قدسيا,36,0,1,محل تجاري,كالجديد,"شقة مفروشة, موقف سيارات",2026-03-29,بائع_196,976961617,بيوت شام,بدون أوراق,"كهرباء دولة, طاقة شمسية",أول,33.482986,36.310096,594,اقتصادية,property_images/building_new_construction.jpg,property_images/bedroom.jpg|property_images/apartment_interior.jpg|property_images/apartment_street.jpg
1422,منزل في قدسيا,"منزل سكني عائلي في حي قدسيا - مساحة 134 م² - 2 غرف, 2 حمامات. الحالة: ممتاز. الملكية: سجل عقاري. الطابق: ملحق. المميزات: طاقة شمسية, مكيف, شبابيك دبل غلاس",56600,قدسيا,134,2,2,منزل,ممتاز,"طاقة شمسية, مكيف, شبابيك دبل غلاس",2026-04-05,بائع_231,994707410,سوق.كوم,سجل عقاري,كهرباء دولة,ملحق,33.48751,36.309005,422,اقتصادية,property_images/house_traditional.jpg,property_images/apartment_modern.jpg|property_images/apartment_kitchen.jpg|property_images/apartment_economy.jpg
1423,مكتب في قدسيا,"مكتب تجاري في حي قدسيا - مساحة 29 م², 1 حمامات. الحالة: مقبول. الملكية: طابو نظامي. الطابق: أول. المميزات: مرآب, حديقة",16400,قدسيا,29,0,1,مكتب,مقبول,"مرآب, حديقة",2025-11-26,بائع_230,937803698,إكار,طابو نظامي,غير محدد,أول,33.485137,36.306507,566,اقتصادية,property_images/apartment_interior.jpg,property_images/duplex_interior.jpg|property_images/building_new_construction.jpg|property_images/house_traditional.jpg
1424,شقة في قدسيا,"شقة سكنية في بناء سكني في حي قدسيا - مساحة 131 م² - 3 غرف, 2 حمامات. الحالة: جيد. الملكية: سجل عقاري. الطابق: سادس. المميزات: شارع رئيسي, شبابيك دبل غلاس",59700,قدسيا,131,3,2,شقة,جيد,"شارع رئيسي, شبابيك دبل غلاس",2025-12-05,بائع_269,939958304,ماروتا سيتي,سجل عقاري,"كهرباء دولة, طاقة شمسية",سادس,33.488422,36.311048,456,اقتصادية,property_images/apartment_economy.jpg,property_images/building_new_construction.jpg|property_images/villa_interior.jpg|property_images/apartment_street.jpg
1425,منزل في قدسيا,"منزل سكني عائلي في حي قدسيا - مساحة 142 م² - 5 غرف, 3 حمامات. الحالة: جيد. الملكية: طابو أخضر. الطابق: أول. المميزات: شبابيك دبل غلاس, شقة مفروشة, موقف سيارات",69800,قدسيا,142,5,3,منزل,جيد,"شبابيك دبل غلاس, شقة مفروشة, موقف سيارات",2025-12-02,بائع_30,968487547,إكار,طابو أخضر,"كهرباء دولة, طاقة شمسية",أول,33.48479,36.311226,492,اقتصادية,property_images/townhouse.jpg,property_images/house_traditional.jpg|property_images/bedroom.jpg|property_images/duplex_interior.jpg
1426,مكتب في قدسيا,"مكتب تجاري في حي قدسيا - مساحة 54 م², 1 حمامات. الحالة: مقبول. الملكية: حكم محكمة. الطابق: أول. المميزات: قرب مدرسة, أثاث, شقة مفروشة, كهرباء دولة, قرب مستشفى",28700,قدسيا,54,0,1,مكتب,مقبول,"قرب مدرسة, أثاث, شقة مفروشة, كهرباء دولة, قرب مستشفى",2026-03-27,بائع_9,991517955,سوق.كوم,حكم محكمة,كهرباء دولة,أول,33.485117,36.308792,531,اقتصادية,property_images/apartment_interior.jpg,property_images/building_needs_renovation.jpg|property_images/apartment_interior.jpg|property_images/apartment_modern.jpg
1427,شقة في قدسيا,"شقة سكنية في بناء سكني في حي قدسيا - مساحة 107 م² - 2 غرف, 1 حمامات. الحالة: جيد. الملكية: حكم محكمة. الطابق: ملحق. المميزات: مصعد, حديقة, موقف سيارات, قرب مدرسة, حارس أمن, مكيف",38500,قدسيا,107,2,1,شقة,جيد,"مصعد, حديقة, موقف سيارات, قرب مدرسة, حارس أمن, مكيف",2025-11-19,بائع_51,995904274,بيوتنا,حكم محكمة,كهرباء دولة,ملحق,33.486947,36.310598,360,اقتصادية,property_images/apartment_interior.jpg,property_images/house_traditional.jpg|property_images/apartment_luxury.jpg|property_images/townhouse.jpg
1428,بيت عربي في قدسيا,"بيت عربي بقاعة داخلية واسعة في حي قدسيا - مساحة 141 م² - 2 غرف, 2 حمامات. الحالة: جديد. الملكية: كاتب عدل. الطابق: ملحق. المميزات: إطلالة مفتوحة, تدفئة مركزية, حارس أمن, شارع رئيسي, شبابيك دبل غلاس",138700,قدسيا,141,2,2,بيت عربي,جديد,"إطلالة مفتوحة, تدفئة مركزية, حارس أمن, شارع رئيسي, شبابيك دبل غلاس",2026-03-29,بائع_285,948506451,إكار,كاتب عدل,كهرباء دولة,ملحق,33.485174,36.307928,984,اقتصادية,property_images/duplex_interior.jpg,property_images/apartment_economy.jpg|property_images/building_new_construction.jpg|property_images/villa_modern.jpg
1429,بيت في قدسيا,"بيت سكني تقليدي في حي قدسيا - مساحة 135 م² - 3 غرف, 2 حمامات. الحالة: كالجديد. الملكية: طابو نظامي. الطابق: خامس. المميزات: إطلالة مفتوحة, شبابيك دبل غلاس, تدفئة مركزية, طاقة شمسية",93400,قدسيا,135,3,2,بيت,كالجديد,"إطلالة مفتوحة, شبابيك دبل غلاس, تدفئة مركزية, طاقة شمسية",2026-01-08,بائع_262,982643754,ماروتا سيتي,طابو نظامي,كهرباء دولة,خامس,33.485789,36.309148,692,اقتصادية,property_images/house_traditional.jpg,property_images/apartment_interior.jpg|property_images/apartment_economy.jpg|property_images/villa_modern.jpg
1430,بيت قديم في قدسيا,"بيت تراثي دمشقي قديم في حي قدسيا - مساحة 115 م² - 3 غرف, 2 حمامات. الحالة: كالجديد. الملكية: بدون أوراق. الطابق: أرضي. المميزات: مصعد, أبواب حديدية, شبابيك دبل غلاس, طاقة شمسية, حارس أمن",45400,قدسيا,115,3,2,بيت قديم,كالجديد,"مصعد, أبواب حديدية, شبابيك دبل غلاس, طاقة شمسية, حارس أمن",2026-03-11,بائع_52,971445264,بيوت شام,بدون أوراق,غير محدد,أرضي,33.486112,36.30619,395,اقتصادية,property_images/house_traditional.jpg,property_images/villa_interior.jpg|property_images/villa_modern.jpg|property_images/bedroom.jpg
1431,بيت في قدسيا,"بيت سكني تقليدي في حي قدسيا - مساحة 96 م² - 2 غرف, 1 حمامات. الحالة: جيد. الملكية: كاتب عدل. الطابق: ثالث. المميزات: مكيف, موقف سيارات, شقة مفروشة, أبواب حديدية",65100,قدسيا,96,2,1,بيت,جيد,"مكيف, موقف سيارات, شقة مفروشة, أبواب حديدية",2026-02-23,بائع_135,935426295,بيوت شام,كاتب عدل,كهرباء دولة,ثالث,33.483466,36.308792,678,اقتصادية,property_images/house_traditional.jpg,property_images/villa_modern.jpg|property_images/apartment_economy.jpg|property_images/townhouse.jpg
1432,مكتب في قدسيا,"مكتب تجاري في حي قدسيا - مساحة 46 م², 1 حمامات. الحالة: جيد. الملكية: طابو أخضر. الطابق: ثاني. المميزات: موقف سيارات, بئر مياه خاص, أبواب حديدية, تدفئة مركزية",23100,قدسيا,46,0,1,مكتب,جيد,"موقف سيارات, بئر مياه خاص, أبواب حديدية, تدفئة مركزية",2026-03-27,بائع_117,971992161,سوق.كوم,طابو أخضر,طاقة شمسية,ثاني,33.480583,36.309539,502,اقتصادية,property_images/apartment_modern.jpg,property_images/duplex_interior.jpg|property_images/apartment_kitchen.jpg|property_images/building_needs_renovation.jpg
1433,شقة في قدسيا,"شقة سكنية في بناء سكني في حي قدسيا - مساحة 124 م² - 3 غرف, 2 حمامات. الحالة: جيد. الملكية: سجل عقاري. الطابق: ملحق. المميزات: إطلالة مفتوحة, موقف سيارات, تدفئة مركزية, شبابيك دبل غلاس, قرب مدرسة, شقة مفروشة",71700,قدسيا,124,3,2,شقة,جيد,"إطلالة مفتوحة, موقف سيارات, تدفئة مركزية, شبابيك دبل غلاس, قرب مدرسة, شقة مفروشة",2026-03-07,بائع_155,964474509,دوشيش,سجل عقاري,كهرباء دولة,ملحق,33.48471,36.310086,578,اقتصادية,property_images/bedroom.jpg,property_images/building_new_construction.jpg|property_images/villa_modern.jpg|property_images/villa_interior.jpg
1434,منزل في قدسيا,"منزل سكني عائلي في حي قدسيا - مساحة 206 م² - 4 غرف, 1 حمامات. الحالة: ممتاز. الملكية: بدون أوراق. الطابق: أرضي. المميزات: مرآب, شارع رئيسي, بئر مياه خاص",95200,قدسيا,206,4,1,منزل,ممتاز,"مرآب, شارع رئيسي, بئر مياه خاص",2026-04-01,بائع_164,991329249,ماروتا سيتي,بدون أوراق,"كهرباء دولة, طاقة شمسية",أرضي,33.483852,36.309438,462,اقتصادية,property_images/townhouse.jpg,property_images/apartment_interior.jpg|property_images/building_new_construction.jpg|property_images/duplex_interior.jpg
1435,منزل في قدسيا,"منزل سكني عائلي في حي قدسيا - مساحة 186 م² - 4 غرف, 3 حمامات. الحالة: جيد. الملكية: كاتب عدل. الطابق: أرضي. المميزات: إنترنت, شبابيك دبل غلاس, بلكونة, مكيف, إطلالة مفتوحة",134200,قدسيا,186,4,3,منزل,جيد,"إنترنت, شبابيك دبل غلاس, بلكونة, مكيف, إطلالة مفتوحة",2025-12-13,بائع_107,934243345,إكار,كاتب عدل,كهرباء دولة,أرضي,33.483744,36.310198,722,اقتصادية,property_images/house_traditional.jpg,property_images/apartment_economy.jpg|property_images/apartment_modern.jpg|property_images/bedroom.jpg
1436,محل تجاري في قدسيا,"محل تجاري أو مكتب في حي قدسيا - مساحة 68 م² - 1 غرف, 1 حمامات. الحالة: ممتاز. الملكية: سجل عقاري. الطابق: أرضي. المميزات: طاقة شمسية, بلكونة, بئر مياه خاص",40200,قدسيا,68,1,1,محل تجاري,ممتاز,"طاقة شمسية, بلكونة, بئر مياه خاص",2026-01-30,بائع_36,974757277,إمتلاك,سجل عقاري,كهرباء دولة,أرضي,33.485041,36.307069,591,اقتصادية,property_images/building_new_construction.jpg,property_images/bedroom.jpg|property_images/apartment_luxury.jpg|property_images/building_new_construction.jpg
1437,شقة في قدسيا,"شقة سكنية في بناء سكني في حي قدسيا - مساحة 58 م² - 1 غرف, 1 حمامات. الحالة: كالجديد. الملكية: سجل عقاري. الطابق: رابع. المميزات: أثاث, بئر مياه خاص, إطلالة مفتوحة, غاز مركزي, أبواب حديدية",44700,قدسيا,58,1,1,شقة,كالجديد,"أثاث, بئر مياه خاص, إطلالة مفتوحة, غاز مركزي, أبواب حديدية",2026-02-06,بائع_294,975671232,بيوت شام,سجل عقاري,كهرباء دولة,رابع,33.484232,36.310405,771,اقتصادية,property_images/apartment_kitchen.jpg,property_images/apartment_interior.jpg|property_images/bedroom.jpg|property_images/building_new_construction.jpg
1438,بيت في قدسيا,"بيت سكني تقليدي في حي قدسيا - مساحة 109 م² - 3 غرف, 1 حمامات. الحالة: يحتاج ترميم. الملكية: سجل عقاري. الطابق: ثاني. المميزات: موقف سيارات, شبابيك دبل غلاس, مصعد, حديقة, قرب مستشفى",31100,قدسيا,109,3,1,بيت,يحتاج ترميم,"موقف سيارات, شبابيك دبل غلاس, مصعد, حديقة, قرب مستشفى",2025-11-16,بائع_49,981691967,إكار,سجل عقاري,طاقة شمسية,ثاني,33.484909,36.307534,285,اقتصادية,property_images/building_needs_renovation.jpg,property_images/townhouse.jpg|property_images/building_new_construction.jpg|property_images/villa_modern.jpg
1439,شقة في قدسيا,"شقة سكنية في بناء سكني في حي قدسيا - مساحة 168 م² - 1 غرف, 1 حمامات. الحالة: مقبول. الملكية: طابو نظامي. الطابق: رابع. المميزات: كهرباء دولة, أبواب حديدية, غاز مركزي, تدفئة مركزية",63800,قدسيا,168,1,1,شقة,مقبول,"كهرباء دولة, أبواب حديدية, غاز مركزي, تدفئة مركزية",2026-01-01,بائع_231,966127085,إمتلاك,طابو نظامي,طاقة شمسية,رابع,33.484608,36.307915,380,اقتصادية,property_images/apartment_luxury.jpg,property_images/apartment_interior.jpg|property_images/building_new_construction.jpg|property_images/house_traditional.jpg
1440,مكتب في قدسيا,"مكتب تجاري في حي قدسيا - مساحة 66 م², 1 حمامات. الحالة: جيد. الملكية: حكم محكمة. الطابق: أول. المميزات: غاز مركزي, بئر مياه خاص, طاقة شمسية, أثاث, مصعد, مكيف",39500,قدسيا,66,0,1,مكتب,جيد,"غاز مركزي, بئر مياه خاص, طاقة شمسية, أثاث, مصعد, مكيف",2026-04-28,بائع_295,979841427,ماروتا سيتي,حكم محكمة,غير محدد,أول,33.483963,36.311706,598,اقتصادية,property_images/apartment_interior.jpg,property_images/bedroom.jpg|property_images/duplex_interior.jpg|property_images/apartment_economy.jpg
1441,شقة في قدسيا,"شقة سكنية في بناء سكني في حي قدسيا - مساحة 121 م² - 4 غرف, 2 حمامات. الحالة: جيد. الملكية: طابو أخضر. الطابق: سادس. المميزات: حارس أمن, إطلالة مفتوحة, غاز مركزي, مرآب, قرب مدرسة",82400,قدسيا,121,4,2,شقة,جيد,"حارس أمن, إطلالة مفتوحة, غاز مركزي, مرآب, قرب مدرسة",2026-02-14,بائع_202,960391383,بيوتنا,طابو أخضر,طاقة شمسية,سادس,33.483037,36.30719,681,اقتصادية,property_images/apartment_luxury.jpg,property_images/house_traditional.jpg|property_images/apartment_economy.jpg|property_images/villa_modern.jpg
1442,بيت عربي في قدسيا,"بيت عربي بقاعة داخلية واسعة في حي قدسيا - مساحة 185 م² - 3 غرف, 1 حمامات. الحالة: يحتاج ترميم. الملكية: طابو أخضر. الطابق: ملحق. المميزات: كهرباء دولة, إطلالة مفتوحة, قرب مستشفى",68900,قدسيا,185,3,1,بيت عربي,يحتاج ترميم,"كهرباء دولة, إطلالة مفتوحة, قرب مستشفى",2026-03-13,بائع_225,984680624,بيوتنا,طابو أخضر,كهرباء دولة,ملحق,33.486253,36.30984,372,اقتصادية,property_images/duplex_interior.jpg,property_images/apartment_street.jpg|property_images/bedroom.jpg|property_images/building_new_construction.jpg
1443,محل تجاري في قدسيا,"محل تجاري أو مكتب في حي قدسيا - مساحة 65 م², 1 حمامات. الحالة: جيد. الملكية: حكم محكمة. الطابق: ثاني. المميزات: شبابيك دبل غلاس, إطلالة مفتوحة, موقف سيارات, حديقة, مكيف",28700,قدسيا,65,0,1,محل تجاري,جيد,"شبابيك دبل غلاس, إطلالة مفتوحة, موقف سيارات, حديقة, مكيف",2026-04-05,بائع_141,967128208,إكار,حكم محكمة,كهرباء دولة,ثاني,33.488777,36.309672,442,اقتصادية,property_images/building_new_construction.jpg,property_images/bedroom.jpg|property_images/building_needs_renovation.jpg|property_images/apartment_kitchen.jpg
1444,شقة في قدسيا,"شقة سكنية في بناء سكني في حي قدسيا - مساحة 144 م² - 1 غرف, 2 حمامات. الحالة: كالجديد. الملكية: كاتب عدل. الطابق: ثاني. المميزات: غاز مركزي, إنترنت, مرآب, بئر مياه خاص",84700,قدسيا,144,1,2,شقة,كالجديد,"غاز مركزي, إنترنت, مرآب, بئر مياه خاص",2026-04-22,بائع_57,979358298,دوشيش,كاتب عدل,غير محدد,ثاني,33.485616,36.307394,588,اقتصادية,property_images/apartment_kitchen.jpg,property_images/apartment_economy.jpg|property_images/villa_modern.jpg|property_images/building_needs_renovation.jpg
1445,بيت قديم في قدسيا,"بيت تراثي دمشقي قديم في حي قدسيا - مساحة 115 م² - 4 غرف, 2 حمامات. الحالة: ممتاز. الملكية: طابو أخضر. الطابق: أول. المميزات: إطلالة مفتوحة, حديقة, إنترنت, بلكونة, قرب مدرسة",54400,قدسيا,115,4,2,بيت قديم,ممتاز,"إطلالة مفتوحة, حديقة, إنترنت, بلكونة, قرب مدرسة",2026-02-27,بائع_48,968737383,سوق.كوم,طابو أخضر,غير محدد,أول,33.485058,36.311396,473,اقتصادية,property_images/building_needs_renovation.jpg,property_images/townhouse.jpg|property_images/building_needs_renovation.jpg|property_images/apartment_kitchen.jpg
1446,شقة في قدسيا,"شقة سكنية في بناء سكني في حي قدسيا - مساحة 76 م² - 3 غرف, 1 حمامات. الحالة: يحتاج ترميم. الملكية: بدون أوراق. الطابق: ثالث. المميزات: حديقة, شارع رئيسي, موقف سيارات",21400,قدسيا,76,3,1,شقة,يحتاج ترميم,"حديقة, شارع رئيسي, موقف سيارات",2026-02-25,بائع_148,962676010,دوشيش,بدون أوراق,غير محدد,ثالث,33.485915,36.314196,282,اقتصادية,property_images/bedroom.jpg,property_images/apartment_economy.jpg|property_images/townhouse.jpg|property_images/house_traditional.jpg
1447,منزل في قدسيا,"منزل سكني عائلي في حي قدسيا - مساحة 153 م² - 3 غرف, 3 حمامات. الحالة: كالجديد. الملكية: بدون أوراق. الطابق: أرضي. المميزات: بئر مياه خاص, أبواب حديدية",91200,قدسيا,153,3,3,منزل,كالجديد,"بئر مياه خاص, أبواب حديدية",2026-02-02,بائع_142,978866734,إمتلاك,بدون أوراق,طاقة شمسية,أرضي,33.484786,36.313884,596,اقتصادية,property_images/townhouse.jpg,property_images/apartment_interior.jpg|property_images/house_traditional.jpg|property_images/villa_interior.jpg
1448,بيت قديم في قدسيا,"بيت تراثي دمشقي قديم في حي قدسيا - مساحة 50 م² - 2 غرف, 1 حمامات. الحالة: ممتاز. الملكية: سجل عقاري. الطابق: أول. المميزات: إنترنت, موقف سيارات, حارس أمن",24900,قدسيا,50,2,1,بيت قديم,ممتاز,"إنترنت, موقف سيارات, حارس أمن",2025-12-22,بائع_265,989718288,ماروتا سيتي,سجل عقاري,غير محدد,أول,33.481749,36.304987,498,اقتصادية,property_images/house_traditional.jpg,property_images/building_needs_renovation.jpg|property_images/apartment_kitchen.jpg|property_images/house_traditional.jpg
1449,شقة في قدسيا,"شقة سكنية في بناء سكني في حي قدسيا - مساحة 130 م² - 1 غرف, 2 حمامات. الحالة: جديد. الملكية: كاتب عدل. الطابق: رابع. المميزات: قرب مستشفى, حديقة",104400,قدسيا,130,1,2,شقة,جديد,"قرب مستشفى, حديقة",2026-01-14,بائع_218,942638792,بيوتنا,كاتب عدل,كهرباء دولة,رابع,33.48443,36.309788,803,اقتصادية,property_images/apartment_interior.jpg,property_images/building_needs_renovation.jpg|property_images/apartment_luxury.jpg|property_images/apartment_street.jpg
1450,شقة في قدسيا,"شقة سكنية في بناء سكني في حي قدسيا - مساحة 220 م² - 1 غرف, 1 حمامات. الحالة: جيد. الملكية: سجل عقاري. الطابق: ثالث. المميزات: قرب مدرسة, أبواب حديدية",121700,قدسيا,220,1,1,شقة,جيد,"قرب مدرسة, أبواب حديدية",2026-04-14,بائع_167,941168076,بيوت شام,سجل عقاري,"كهرباء دولة, طاقة شمسية",ثالث,33.48602,36.308701,553,اقتصادية,property_images/apartment_economy.jpg,property_images/apartment_modern.jpg|property_images/apartment_economy.jpg|property_images/building_needs_renovation.jpg
1451,شقة في قدسيا,"شقة سكنية في بناء سكني في حي قدسيا - مساحة 130 م² - 1 غرف, 1 حمامات. الحالة: جيد. الملكية: سجل عقاري. الطابق: أرضي. المميزات: قرب مدرسة, موقف سيارات, شارع رئيسي, شبابيك دبل غلاس, حارس أمن",72200,قدسيا,130,1,1,شقة,جيد,"قرب مدرسة, موقف سيارات, شارع رئيسي, شبابيك دبل غلاس, حارس أمن",2025-12-22,بائع_164,984415823,بيوتنا,سجل عقاري,غير محدد,أرضي,33.484179,36.313638,555,اقتصادية,property_images/apartment_kitchen.jpg,property_images/apartment_luxury.jpg|property_images/townhouse.jpg|property_images/villa_interior.jpg
1452,شقة في قدسيا,"شقة سكنية في بناء سكني في حي قدسيا - مساحة 161 م² - 1 غرف, 1 حمامات. الحالة: جيد. الملكية: طابو أخضر. الطابق: رابع. المميزات: قرب مستشفى, أثاث, طاقة شمسية, موقف سيارات, إنترنت",101800,قدسيا,161,1,1,شقة,جيد,"قرب مستشفى, أثاث, طاقة شمسية, موقف سيارات, إنترنت",2026-05-02,بائع_207,934155358,بيوتنا,طابو أخضر,كهرباء دولة,رابع,33.480392,36.309278,632,اقتصادية,property_images/apartment_modern.jpg,property_images/villa_interior.jpg|property_images/apartment_economy.jpg|property_images/building_new_construction.jpg
1453,شقة في قدسيا,"شقة سكنية في بناء سكني في حي قدسيا - مساحة 214 م² - 3 غرف, 2 حمامات. الحالة: كالجديد. الملكية: سجل عقاري. الطابق: ثاني. المميزات: حديقة, مكيف",145500,قدسيا,214,3,2,شقة,كالجديد,"حديقة, مكيف",2026-02-20,بائع_79,933523326,دوشيش,سجل عقاري,"كهرباء دولة, طاقة شمسية",ثاني,33.487206,36.312884,680,اقتصادية,property_images/apartment_interior.jpg,property_images/apartment_economy.jpg|property_images/villa_interior.jpg|property_images/bedroom.jpg
1454,منزل في قدسيا,"منزل سكني عائلي في حي قدسيا - مساحة 169 م² - 4 غرف, 3 حمامات. الحالة: كالجديد. الملكية: طابو أخضر. الطابق: أرضي. المميزات: قرب مستشفى, مكيف, مصعد, حارس أمن, غاز مركزي, مرآب",99100,قدسيا,169,4,3,منزل,كالجديد,"قرب مستشفى, مكيف, مصعد, حارس أمن, غاز مركزي, مرآب",2026-03-30,بائع_66,947994310,بيوتنا,طابو أخضر,كهرباء دولة,أرضي,33.480129,36.311368,586,اقتصادية,property_images/townhouse.jpg,property_images/building_needs_renovation.jpg|property_images/building_new_construction.jpg|property_images/duplex_interior.jpg
1455,شقة في قدسيا,"شقة سكنية في بناء سكني في حي قدسيا - مساحة 91 م² - 2 غرف, 1 حمامات. الحالة: جديد. الملكية: طابو نظامي. الطابق: ثاني. المميزات: تدفئة مركزية, إنترنت, غاز مركزي",77300,قدسيا,91,2,1,شقة,جديد,"تدفئة مركزية, إنترنت, غاز مركزي",2025-11-17,بائع_24,939219403,ماروتا سيتي,طابو نظامي,طاقة شمسية,ثاني,33.4825,36.30947,849,اقتصادية,property_images/apartment_kitchen.jpg,property_images/house_traditional.jpg|property_images/duplex_interior.jpg|property_images/apartment_street.jpg
1456,شقة في قدسيا,"شقة سكنية في بناء سكني في حي قدسيا - مساحة 121 م² - 1 غرف, 1 حمامات. الحالة: جيد. الملكية: طابو نظامي. الطابق: ثاني. المميزات: شارع رئيسي, بلكونة, إنترنت",78500,قدسيا,121,1,1,شقة,جيد,"شارع رئيسي, بلكونة, إنترنت",2026-04-06,بائع_110,950355073,إمتلاك,طابو نظامي,كهرباء دولة,ثاني,33.48277,36.312394,649,اقتصادية,property_images/apartment_street.jpg,property_images/house_traditional.jpg|property_images/apartment_modern.jpg|property_images/apartment_street.jpg
1457,بيت في قدسيا,"بيت سكني تقليدي في حي قدسيا - مساحة 92 م² - 3 غرف, 2 حمامات. الحالة: ممتاز. الملكية: كاتب عدل. الطابق: ملحق. المميزات: مكيف, أثاث, بئر مياه خاص, بلكونة",32800,قدسيا,92,3,2,بيت,ممتاز,"مكيف, أثاث, بئر مياه خاص, بلكونة",2026-02-18,بائع_227,984931574,سوق.كوم,كاتب عدل,كهرباء دولة,ملحق,33.484782,36.310069,357,اقتصادية,property_images/building_needs_renovation.jpg,property_images/duplex_interior.jpg|property_images/building_new_construction.jpg|property_images/apartment_luxury.jpg
1458,شقة في قدسيا,"شقة سكنية في بناء سكني في حي قدسيا - مساحة 125 م² - 2 غرف, 2 حمامات. الحالة: جيد. الملكية: سجل عقاري. الطابق: ثالث. المميزات: تدفئة مركزية, قرب مستشفى, إنترنت",94200,قدسيا,125,2,2,شقة,جيد,"تدفئة مركزية, قرب مستشفى, إنترنت",2025-11-15,بائع_243,961390170,إمتلاك,سجل عقاري,كهرباء دولة,ثالث,33.484527,36.309761,754,اقتصادية,property_images/apartment_economy.jpg,property_images/building_needs_renovation.jpg|property_images/apartment_interior.jpg|property_images/apartment_modern.jpg
1459,منزل في قدسيا,"منزل سكني عائلي في حي قدسيا - مساحة 110 م² - 5 غرف, 1 حمامات. الحالة: جيد. الملكية: سجل عقاري. الطابق: أول. المميزات: غاز مركزي, موقف سيارات, حديقة, بلكونة",71700,قدسيا,110,5,1,منزل,جيد,"غاز مركزي, موقف سيارات, حديقة, بلكونة",2026-02-09,بائع_289,938380505,دوشيش,سجل عقاري,غير محدد,أول,33.485369,36.30916,652,اقتصادية,property_images/duplex_interior.jpg,property_images/building_needs_renovation.jpg|property_images/apartment_modern.jpg|property_images/duplex_interior.jpg
1460,بيت عربي في قدسيا,"بيت عربي بقاعة داخلية واسعة في حي قدسيا - مساحة 100 م² - 3 غرف, 3 حمامات. الحالة: ممتاز. الملكية: طابو أخضر. الطابق: أول. المميزات: تدفئة مركزية, إطلالة مفتوحة, مرآب, قرب مستشفى, بئر مياه خاص, حارس أمن",80200,قدسيا,100,3,3,بيت عربي,ممتاز,"تدفئة مركزية, إطلالة مفتوحة, مرآب, قرب مستشفى, بئر مياه خاص, حارس أمن",2026-03-10,بائع_128,981990236,إكار,طابو أخضر,كهرباء دولة,أول,33.482545,36.308817,802,اقتصادية,property_images/house_traditional.jpg,property_images/bedroom.jpg|property_images/villa_modern.jpg|property_images/building_new_construction.jpg
1461,بيت قديم في قدسيا,"بيت تراثي دمشقي قديم في حي قدسيا - مساحة 112 م² - 3 غرف, 2 حمامات. الحالة: كالجديد. الملكية: كاتب عدل. الطابق: أرضي. المميزات: حديقة, طاقة شمسية, شارع رئيسي, أثاث, مرآب",44900,قدسيا,112,3,2,بيت قديم,كالجديد,"حديقة, طاقة شمسية, شارع رئيسي, أثاث, مرآب",2025-12-09,بائع_283,973884269,بيوتنا,كاتب عدل,غير محدد,أرضي,33.482013,36.305752,401,اقتصادية,property_images/house_traditional.jpg,property_images/building_needs_renovation.jpg|property_images/apartment_street.jpg|property_images/apartment_interior.jpg
1462,شقة في قدسيا,"شقة سكنية في بناء سكني في حي قدسيا - مساحة 145 م² - 4 غرف, 2 حمامات. الحالة: كالجديد. الملكية: بدون أوراق. الطابق: ثاني. المميزات: مكيف, بئر مياه خاص, حارس أمن, حديقة, أبواب حديدية, موقف سيارات",71500,قدسيا,145,4,2,شقة,كالجديد,"مكيف, بئر مياه خاص, حارس أمن, حديقة, أبواب حديدية, موقف سيارات",2025-11-08,بائع_215,955881133,إمتلاك,بدون أوراق,غير محدد,ثاني,33.490855,36.308011,493,اقتصادية,property_images/bedroom.jpg,property_images/building_new_construction.jpg|property_images/apartment_street.jpg|property_images/building_needs_renovation.jpg
1463,منزل في قدسيا,"منزل سكني عائلي في حي قدسيا - مساحة 118 م² - 4 غرف, 2 حمامات. الحالة: كالجديد. الملكية: طابو نظامي. الطابق: أرضي. المميزات: حديقة, شقة مفروشة, مرآب, طاقة شمسية, مصعد, قرب مستشفى",74100,قدسيا,118,4,2,منزل,كالجديد,"حديقة, شقة مفروشة, مرآب, طاقة شمسية, مصعد, قرب مستشفى",2026-02-19,بائع_290,990718909,إمتلاك,طابو نظامي,كهرباء دولة,أرضي,33.485486,36.30906,628,اقتصادية,property_images/house_traditional.jpg,property_images/apartment_interior.jpg|property_images/bedroom.jpg|property_images/apartment_modern.jpg
1464,شقة في قدسيا,"شقة سكنية في بناء سكني في حي قدسيا - مساحة 141 م² - 1 غرف, 2 حمامات. الحالة: جيد. الملكية: كاتب عدل. الطابق: ملحق. المميزات: إنترنت, طاقة شمسية",65400,قدسيا,141,1,2,شقة,جيد,"إنترنت, طاقة شمسية",2025-12-25,بائع_101,989192677,سوق.كوم,كاتب عدل,كهرباء دولة,ملحق,33.482237,36.306404,464,اقتصادية,property_images/apartment_luxury.jpg,property_images/bedroom.jpg|property_images/apartment_economy.jpg|property_images/apartment_street.jpg
1465,شقة في قدسيا,"شقة سكنية في بناء سكني في حي قدسيا - مساحة 55 م² - 2 غرف, 2 حمامات. الحالة: جيد. الملكية: طابو نظامي. الطابق: أرضي. المميزات: أبواب حديدية, بلكونة",30100,قدسيا,55,2,2,شقة,جيد,"أبواب حديدية, بلكونة",2025-11-29,بائع_217,991680796,إمتلاك,طابو نظامي,طاقة شمسية,أرضي,33.484398,36.308737,547,اقتصادية,property_images/apartment_modern.jpg,property_images/duplex_interior.jpg|property_images/villa_interior.jpg|property_images/apartment_street.jpg
1466,شقة في قدسيا,"شقة سكنية في بناء سكني في حي قدسيا - مساحة 163 م² - 3 غرف, 1 حمامات. الحالة: مقبول. الملكية: سجل عقاري. الطابق: رابع. المميزات: مكيف, حارس أمن",104100,قدسيا,163,3,1,شقة,مقبول,"مكيف, حارس أمن",2026-02-18,بائع_227,980292878,بيوت شام,سجل عقاري,"كهرباء دولة, طاقة شمسية",رابع,33.48433,36.306412,639,اقتصادية,property_images/bedroom.jpg,property_images/bedroom.jpg|property_images/apartment_luxury.jpg|property_images/apartment_modern.jpg
1467,بيت في قدسيا,"بيت سكني تقليدي في حي قدسيا - مساحة 92 م² - 3 غرف, 1 حمامات. الحالة: مقبول. الملكية: حكم محكمة. الطابق: أول. المميزات: بئر مياه خاص, إنترنت, غاز مركزي, أثاث, قرب مدرسة",34600,قدسيا,92,3,1,بيت,مقبول,"بئر مياه خاص, إنترنت, غاز مركزي, أثاث, قرب مدرسة",2025-12-07,بائع_154,931325686,دوشيش,حكم محكمة,كهرباء دولة,أول,33.483686,36.308605,376,اقتصادية,property_images/house_traditional.jpg,property_images/villa_interior.jpg|property_images/apartment_interior.jpg|property_images/building_new_construction.jpg
1468,محل تجاري في قدسيا,"محل تجاري أو مكتب في حي قدسيا - مساحة 43 م², 1 حمامات. الحالة: ممتاز. الملكية: كاتب عدل. الطابق: ثاني. المميزات: شارع رئيسي, مرآب, غاز مركزي",29500,قدسيا,43,0,1,محل تجاري,ممتاز,"شارع رئيسي, مرآب, غاز مركزي",2025-11-28,بائع_210,987804889,سوق.كوم,كاتب عدل,كهرباء دولة,ثاني,33.483729,36.310417,686,اقتصادية,property_images/building_new_construction.jpg,property_images/house_traditional.jpg|property_images/villa_modern.jpg|property_images/building_needs_renovation.jpg
1469,منزل في قدسيا,"منزل سكني عائلي في حي قدسيا - مساحة 176 م² - 4 غرف, 1 حمامات. الحالة: مقبول. الملكية: طابو نظامي. الطابق: أول. المميزات: حارس أمن, تدفئة مركزية, شارع رئيسي, غاز مركزي, قرب مستشفى, بلكونة",71900,قدسيا,176,4,1,منزل,مقبول,"حارس أمن, تدفئة مركزية, شارع رئيسي, غاز مركزي, قرب مستشفى, بلكونة",2026-04-06,بائع_206,961695262,إكار,طابو نظامي,غير محدد,أول,33.487542,36.30804,409,اقتصادية,property_images/house_traditional.jpg,property_images/duplex_interior.jpg|property_images/apartment_kitchen.jpg|property_images/apartment_economy.jpg
1470,شقة في قدسيا,"شقة سكنية في بناء سكني في حي قدسيا - مساحة 63 م² - 1 غرف, 1 حمامات. الحالة: جيد. الملكية: كاتب عدل. الطابق: ثالث. المميزات: طاقة شمسية, كهرباء دولة, إطلالة مفتوحة",39800,قدسيا,63,1,1,شقة,جيد,"طاقة شمسية, كهرباء دولة, إطلالة مفتوحة",2026-01-02,بائع_106,965659393,ماروتا سيتي,كاتب عدل,كهرباء دولة,ثالث,33.483365,36.310643,632,اقتصادية,property_images/apartment_modern.jpg,property_images/apartment_economy.jpg|property_images/apartment_kitchen.jpg|property_images/apartment_street.jpg
1471,شقة في الميسات,"شقة سكنية في بناء سكني في حي الميسات - مساحة 55 م² - 1 غرف, 1 حمامات. الحالة: جديد. الملكية: حكم محكمة. الطابق: سابع. المميزات: موقف سيارات, مرآب",58800,الميسات,55,1,1,شقة,جديد,"موقف سيارات, مرآب",2026-03-02,بائع_279,941208768,دوشيش,حكم محكمة,طاقة شمسية,سابع,33.491345,36.296999,1069,اقتصادية,property_images/apartment_kitchen.jpg,property_images/villa_modern.jpg|property_images/apartment_street.jpg|property_images/bedroom.jpg
1472,شقة في الميسات,"شقة سكنية في بناء سكني في حي الميسات - مساحة 68 م² - 1 غرف, 1 حمامات. الحالة: ممتاز. الملكية: حكم محكمة. الطابق: أرضي. المميزات: بئر مياه خاص, بلكونة",63200,الميسات,68,1,1,شقة,ممتاز,"بئر مياه خاص, بلكونة",2026-01-19,بائع_214,945523832,إكار,حكم محكمة,كهرباء دولة,أرضي,33.488525,36.298332,929,اقتصادية,property_images/apartment_luxury.jpg,property_images/villa_interior.jpg|property_images/villa_modern.jpg|property_images/apartment_luxury.jpg
1473,مكتب في الميسات,"مكتب تجاري في حي الميسات - مساحة 25 م², 1 حمامات. الحالة: جيد. الملكية: طابو أخضر. الطابق: أرضي. المميزات: بئر مياه خاص, مكيف, حارس أمن",16900,الميسات,25,0,1,مكتب,جيد,"بئر مياه خاص, مكيف, حارس أمن",2026-02-10,بائع_155,963263511,سوق.كوم,طابو أخضر,كهرباء دولة,أرضي,33.489545,36.301431,676,اقتصادية,property_images/apartment_modern.jpg,property_images/villa_interior.jpg|property_images/building_needs_renovation.jpg|property_images/townhouse.jpg
1474,شقة في الميسات,"شقة سكنية في بناء سكني في حي الميسات - مساحة 71 م² - 4 غرف, 1 حمامات. الحالة: كالجديد. الملكية: سجل عقاري. الطابق: أرضي. المميزات: قرب مستشفى, حارس أمن, أثاث, قرب مدرسة, غاز مركزي",38300,الميسات,71,4,1,شقة,كالجديد,"قرب مستشفى, حارس أمن, أثاث, قرب مدرسة, غاز مركزي",2026-04-10,بائع_45,993221641,بيوتنا,سجل عقاري,كهرباء دولة,أرضي,33.490902,36.302013,539,اقتصادية,property_images/apartment_economy.jpg,property_images/building_needs_renovation.jpg|property_images/villa_interior.jpg|property_images/apartment_luxury.jpg
1475,محل تجاري في الميسات,"محل تجاري أو مكتب في حي الميسات - مساحة 30 م² - 1 غرف, 1 حمامات. الحالة: مقبول. الملكية: طابو أخضر. الطابق: أرضي. المميزات: بئر مياه خاص, شبابيك دبل غلاس, مصعد",24000,الميسات,30,1,1,محل تجاري,مقبول,"بئر مياه خاص, شبابيك دبل غلاس, مصعد",2025-11-19,بائع_46,967196485,سوق.كوم,طابو أخضر,غير محدد,أرضي,33.490075,36.302184,800,اقتصادية,property_images/building_new_construction.jpg,property_images/house_traditional.jpg|property_images/apartment_luxury.jpg|property_images/apartment_interior.jpg
1476,شقة في الميسات,"شقة سكنية في بناء سكني في حي الميسات - مساحة 117 م² - 3 غرف, 2 حمامات. الحالة: جيد. الملكية: كاتب عدل. الطابق: سادس. المميزات: أبواب حديدية, موقف سيارات, أثاث",47400,الميسات,117,3,2,شقة,جيد,"أبواب حديدية, موقف سيارات, أثاث",2025-12-31,بائع_195,967549527,بيوتنا,كاتب عدل,كهرباء دولة,سادس,33.489696,36.30212,405,اقتصادية,property_images/apartment_economy.jpg,property_images/building_needs_renovation.jpg|property_images/townhouse.jpg|property_images/building_new_construction.jpg
1477,بيت في الميسات,"بيت سكني تقليدي في حي الميسات - مساحة 83 م² - 1 غرف, 1 حمامات. الحالة: كالجديد. الملكية: كاتب عدل. الطابق: رابع. المميزات: بئر مياه خاص, إطلالة مفتوحة, حارس أمن, غاز مركزي, قرب مستشفى",50200,الميسات,83,1,1,بيت,كالجديد,"بئر مياه خاص, إطلالة مفتوحة, حارس أمن, غاز مركزي, قرب مستشفى",2026-04-05,بائع_179,966150211,سوق.كوم,كاتب عدل,كهرباء دولة,رابع,33.489648,36.294201,605,اقتصادية,property_images/building_needs_renovation.jpg,property_images/apartment_interior.jpg|property_images/duplex_interior.jpg|property_images/apartment_kitchen.jpg
1478,بيت قديم في الميسات,"بيت تراثي دمشقي قديم في حي الميسات - مساحة 158 م² - 3 غرف, 1 حمامات. الحالة: جديد. الملكية: طابو نظامي. الطابق: أول. المميزات: إطلالة مفتوحة, مرآب, بلكونة, غاز مركزي, موقف سيارات",86000,الميسات,158,3,1,بيت قديم,جديد,"إطلالة مفتوحة, مرآب, بلكونة, غاز مركزي, موقف سيارات",2026-02-08,بائع_86,971284025,ماروتا سيتي,طابو نظامي,كهرباء دولة,أول,33.491011,36.299827,544,اقتصادية,property_images/house_traditional.jpg,property_images/apartment_interior.jpg|property_images/apartment_street.jpg|property_images/apartment_modern.jpg
1479,بيت في الميسات,"بيت سكني تقليدي في حي الميسات - مساحة 147 م² - 1 غرف, 1 حمامات. الحالة: جيد. الملكية: كاتب عدل. الطابق: ملحق. المميزات: بئر مياه خاص, أبواب حديدية, موقف سيارات, شبابيك دبل غلاس",85000,الميسات,147,1,1,بيت,جيد,"بئر مياه خاص, أبواب حديدية, موقف سيارات, شبابيك دبل غلاس",2025-12-23,بائع_270,975546608,دوشيش,كاتب عدل,كهرباء دولة,ملحق,33.48953,36.298213,578,اقتصادية,property_images/building_needs_renovation.jpg,property_images/house_traditional.jpg|property_images/apartment_kitchen.jpg|property_images/apartment_economy.jpg
1480,بيت في الميسات,"بيت سكني تقليدي في حي الميسات - مساحة 133 م² - 3 غرف, 1 حمامات. الحالة: جيد. الملكية: بدون أوراق. الطابق: أول. المميزات: مصعد, إنترنت",35700,الميسات,133,3,1,بيت,جيد,"مصعد, إنترنت",2026-02-07,بائع_222,987464766,إمتلاك,بدون أوراق,كهرباء دولة,أول,33.491292,36.297802,268,اقتصادية,property_images/house_traditional.jpg,property_images/apartment_kitchen.jpg|property_images/apartment_modern.jpg|property_images/house_traditional.jpg
1481,مكتب في الميسات,"مكتب تجاري في حي الميسات - مساحة 80 م², 1 حمامات. الحالة: كالجديد. الملكية: سجل عقاري. الطابق: أول. المميزات: بلكونة, شبابيك دبل غلاس, موقف سيارات",69900,الميسات,80,0,1,مكتب,كالجديد,"بلكونة, شبابيك دبل غلاس, موقف سيارات",2025-11-19,بائع_186,981484783,سوق.كوم,سجل عقاري,كهرباء دولة,أول,33.491288,36.300164,874,اقتصادية,property_images/apartment_modern.jpg,property_images/apartment_kitchen.jpg|property_images/apartment_street.jpg|property_images/apartment_modern.jpg
1482,شقة في الميسات,"شقة سكنية في بناء سكني في حي الميسات - مساحة 58 م² - 1 غرف, 1 حمامات. الحالة: مقبول. الملكية: سجل عقاري. الطابق: أرضي. المميزات: شارع رئيسي, كهرباء دولة, حارس أمن, طاقة شمسية",26300,الميسات,58,1,1,شقة,مقبول,"شارع رئيسي, كهرباء دولة, حارس أمن, طاقة شمسية",2025-11-21,بائع_216,953373339,سوق.كوم,سجل عقاري,غير محدد,أرضي,33.491345,36.300333,453,اقتصادية,property_images/apartment_luxury.jpg,property_images/apartment_street.jpg|property_images/apartment_economy.jpg|property_images/house_traditional.jpg
1483,بيت عربي في الميسات,"بيت عربي بقاعة داخلية واسعة في حي الميسات - مساحة 239 م² - 2 غرف, 1 حمامات. الحالة: جيد. الملكية: كاتب عدل. الطابق: أول. المميزات: شارع رئيسي, مرآب",146200,الميسات,239,2,1,بيت عربي,جيد,"شارع رئيسي, مرآب",2026-02-25,بائع_52,992242161,إكار,كاتب عدل,"كهرباء دولة, طاقة شمسية",أول,33.488067,36.298408,612,اقتصادية,property_images/house_traditional.jpg,property_images/apartment_street.jpg|property_images/apartment_modern.jpg|property_images/duplex_interior.jpg
1484,شقة في الميسات,"شقة سكنية في بناء سكني في حي الميسات - مساحة 123 م² - 1 غرف, 1 حمامات. الحالة: جيد. الملكية: طابو أخضر. الطابق: ملحق. المميزات: بلكونة, مكيف, طاقة شمسية, إطلالة مفتوحة",52300,الميسات,123,1,1,شقة,جيد,"بلكونة, مكيف, طاقة شمسية, إطلالة مفتوحة",2026-03-27,بائع_146,931662089,بيوت شام,طابو أخضر,"كهرباء دولة, طاقة شمسية",ملحق,33.493347,36.300883,425,اقتصادية,property_images/apartment_street.jpg,property_images/building_new_construction.jpg|property_images/townhouse.jpg|property_images/villa_interior.jpg
1485,منزل في الميسات,"منزل سكني عائلي في حي الميسات - مساحة 215 م² - 4 غرف, 3 حمامات. الحالة: مقبول. الملكية: سجل عقاري. الطابق: أرضي. المميزات: إطلالة مفتوحة, بئر مياه خاص, تدفئة مركزية, مصعد, كهرباء دولة, موقف سيارات",76900,الميسات,215,4,3,منزل,مقبول,"إطلالة مفتوحة, بئر مياه خاص, تدفئة مركزية, مصعد, كهرباء دولة, موقف سيارات",2026-01-10,بائع_60,959491145,ماروتا سيتي,سجل عقاري,غير محدد,أرضي,33.492489,36.304463,358,اقتصادية,property_images/house_traditional.jpg,property_images/house_traditional.jpg|property_images/duplex_interior.jpg|property_images/villa_interior.jpg
1486,شقة في الميسات,"شقة سكنية في بناء سكني في حي الميسات - مساحة 73 م² - 1 غرف, 2 حمامات. الحالة: كالجديد. الملكية: طابو نظامي. الطابق: ثاني. المميزات: حديقة, شبابيك دبل غلاس, مكيف",68000,الميسات,73,1,2,شقة,كالجديد,"حديقة, شبابيك دبل غلاس, مكيف",2026-04-02,بائع_4,985403319,سوق.كوم,طابو نظامي,غير محدد,ثاني,33.490002,36.296911,932,اقتصادية,property_images/apartment_kitchen.jpg,property_images/villa_modern.jpg|property_images/apartment_luxury.jpg|property_images/duplex_interior.jpg
1487,بيت في الميسات,"بيت سكني تقليدي في حي الميسات - مساحة 124 م² - 2 غرف, 1 حمامات. الحالة: يحتاج ترميم. الملكية: سجل عقاري. الطابق: أول. المميزات: شبابيك دبل غلاس, شقة مفروشة, طاقة شمسية, مصعد, مكيف, قرب مدرسة",55800,الميسات,124,2,1,بيت,يحتاج ترميم,"شبابيك دبل غلاس, شقة مفروشة, طاقة شمسية, مصعد, مكيف, قرب مدرسة",2025-11-27,بائع_148,972354368,بيوت شام,سجل عقاري,"كهرباء دولة, طاقة شمسية",أول,33.488798,36.302332,450,اقتصادية,property_images/building_needs_renovation.jpg,property_images/bedroom.jpg|property_images/house_traditional.jpg|property_images/building_needs_renovation.jpg
1488,شقة في الميسات,"شقة سكنية في بناء سكني في حي الميسات - مساحة 61 م² - 1 غرف, 2 حمامات. الحالة: ممتاز. الملكية: كاتب عدل. الطابق: رابع. المميزات: أبواب حديدية, قرب مدرسة, مرآب, شبابيك دبل غلاس",30200,الميسات,61,1,2,شقة,ممتاز,"أبواب حديدية, قرب مدرسة, مرآب, شبابيك دبل غلاس",2025-12-16,بائع_19,952189131,إمتلاك,كاتب عدل,غير محدد,رابع,33.490273,36.300051,495,اقتصادية,property_images/apartment_interior.jpg,property_images/building_new_construction.jpg|property_images/villa_modern.jpg|property_images/building_needs_renovation.jpg
1489,منزل في الميسات,"منزل سكني عائلي في حي الميسات - مساحة 127 م² - 2 غرف, 2 حمامات. الحالة: جيد. الملكية: حكم محكمة. الطابق: ملحق. المميزات: إنترنت, أبواب حديدية, قرب مدرسة",88100,الميسات,127,2,2,منزل,جيد,"إنترنت, أبواب حديدية, قرب مدرسة",2026-03-08,بائع_238,944800065,بيوتنا,حكم محكمة,طاقة شمسية,ملحق,33.491062,36.301716,694,اقتصادية,property_images/house_traditional.jpg,property_images/apartment_modern.jpg|property_images/bedroom.jpg|property_images/apartment_interior.jpg
1490,شقة في الميسات,"شقة سكنية في بناء سكني في حي الميسات - مساحة 115 م² - 4 غرف, 2 حمامات. الحالة: مقبول. الملكية: حكم محكمة. الطابق: أرضي. المميزات: غاز مركزي, إطلالة مفتوحة, قرب مستشفى",70200,الميسات,115,4,2,شقة,مقبول,"غاز مركزي, إطلالة مفتوحة, قرب مستشفى",2026-02-12,بائع_177,993922343,بيوت شام,حكم محكمة,"كهرباء دولة, طاقة شمسية",أرضي,33.489109,36.304108,610,اقتصادية,property_images/apartment_economy.jpg,property_images/apartment_luxury.jpg|property_images/apartment_economy.jpg|property_images/villa_modern.jpg
1491,بيت في الميسات,"بيت سكني تقليدي في حي الميسات - مساحة 85 م² - 3 غرف, 2 حمامات. الحالة: ممتاز. الملكية: كاتب عدل. الطابق: سادس. المميزات: قرب مستشفى, مصعد, مرآب",71500,الميسات,85,3,2,بيت,ممتاز,"قرب مستشفى, مصعد, مرآب",2026-02-18,بائع_184,949645072,إكار,كاتب عدل,"كهرباء دولة, طاقة شمسية",سادس,33.49007,36.297249,841,اقتصادية,property_images/building_needs_renovation.jpg,property_images/apartment_luxury.jpg|property_images/building_new_construction.jpg|property_images/villa_modern.jpg
1492,بيت عربي في الميسات,"بيت عربي بقاعة داخلية واسعة في حي الميسات - مساحة 248 م² - 2 غرف, 2 حمامات. الحالة: ممتاز. الملكية: سجل عقاري. الطابق: أول. المميزات: مرآب, شبابيك دبل غلاس, طاقة شمسية, قرب مستشفى",160100,الميسات,248,2,2,بيت عربي,ممتاز,"مرآب, شبابيك دبل غلاس, طاقة شمسية, قرب مستشفى",2026-04-24,بائع_43,981433811,بيوتنا,سجل عقاري,غير محدد,أول,33.491702,36.302448,646,اقتصادية,property_images/house_traditional.jpg,property_images/apartment_economy.jpg|property_images/villa_modern.jpg|property_images/duplex_interior.jpg
1493,منزل في الميسات,"منزل سكني عائلي في حي الميسات - مساحة 175 م² - 2 غرف, 2 حمامات. الحالة: جديد. الملكية: طابو نظامي. الطابق: ملحق. المميزات: قرب مدرسة, تدفئة مركزية, مكيف, إنترنت, طاقة شمسية, مصعد",129600,الميسات,175,2,2,منزل,جديد,"قرب مدرسة, تدفئة مركزية, مكيف, إنترنت, طاقة شمسية, مصعد",2026-01-23,بائع_83,980410127,بيوت شام,طابو نظامي,كهرباء دولة,ملحق,33.491951,36.300002,741,اقتصادية,property_images/house_traditional.jpg,property_images/apartment_modern.jpg|property_images/apartment_luxury.jpg|property_images/apartment_street.jpg
1494,شقة في الميسات,"شقة سكنية في بناء سكني في حي الميسات - مساحة 144 م² - 2 غرف, 2 حمامات. الحالة: مقبول. الملكية: سجل عقاري. الطابق: ثاني. المميزات: قرب مدرسة, بئر مياه خاص",50500,الميسات,144,2,2,شقة,مقبول,"قرب مدرسة, بئر مياه خاص",2026-03-02,بائع_90,957416126,إكار,سجل عقاري,"كهرباء دولة, طاقة شمسية",ثاني,33.490894,36.298723,351,اقتصادية,property_images/apartment_interior.jpg,property_images/duplex_interior.jpg|property_images/apartment_modern.jpg|property_images/villa_modern.jpg
1495,شقة في الميسات,"شقة سكنية في بناء سكني في حي الميسات - مساحة 177 م² - 2 غرف, 2 حمامات. الحالة: جديد. الملكية: طابو أخضر. الطابق: ثالث. المميزات: حديقة, شارع رئيسي",175200,الميسات,177,2,2,شقة,جديد,"حديقة, شارع رئيسي",2026-04-08,بائع_168,998454457,بيوت شام,طابو أخضر,غير محدد,ثالث,33.49048,36.300973,990,اقتصادية,property_images/apartment_interior.jpg,property_images/apartment_economy.jpg|property_images/building_needs_renovation.jpg|property_images/townhouse.jpg
1496,منزل في الميسات,"منزل سكني عائلي في حي الميسات - مساحة 115 م² - 2 غرف, 2 حمامات. الحالة: مقبول. الملكية: حكم محكمة. الطابق: أرضي. المميزات: أبواب حديدية, قرب مستشفى, غاز مركزي",78700,الميسات,115,2,2,منزل,مقبول,"أبواب حديدية, قرب مستشفى, غاز مركزي",2026-01-10,بائع_32,960899946,بيوتنا,حكم محكمة,"كهرباء دولة, طاقة شمسية",أرضي,33.493983,36.300786,684,اقتصادية,property_images/townhouse.jpg,property_images/apartment_modern.jpg|property_images/apartment_interior.jpg|property_images/building_needs_renovation.jpg
1497,شقة في الميسات,"شقة سكنية في بناء سكني في حي الميسات - مساحة 175 م² - 3 غرف, 2 حمامات. الحالة: كالجديد. الملكية: كاتب عدل. الطابق: ملحق. المميزات: طاقة شمسية, موقف سيارات, حديقة",119700,الميسات,175,3,2,شقة,كالجديد,"طاقة شمسية, موقف سيارات, حديقة",2026-01-26,بائع_116,935393112,سوق.كوم,كاتب عدل,طاقة شمسية,ملحق,33.488406,36.300082,684,اقتصادية,property_images/apartment_kitchen.jpg,property_images/duplex_interior.jpg|property_images/house_traditional.jpg|property_images/bedroom.jpg
1498,مكتب في الميسات,"مكتب تجاري في حي الميسات - مساحة 63 م², 1 حمامات. الحالة: كالجديد. الملكية: سجل عقاري. الطابق: أول. المميزات: إطلالة مفتوحة, موقف سيارات, شبابيك دبل غلاس, بلكونة, حارس أمن, أبواب حديدية",49200,الميسات,63,0,1,مكتب,كالجديد,"إطلالة مفتوحة, موقف سيارات, شبابيك دبل غلاس, بلكونة, حارس أمن, أبواب حديدية",2026-04-02,بائع_14,968191239,دوشيش,سجل عقاري,غير محدد,أول,33.491076,36.300613,781,اقتصادية,property_images/apartment_interior.jpg,property_images/apartment_modern.jpg|property_images/bedroom.jpg|property_images/villa_interior.jpg
1499,منزل في الميسات,"منزل سكني عائلي في حي الميسات - مساحة 115 م² - 2 غرف, 2 حمامات. الحالة: يحتاج ترميم. الملكية: طابو أخضر. الطابق: أول. المميزات: قرب مستشفى, بلكونة, غاز مركزي",57500,الميسات,115,2,2,منزل,يحتاج ترميم,"قرب مستشفى, بلكونة, غاز مركزي",2026-05-04,بائع_203,958232332,ماروتا سيتي,طابو أخضر,غير محدد,أول,33.491727,36.300343,500,اقتصادية,property_images/house_traditional.jpg,property_images/building_new_construction.jpg|property_images/duplex_interior.jpg|property_images/building_needs_renovation.jpg
1500,شقة في الميسات,"شقة سكنية في بناء سكني في حي الميسات - مساحة 160 م² - 2 غرف, 1 حمامات. الحالة: جديد. الملكية: طابو نظامي. الطابق: ثاني. المميزات: تدفئة مركزية, بئر مياه خاص, قرب مدرسة, إنترنت, مصعد, بلكونة",107400,الميسات,160,2,1,شقة,جديد,"تدفئة مركزية, بئر مياه خاص, قرب مدرسة, إنترنت, مصعد, بلكونة",2025-12-07,بائع_25,943704456,بيوتنا,طابو نظامي,"كهرباء دولة, طاقة شمسية",ثاني,33.490936,36.297659,671,اقتصادية,property_images/apartment_modern.jpg,property_images/apartment_luxury.jpg|property_images/apartment_street.jpg|property_images/apartment_interior.jpg
